ISO-10303-21;
HEADER;
FILE_DESCRIPTION (( 'STEP AP214' ),
    '1' );
FILE_NAME ('摄像头支架2.STEP',
    '2026-07-29T07:28:17',
    ( 'HXX' ),
    ( '' ),
    'SwSTEP 2.0',
    'SolidWorks 2018',
    '' );
FILE_SCHEMA (( 'AUTOMOTIVE_DESIGN' ));
ENDSEC;

DATA;
#1 = DIRECTION ( 'NONE',  ( 0.000000000000000000, 0.000000000000000000, 1.000000000000000000 ) ) ;
#2 = PLANE ( 'NONE',  #701 ) ;
#3 = ADVANCED_FACE ( 'NONE', ( #1271 ), #1352, .T. ) ;
#4 = AXIS2_PLACEMENT_3D ( 'NONE', #719, #116, #119 ) ;
#5 = EDGE_CURVE ( 'NONE', #1326, #1371, #1346, .T. ) ;
#6 = CARTESIAN_POINT ( 'NONE',  ( 119.9999999999997584, 135.0000000000000000, 5.000000000000016875 ) ) ;
#7 = EDGE_CURVE ( 'NONE', #200, #1137, #430, .T. ) ;
#8 = CARTESIAN_POINT ( 'NONE',  ( 32.00000000000001421, 4.000000000000000000, -24.99999999999999645 ) ) ;
#9 = CARTESIAN_POINT ( 'NONE',  ( -24.82666069507763495, 0.000000000000000000, -22.40765060826418775 ) ) ;
#10 = EDGE_CURVE ( 'NONE', #864, #1374, #633, .T. ) ;
#11 = EDGE_LOOP ( 'NONE', ( #1401, #231 ) ) ;
#12 = ORIENTED_EDGE ( 'NONE', *, *, #996, .F. ) ;
#13 = DIRECTION ( 'NONE',  ( 0.000000000000000000, 0.000000000000000000, -1.000000000000000000 ) ) ;
#14 = LINE ( 'NONE', #973, #264 ) ;
#15 = EDGE_LOOP ( 'NONE', ( #716, #735, #335, #1125 ) ) ;
#16 = SURFACE_SIDE_STYLE ('',( #515 ) ) ;
#17 = DIRECTION ( 'NONE',  ( 0.000000000000000000, 1.000000000000000000, 0.000000000000000000 ) ) ;
#18 = DIRECTION ( 'NONE',  ( -1.000000000000000000, 0.000000000000000000, 0.000000000000000000 ) ) ;
#19 = LINE ( 'NONE', #1333, #1139 ) ;
#20 = DIRECTION ( 'NONE',  ( -1.000000000000000000, 0.000000000000000000, 0.000000000000000000 ) ) ;
#21 = VECTOR ( 'NONE', #770, 1000.000000000000000 ) ;
#22 = VECTOR ( 'NONE', #702, 1000.000000000000000 ) ;
#23 = ADVANCED_FACE ( 'NONE', ( #706, #866, #61, #213, #1026, #1384 ), #229, .T. ) ;
#24 = VECTOR ( 'NONE', #510, 1000.000000000000000 ) ;
#25 = CARTESIAN_POINT ( 'NONE',  ( 32.00000000000001421, 0.000000000000000000, -24.99999999999999645 ) ) ;
#26 = FILL_AREA_STYLE ('',( #262 ) ) ;
#27 = DIRECTION ( 'NONE',  ( 0.000000000000000000, 0.000000000000000000, 1.000000000000000000 ) ) ;
#28 = PRODUCT_DEFINITION_SHAPE ( 'NONE', 'NONE',  #464 ) ;
#29 = CARTESIAN_POINT ( 'NONE',  ( -119.9999999999997584, 135.0000000000000000, 5.000000000000016875 ) ) ;
#30 = EDGE_CURVE ( 'NONE', #199, #752, #226, .T. ) ;
#31 = ADVANCED_FACE ( 'NONE', ( #1262 ), #1055, .F. ) ;
#32 = ORIENTED_EDGE ( 'NONE', *, *, #573, .F. ) ;
#33 = ORIENTED_EDGE ( 'NONE', *, *, #238, .T. ) ;
#34 = FACE_OUTER_BOUND ( 'NONE', #123, .T. ) ;
#35 = VERTEX_POINT ( 'NONE', #482 ) ;
#36 = CARTESIAN_POINT ( 'NONE',  ( -119.9999999999997584, 135.0000000000000000, -5.000000000000016875 ) ) ;
#37 = CARTESIAN_POINT ( 'NONE',  ( -28.00000000000000355, 0.000000000000000000, -21.00000000000000355 ) ) ;
#38 = CARTESIAN_POINT ( 'NONE',  ( 125.0000000000002558, 0.000000000000000000, -10.00000000000005151 ) ) ;
#39 = LINE ( 'NONE', #795, #723 ) ;
#40 = ORIENTED_EDGE ( 'NONE', *, *, #1297, .F. ) ;
#41 = VERTEX_POINT ( 'NONE', #1469 ) ;
#42 = PLANE ( 'NONE',  #602 ) ;
#43 = ORIENTED_EDGE ( 'NONE', *, *, #1327, .T. ) ;
#44 = CIRCLE ( 'NONE', #1303, 1.100000000000000311 ) ;
#45 = AXIS2_PLACEMENT_3D ( 'NONE', #748, #1354, #621 ) ;
#46 = DIRECTION ( 'NONE',  ( 0.000000000000000000, 0.000000000000000000, 1.000000000000000000 ) ) ;
#47 = CARTESIAN_POINT ( 'NONE',  ( 125.0000000000002558, 4.000000000000000000, -10.00000000000005151 ) ) ;
#48 = VERTEX_POINT ( 'NONE', #728 ) ;
#49 = ORIENTED_EDGE ( 'NONE', *, *, #1287, .T. ) ;
#50 = DIRECTION ( 'NONE',  ( 0.000000000000000000, 0.000000000000000000, 1.000000000000000000 ) ) ;
#51 = EDGE_CURVE ( 'NONE', #537, #485, #423, .T. ) ;
#52 = ORIENTED_EDGE ( 'NONE', *, *, #1490, .T. ) ;
#53 = DIRECTION ( 'NONE',  ( 1.000000000000000000, 0.000000000000000000, -3.330669073875469621E-16 ) ) ;
#54 = DIRECTION ( 'NONE',  ( 0.000000000000000000, 1.000000000000000000, 0.000000000000000000 ) ) ;
#55 = DIRECTION ( 'NONE',  ( -0.000000000000000000, -1.000000000000000000, -0.000000000000000000 ) ) ;
#56 = CARTESIAN_POINT ( 'NONE',  ( 30.00000000000000355, 0.000000000000000000, 6.000000000000000888 ) ) ;
#57 = DIRECTION ( 'NONE',  ( 0.000000000000000000, 1.000000000000000000, 0.000000000000000000 ) ) ;
#58 = AXIS2_PLACEMENT_3D ( 'NONE', #36, #531, #1216 ) ;
#59 = VECTOR ( 'NONE', #17, 1000.000000000000000 ) ;
#60 = ORIENTED_EDGE ( 'NONE', *, *, #1423, .T. ) ;
#61 = FACE_BOUND ( 'NONE', #962, .T. ) ;
#62 = VECTOR ( 'NONE', #693, 1000.000000000000000 ) ;
#63 = DIRECTION ( 'NONE',  ( 0.000000000000000000, 0.000000000000000000, -1.000000000000000000 ) ) ;
#64 = LINE ( 'NONE', #409, #1568 ) ;
#65 = DIRECTION ( 'NONE',  ( 0.000000000000000000, 0.000000000000000000, -1.000000000000000000 ) ) ;
#66 = CARTESIAN_POINT ( 'NONE',  ( -32.00000000000001421, 0.000000000000000000, -24.99999999999999645 ) ) ;
#67 = DIRECTION ( 'NONE',  ( 1.000000000000000000, 0.000000000000000000, -3.330669073875469621E-16 ) ) ;
#68 = DIRECTION ( 'NONE',  ( 0.000000000000000000, 0.000000000000000000, 1.000000000000000000 ) ) ;
#69 = ORIENTED_EDGE ( 'NONE', *, *, #164, .T. ) ;
#70 = AXIS2_PLACEMENT_3D ( 'NONE', #806, #1041, #1530 ) ;
#71 = ORIENTED_EDGE ( 'NONE', *, *, #957, .T. ) ;
#72 = LINE ( 'NONE', #1100, #741 ) ;
#73 = EDGE_LOOP ( 'NONE', ( #1378, #173, #647, #527 ) ) ;
#74 = DIRECTION ( 'NONE',  ( 1.000000000000000000, 0.000000000000000000, 0.000000000000000000 ) ) ;
#75 = EDGE_CURVE ( 'NONE', #739, #1137, #14, .T. ) ;
#76 = CARTESIAN_POINT ( 'NONE',  ( 24.82666069507763140, 4.000000000000000000, -22.40765060826418775 ) ) ;
#77 = DIRECTION ( 'NONE',  ( 0.000000000000000000, 0.000000000000000000, 1.000000000000000000 ) ) ;
#78 = LINE ( 'NONE', #1414, #560 ) ;
#79 = LINE ( 'NONE', #1244, #1268 ) ;
#80 = FACE_OUTER_BOUND ( 'NONE', #341, .T. ) ;
#81 = DIRECTION ( 'NONE',  ( 0.000000000000000000, 0.000000000000000000, 1.000000000000000000 ) ) ;
#82 = VERTEX_POINT ( 'NONE', #1314 ) ;
#83 = CARTESIAN_POINT ( 'NONE',  ( -30.00000000000000000, 0.000000000000000000, -6.000000000000000888 ) ) ;
#84 = ORIENTED_EDGE ( 'NONE', *, *, #567, .F. ) ;
#85 = ORIENTED_EDGE ( 'NONE', *, *, #646, .T. ) ;
#86 = ORIENTED_EDGE ( 'NONE', *, *, #1180, .T. ) ;
#87 = EDGE_CURVE ( 'NONE', #1480, #1179, #399, .T. ) ;
#88 = DIRECTION ( 'NONE',  ( 0.000000000000000000, 0.000000000000000000, -1.000000000000000000 ) ) ;
#89 = CARTESIAN_POINT ( 'NONE',  ( -28.00000000000000355, 4.000000000000000000, -22.10000000000000497 ) ) ;
#90 = VECTOR ( 'NONE', #268, 1000.000000000000000 ) ;
#91 = PLANE ( 'NONE',  #1007 ) ;
#92 = VECTOR ( 'NONE', #1417, 1000.000000000000000 ) ;
#93 = DIRECTION ( 'NONE',  ( 1.000000000000000000, 0.000000000000000000, 0.000000000000000000 ) ) ;
#94 = CIRCLE ( 'NONE', #972, 1.100000000000000311 ) ;
#95 = VECTOR ( 'NONE', #259, 1000.000000000000000 ) ;
#96 = EDGE_CURVE ( 'NONE', #766, #824, #72, .T. ) ;
#97 = CARTESIAN_POINT ( 'NONE',  ( 119.9999999999997584, 4.000000000000000000, 0.000000000000000000 ) ) ;
#98 = DIRECTION ( 'NONE',  ( -1.000000000000000000, -0.000000000000000000, -0.000000000000000000 ) ) ;
#99 = CARTESIAN_POINT ( 'NONE',  ( 124.9999999999997584, 135.0000000000000000, -6.600000000000013856 ) ) ;
#100 = ORIENTED_EDGE ( 'NONE', *, *, #238, .F. ) ;
#101 = ORIENTED_EDGE ( 'NONE', *, *, #1427, .F. ) ;
#102 = CARTESIAN_POINT ( 'NONE',  ( 119.9999999999997584, 135.0000000000000000, -3.400000000000019451 ) ) ;
#103 = ORIENTED_EDGE ( 'NONE', *, *, #1437, .F. ) ;
#104 = VECTOR ( 'NONE', #387, 1000.000000000000000 ) ;
#105 = CARTESIAN_POINT ( 'NONE',  ( -119.9999999999997584, 0.000000000000000000, 0.000000000000000000 ) ) ;
#106 = CARTESIAN_POINT ( 'NONE',  ( -119.9999999999997584, 4.000000000000000000, 0.000000000000000000 ) ) ;
#107 = EDGE_LOOP ( 'NONE', ( #196, #663, #418, #1383 ) ) ;
#108 = FACE_BOUND ( 'NONE', #11, .T. ) ;
#109 = CARTESIAN_POINT ( 'NONE',  ( -28.00000000000000355, 0.000000000000000000, -19.90000000000000568 ) ) ;
#110 = FACE_OUTER_BOUND ( 'NONE', #174, .T. ) ;
#111 = DIRECTION ( 'NONE',  ( -1.000000000000000000, 0.000000000000000000, -0.000000000000000000 ) ) ;
#112 = ORIENTED_EDGE ( 'NONE', *, *, #1478, .T. ) ;
#113 = LINE ( 'NONE', #420, #331 ) ;
#114 = AXIS2_PLACEMENT_3D ( 'NONE', #1018, #1032, #546 ) ;
#115 = VERTEX_POINT ( 'NONE', #109 ) ;
#116 = DIRECTION ( 'NONE',  ( -1.000000000000000000, -0.000000000000000000, -0.000000000000000000 ) ) ;
#117 = CARTESIAN_POINT ( 'NONE',  ( 124.9999999999997584, 135.0000000000000000, 5.000000000000016875 ) ) ;
#118 = VERTEX_POINT ( 'NONE', #617 ) ;
#119 = DIRECTION ( 'NONE',  ( 0.000000000000000000, 0.000000000000000000, 1.000000000000000000 ) ) ;
#120 = EDGE_LOOP ( 'NONE', ( #1053, #1337 ) ) ;
#121 = FACE_OUTER_BOUND ( 'NONE', #698, .T. ) ;
#122 = DIRECTION ( 'NONE',  ( 0.000000000000000000, 0.000000000000000000, 1.000000000000000000 ) ) ;
#123 = EDGE_LOOP ( 'NONE', ( #300, #1199, #298, #1021, #1459, #586 ) ) ;
#124 = DIRECTION ( 'NONE',  ( 0.000000000000000000, 1.000000000000000000, 0.000000000000000000 ) ) ;
#125 = ORIENTED_EDGE ( 'NONE', *, *, #650, .T. ) ;
#126 = AXIS2_PLACEMENT_3D ( 'NONE', #1274, #900, #170 ) ;
#127 = EDGE_CURVE ( 'NONE', #203, #577, #555, .T. ) ;
#128 = EDGE_CURVE ( 'NONE', #845, #930, #802, .T. ) ;
#129 = DIRECTION ( 'NONE',  ( 0.000000000000000000, 1.000000000000000000, 0.000000000000000000 ) ) ;
#130 = MECHANICAL_DESIGN_GEOMETRIC_PRESENTATION_REPRESENTATION (  '', ( #1470 ), #622 ) ;
#131 = CARTESIAN_POINT ( 'NONE',  ( 119.9999999999997584, 135.0000000000000000, -5.000000000000016875 ) ) ;
#132 = ADVANCED_FACE ( 'NONE', ( #765 ), #1415, .F. ) ;
#133 = LINE ( 'NONE', #144, #428 ) ;
#134 = ORIENTED_EDGE ( 'NONE', *, *, #1387, .F. ) ;
#135 = VERTEX_POINT ( 'NONE', #856 ) ;
#136 = ORIENTED_EDGE ( 'NONE', *, *, #96, .T. ) ;
#137 = CARTESIAN_POINT ( 'NONE',  ( 125.0000000000002274, 4.000000000000000000, 9.999999999999966249 ) ) ;
#138 = FACE_OUTER_BOUND ( 'NONE', #263, .T. ) ;
#139 = CARTESIAN_POINT ( 'NONE',  ( -24.82666069507763495, 4.000000000000000000, -6.000000000000000888 ) ) ;
#140 = LINE ( 'NONE', #1253, #433 ) ;
#141 = LINE ( 'NONE', #1455, #1004 ) ;
#142 = ADVANCED_FACE ( 'NONE', ( #599 ), #1192, .F. ) ;
#143 = DIRECTION ( 'NONE',  ( 0.000000000000000000, 1.000000000000000000, 0.000000000000000000 ) ) ;
#144 = CARTESIAN_POINT ( 'NONE',  ( -30.00000000000000000, 0.000000000000000000, 6.000000000000000888 ) ) ;
#145 = ORIENTED_EDGE ( 'NONE', *, *, #946, .F. ) ;
#146 = ORIENTED_EDGE ( 'NONE', *, *, #1317, .T. ) ;
#147 = CIRCLE ( 'NONE', #1576, 1.599999999999997202 ) ;
#148 = VECTOR ( 'NONE', #241, 1000.000000000000000 ) ;
#149 = EDGE_LOOP ( 'NONE', ( #458, #1565, #1200, #592 ) ) ;
#150 =( LENGTH_UNIT ( ) NAMED_UNIT ( * ) SI_UNIT ( .MILLI., .METRE. ) );
#151 = PLANE ( 'NONE',  #1052 ) ;
#152 = ADVANCED_FACE ( 'NONE', ( #453 ), #1031, .F. ) ;
#153 = CARTESIAN_POINT ( 'NONE',  ( -28.00000000000000355, 0.000000000000000000, -22.10000000000000497 ) ) ;
#154 = EDGE_CURVE ( 'NONE', #1381, #455, #332, .T. ) ;
#155 = PLANE ( 'NONE',  #45 ) ;
#156 = DIRECTION ( 'NONE',  ( 0.000000000000000000, 1.000000000000000000, 0.000000000000000000 ) ) ;
#157 = LINE ( 'NONE', #1438, #886 ) ;
#158 = LINE ( 'NONE', #1266, #1409 ) ;
#159 = ORIENTED_EDGE ( 'NONE', *, *, #507, .T. ) ;
#160 = FACE_OUTER_BOUND ( 'NONE', #1075, .T. ) ;
#161 = DIRECTION ( 'NONE',  ( -1.387778780781444689E-15, 0.000000000000000000, 1.000000000000000000 ) ) ;
#162 = ADVANCED_FACE ( 'NONE', ( #434 ), #155, .T. ) ;
#163 = CARTESIAN_POINT ( 'NONE',  ( -30.00000000000000000, 0.000000000000000000, -6.000000000000000888 ) ) ;
#164 = EDGE_CURVE ( 'NONE', #803, #965, #1351, .T. ) ;
#165 = EDGE_CURVE ( 'NONE', #1095, #200, #1066, .T. ) ;
#166 = EDGE_LOOP ( 'NONE', ( #858, #125, #848, #84, #69, #288 ) ) ;
#167 = ORIENTED_EDGE ( 'NONE', *, *, #212, .T. ) ;
#168 = VERTEX_POINT ( 'NONE', #880 ) ;
#169 = ORIENTED_EDGE ( 'NONE', *, *, #996, .T. ) ;
#170 = DIRECTION ( 'NONE',  ( 0.000000000000000000, 0.000000000000000000, 1.000000000000000000 ) ) ;
#171 = DIRECTION ( 'NONE',  ( 0.000000000000000000, 0.000000000000000000, -1.000000000000000000 ) ) ;
#172 = CARTESIAN_POINT ( 'NONE',  ( 27.99999999999999645, 0.000000000000000000, -19.90000000000000568 ) ) ;
#173 = ORIENTED_EDGE ( 'NONE', *, *, #1434, .F. ) ;
#174 = EDGE_LOOP ( 'NONE', ( #475, #292, #1174, #800 ) ) ;
#175 = FACE_OUTER_BOUND ( 'NONE', #1412, .T. ) ;
#176 = ORIENTED_EDGE ( 'NONE', *, *, #201, .F. ) ;
#177 = ORIENTED_EDGE ( 'NONE', *, *, #154, .F. ) ;
#178 = FACE_BOUND ( 'NONE', #1461, .T. ) ;
#179 = DIRECTION ( 'NONE',  ( 0.000000000000000000, 0.000000000000000000, 1.000000000000000000 ) ) ;
#180 = ORIENTED_EDGE ( 'NONE', *, *, #1550, .F. ) ;
#181 = PLANE ( 'NONE',  #928 ) ;
#182 = DIRECTION ( 'NONE',  ( -0.000000000000000000, -0.000000000000000000, 1.000000000000000000 ) ) ;
#183 = ORIENTED_EDGE ( 'NONE', *, *, #1317, .F. ) ;
#184 = DIRECTION ( 'NONE',  ( 0.000000000000000000, 1.000000000000000000, 0.000000000000000000 ) ) ;
#185 = EDGE_CURVE ( 'NONE', #1162, #816, #869, .T. ) ;
#186 = ORIENTED_EDGE ( 'NONE', *, *, #812, .T. ) ;
#187 = CIRCLE ( 'NONE', #383, 1.100000000000000311 ) ;
#188 = ORIENTED_EDGE ( 'NONE', *, *, #547, .F. ) ;
#189 = CYLINDRICAL_SURFACE ( 'NONE', #1149, 1.100000000000000311 ) ;
#190 = DIRECTION ( 'NONE',  ( -4.625929269271488872E-16, -0.000000000000000000, 1.000000000000000000 ) ) ;
#191 = DIRECTION ( 'NONE',  ( 0.000000000000000000, 0.000000000000000000, -1.000000000000000000 ) ) ;
#192 = ORIENTED_EDGE ( 'NONE', *, *, #872, .F. ) ;
#193 = CARTESIAN_POINT ( 'NONE',  ( 124.9999999999997584, 140.0000000000000000, -9.999999999999969802 ) ) ;
#194 = EDGE_CURVE ( 'NONE', #1001, #261, #147, .T. ) ;
#195 = LINE ( 'NONE', #232, #1290 ) ;
#196 = ORIENTED_EDGE ( 'NONE', *, *, #1020, .T. ) ;
#197 = CARTESIAN_POINT ( 'NONE',  ( -24.82666069507763495, 0.000000000000000000, 22.40765060826418065 ) ) ;
#198 = CYLINDRICAL_SURFACE ( 'NONE', #870, 1.100000000000000311 ) ;
#199 = VERTEX_POINT ( 'NONE', #139 ) ;
#200 = VERTEX_POINT ( 'NONE', #986 ) ;
#201 = EDGE_CURVE ( 'NONE', #485, #537, #187, .T. ) ;
#202 = ORIENTED_EDGE ( 'NONE', *, *, #463, .F. ) ;
#203 = VERTEX_POINT ( 'NONE', #1237 ) ;
#204 = PRODUCT ( '摄像头支架2', '摄像头支架2', '', ( #1549 ) ) ;
#205 = MANIFOLD_SOLID_BREP ( '切除-拉伸1', #397 ) ;
#206 = EDGE_LOOP ( 'NONE', ( #983, #513, #623, #242 ) ) ;
#207 = APPLICATION_CONTEXT ( 'automotive_design' ) ;
#208 = AXIS2_PLACEMENT_3D ( 'NONE', #316, #65, #955 ) ;
#209 = DIRECTION ( 'NONE',  ( 1.000000000000000000, -0.000000000000000000, 0.000000000000000000 ) ) ;
#210 = ORIENTED_EDGE ( 'NONE', *, *, #1360, .T. ) ;
#211 = FACE_OUTER_BOUND ( 'NONE', #638, .T. ) ;
#212 = EDGE_CURVE ( 'NONE', #376, #237, #595, .T. ) ;
#213 = FACE_BOUND ( 'NONE', #1358, .T. ) ;
#214 = LINE ( 'NONE', #804, #92 ) ;
#215 = ORIENTED_EDGE ( 'NONE', *, *, #493, .F. ) ;
#216 = DIRECTION ( 'NONE',  ( -0.000000000000000000, 1.000000000000000000, -0.000000000000000000 ) ) ;
#217 = DIRECTION ( 'NONE',  ( 0.000000000000000000, 0.000000000000000000, 1.000000000000000000 ) ) ;
#218 = DIRECTION ( 'NONE',  ( 3.330669073875469621E-16, -0.000000000000000000, 1.000000000000000000 ) ) ;
#219 = LINE ( 'NONE', #1505, #1476 ) ;
#220 = ORIENTED_EDGE ( 'NONE', *, *, #154, .T. ) ;
#221 = CARTESIAN_POINT ( 'NONE',  ( -28.00000000000000000, 4.000000000000000000, 20.99999999999999645 ) ) ;
#222 = CARTESIAN_POINT ( 'NONE',  ( 32.00000000000001421, 4.000000000000000000, 9.999999999999987566 ) ) ;
#223 = ORIENTED_EDGE ( 'NONE', *, *, #1462, .T. ) ;
#224 = EDGE_CURVE ( 'NONE', #896, #1385, #920, .T. ) ;
#225 = CARTESIAN_POINT ( 'NONE',  ( 27.99999999999999645, 4.000000000000000000, -21.00000000000000355 ) ) ;
#226 = LINE ( 'NONE', #477, #914 ) ;
#227 = EDGE_CURVE ( 'NONE', #1541, #539, #303, .T. ) ;
#228 = ORIENTED_EDGE ( 'NONE', *, *, #1024, .F. ) ;
#229 = PLANE ( 'NONE',  #1000 ) ;
#230 = LINE ( 'NONE', #1341, #523 ) ;
#231 = ORIENTED_EDGE ( 'NONE', *, *, #820, .T. ) ;
#232 = CARTESIAN_POINT ( 'NONE',  ( -28.00000000000000000, 0.000000000000000000, 19.89999999999999858 ) ) ;
#233 = LINE ( 'NONE', #1422, #62 ) ;
#234 = SURFACE_STYLE_FILL_AREA ( #1433 ) ;
#235 = VECTOR ( 'NONE', #1060, 1000.000000000000000 ) ;
#236 = EDGE_CURVE ( 'NONE', #135, #1541, #1484, .T. ) ;
#237 = VERTEX_POINT ( 'NONE', #1495 ) ;
#238 = EDGE_CURVE ( 'NONE', #118, #82, #219, .T. ) ;
#239 = CARTESIAN_POINT ( 'NONE',  ( -32.00000000000002132, 0.000000000000000000, 24.99999999999997868 ) ) ;
#240 = DIRECTION ( 'NONE',  ( 0.000000000000000000, 0.000000000000000000, 1.000000000000000000 ) ) ;
#241 = DIRECTION ( 'NONE',  ( -0.000000000000000000, -0.000000000000000000, -1.000000000000000000 ) ) ;
#242 = ORIENTED_EDGE ( 'NONE', *, *, #1571, .T. ) ;
#243 = ORIENTED_EDGE ( 'NONE', *, *, #164, .F. ) ;
#244 = LINE ( 'NONE', #904, #933 ) ;
#245 = ORIENTED_EDGE ( 'NONE', *, *, #403, .F. ) ;
#246 = CARTESIAN_POINT ( 'NONE',  ( -24.82666069507763495, 4.000000000000000000, -22.40765060826418775 ) ) ;
#247 = EDGE_CURVE ( 'NONE', #605, #115, #549, .T. ) ;
#248 = CARTESIAN_POINT ( 'NONE',  ( -28.00000000000000000, 0.000000000000000000, 20.99999999999999645 ) ) ;
#249 = AXIS2_PLACEMENT_3D ( 'NONE', #1497, #997, #27 ) ;
#250 = PLANE ( 'NONE',  #801 ) ;
#251 = ADVANCED_FACE ( 'NONE', ( #1034 ), #1527, .T. ) ;
#252 = ORIENTED_EDGE ( 'NONE', *, *, #30, .T. ) ;
#253 = VECTOR ( 'NONE', #852, 1000.000000000000000 ) ;
#254 = CARTESIAN_POINT ( 'NONE',  ( 32.00000000000002132, 0.000000000000000000, 24.99999999999997868 ) ) ;
#255 = ORIENTED_EDGE ( 'NONE', *, *, #212, .F. ) ;
#256 = VECTOR ( 'NONE', #815, 1000.000000000000000 ) ;
#257 = CARTESIAN_POINT ( 'NONE',  ( -119.9999999999997584, 140.0000000000000000, -9.999999999999969802 ) ) ;
#258 = EDGE_CURVE ( 'NONE', #441, #1443, #1522, .T. ) ;
#259 = DIRECTION ( 'NONE',  ( -0.000000000000000000, -1.000000000000000000, -0.000000000000000000 ) ) ;
#260 = DIRECTION ( 'NONE',  ( 0.000000000000000000, 0.000000000000000000, 1.000000000000000000 ) ) ;
#261 = VERTEX_POINT ( 'NONE', #1144 ) ;
#262 = FILL_AREA_STYLE_COLOUR ( '', #1361 ) ;
#263 = EDGE_LOOP ( 'NONE', ( #183, #963, #582, #1243 ) ) ;
#264 = VECTOR ( 'NONE', #1584, 1000.000000000000000 ) ;
#265 = ORIENTED_EDGE ( 'NONE', *, *, #580, .T. ) ;
#266 = CARTESIAN_POINT ( 'NONE',  ( -124.9999999999997584, 135.0000000000000000, -5.000000000000016875 ) ) ;
#267 = EDGE_CURVE ( 'NONE', #346, #896, #244, .T. ) ;
#268 = DIRECTION ( 'NONE',  ( 0.000000000000000000, 0.000000000000000000, 1.000000000000000000 ) ) ;
#269 = ORIENTED_EDGE ( 'NONE', *, *, #486, .T. ) ;
#270 = FACE_OUTER_BOUND ( 'NONE', #107, .T. ) ;
#271 = CIRCLE ( 'NONE', #495, 1.100000000000000311 ) ;
#272 = DIRECTION ( 'NONE',  ( 0.000000000000000000, 0.000000000000000000, 1.000000000000000000 ) ) ;
#273 = FACE_OUTER_BOUND ( 'NONE', #1370, .T. ) ;
#274 = ADVANCED_FACE ( 'NONE', ( #1367 ), #419, .F. ) ;
#275 = VERTEX_POINT ( 'NONE', #668 ) ;
#276 = CARTESIAN_POINT ( 'NONE',  ( 24.82666069507763495, 4.000000000000000000, 6.000000000000000888 ) ) ;
#277 = FACE_OUTER_BOUND ( 'NONE', #542, .T. ) ;
#278 = CARTESIAN_POINT ( 'NONE',  ( 32.00000000000001421, 0.000000000000000000, -24.99999999999999645 ) ) ;
#279 = PRESENTATION_LAYER_ASSIGNMENT (  '', '', ( #1470 ) ) ;
#280 = DIRECTION ( 'NONE',  ( -1.000000000000000000, -0.000000000000000000, -0.000000000000000000 ) ) ;
#281 = CARTESIAN_POINT ( 'NONE',  ( -28.00000000000000355, 0.000000000000000000, -19.90000000000000568 ) ) ;
#282 = ADVANCED_FACE ( 'NONE', ( #121 ), #664, .F. ) ;
#283 = ORIENTED_EDGE ( 'NONE', *, *, #128, .F. ) ;
#284 = ORIENTED_EDGE ( 'NONE', *, *, #415, .F. ) ;
#285 = CARTESIAN_POINT ( 'NONE',  ( 32.00000000000001421, 4.000000000000000000, -24.99999999999999645 ) ) ;
#286 = ORIENTED_EDGE ( 'NONE', *, *, #1515, .F. ) ;
#287 = CARTESIAN_POINT ( 'NONE',  ( 24.82666069507763140, 0.000000000000000000, -22.40765060826418775 ) ) ;
#288 = ORIENTED_EDGE ( 'NONE', *, *, #557, .F. ) ;
#289 = CARTESIAN_POINT ( 'NONE',  ( -28.00000000000000355, 4.000000000000000000, -19.90000000000000568 ) ) ;
#290 = CYLINDRICAL_SURFACE ( 'NONE', #1118, 1.100000000000000311 ) ;
#291 = PLANE ( 'NONE',  #1298 ) ;
#292 = ORIENTED_EDGE ( 'NONE', *, *, #518, .T. ) ;
#293 = VECTOR ( 'NONE', #608, 1000.000000000000000 ) ;
#294 = VECTOR ( 'NONE', #1087, 1000.000000000000000 ) ;
#295 = AXIS2_PLACEMENT_3D ( 'NONE', #438, #840, #1533 ) ;
#296 = EDGE_CURVE ( 'NONE', #346, #1474, #1260, .T. ) ;
#297 = DIRECTION ( 'NONE',  ( -1.000000000000000000, 0.000000000000000000, 0.000000000000000000 ) ) ;
#298 = ORIENTED_EDGE ( 'NONE', *, *, #267, .F. ) ;
#299 = AXIS2_PLACEMENT_3D ( 'NONE', #598, #1203, #122 ) ;
#300 = ORIENTED_EDGE ( 'NONE', *, *, #437, .F. ) ;
#301 = ORIENTED_EDGE ( 'NONE', *, *, #591, .T. ) ;
#302 = DIRECTION ( 'NONE',  ( 0.000000000000000000, 1.000000000000000000, 0.000000000000000000 ) ) ;
#303 = LINE ( 'NONE', #530, #104 ) ;
#304 = DIRECTION ( 'NONE',  ( 1.000000000000000000, 0.000000000000000000, -4.625929269271489858E-16 ) ) ;
#305 = CARTESIAN_POINT ( 'NONE',  ( 27.99999999999999645, 0.000000000000000000, -21.00000000000000355 ) ) ;
#306 = ORIENTED_EDGE ( 'NONE', *, *, #1468, .F. ) ;
#307 = CARTESIAN_POINT ( 'NONE',  ( 27.99999999999999645, 0.000000000000000000, -21.00000000000000355 ) ) ;
#308 = VECTOR ( 'NONE', #1323, 1000.000000000000000 ) ;
#309 = ORIENTED_EDGE ( 'NONE', *, *, #1481, .F. ) ;
#310 = CARTESIAN_POINT ( 'NONE',  ( 24.82666069507763140, 4.000000000000000000, 6.000000000000001776 ) ) ;
#311 = EDGE_LOOP ( 'NONE', ( #1340, #186, #85, #614 ) ) ;
#312 = FACE_OUTER_BOUND ( 'NONE', #1507, .T. ) ;
#313 = VECTOR ( 'NONE', #1491, 1000.000000000000000 ) ;
#314 = CARTESIAN_POINT ( 'NONE',  ( -24.82666069507763495, 0.000000000000000000, -22.40765060826418775 ) ) ;
#315 = AXIS2_PLACEMENT_3D ( 'NONE', #29, #1223, #888 ) ;
#316 = CARTESIAN_POINT ( 'NONE',  ( 32.00000000000001421, 0.000000000000000000, -24.99999999999999645 ) ) ;
#317 = EDGE_CURVE ( 'NONE', #789, #440, #982, .T. ) ;
#318 = ORIENTED_EDGE ( 'NONE', *, *, #1327, .F. ) ;
#319 = EDGE_CURVE ( 'NONE', #824, #659, #1482, .T. ) ;
#320 = VERTEX_POINT ( 'NONE', #349 ) ;
#321 = DIRECTION ( 'NONE',  ( -1.000000000000000000, 0.000000000000000000, 0.000000000000000000 ) ) ;
#322 = ADVANCED_FACE ( 'NONE', ( #1529 ), #189, .F. ) ;
#323 = EDGE_LOOP ( 'NONE', ( #112, #1164, #588, #1013 ) ) ;
#324 = STYLED_ITEM ( 'NONE', ( #1076 ), #205 ) ;
#325 = EDGE_LOOP ( 'NONE', ( #1131, #1072, #501, #245 ) ) ;
#326 = CARTESIAN_POINT ( 'NONE',  ( 119.9999999999997584, 135.0000000000000000, -5.000000000000016875 ) ) ;
#327 = PRESENTATION_STYLE_ASSIGNMENT (( #459 ) ) ;
#328 = LINE ( 'NONE', #831, #308 ) ;
#329 = AXIS2_PLACEMENT_3D ( 'NONE', #1562, #939, #488 ) ;
#330 = PLANE ( 'NONE',  #942 ) ;
#331 = VECTOR ( 'NONE', #55, 1000.000000000000000 ) ;
#332 = LINE ( 'NONE', #1342, #830 ) ;
#333 = ORIENTED_EDGE ( 'NONE', *, *, #51, .T. ) ;
#334 = ORIENTED_EDGE ( 'NONE', *, *, #1051, .T. ) ;
#335 = ORIENTED_EDGE ( 'NONE', *, *, #415, .T. ) ;
#336 = CARTESIAN_POINT ( 'NONE',  ( 32.00000000000002132, 4.000000000000000000, 24.99999999999997868 ) ) ;
#337 = DIRECTION ( 'NONE',  ( 1.000000000000000000, 0.000000000000000000, 0.000000000000000000 ) ) ;
#338 = CARTESIAN_POINT ( 'NONE',  ( -30.00000000000000000, 4.000000000000000000, 6.000000000000000888 ) ) ;
#339 = DIRECTION ( 'NONE',  ( -1.000000000000000000, 0.000000000000000000, 0.000000000000000000 ) ) ;
#340 = VECTOR ( 'NONE', #156, 1000.000000000000000 ) ;
#341 = EDGE_LOOP ( 'NONE', ( #176, #1017, #504, #284 ) ) ;
#342 = EDGE_CURVE ( 'NONE', #421, #1474, #718, .T. ) ;
#343 = ORIENTED_EDGE ( 'NONE', *, *, #1117, .T. ) ;
#344 = VECTOR ( 'NONE', #74, 1000.000000000000000 ) ;
#345 = DIRECTION ( 'NONE',  ( 0.000000000000000000, 0.000000000000000000, -1.000000000000000000 ) ) ;
#346 = VERTEX_POINT ( 'NONE', #558 ) ;
#347 = LINE ( 'NONE', #1091, #1451 ) ;
#348 = EDGE_CURVE ( 'NONE', #925, #803, #356, .T. ) ;
#349 = CARTESIAN_POINT ( 'NONE',  ( 28.00000000000000000, 0.000000000000000000, 22.09999999999999787 ) ) ;
#350 = DIRECTION ( 'NONE',  ( 1.000000000000000000, 0.000000000000000000, 0.000000000000000000 ) ) ;
#351 = UNCERTAINTY_MEASURE_WITH_UNIT (LENGTH_MEASURE( 1.000000000000000082E-05 ), #1291, 'distance_accuracy_value', 'NONE');
#352 = DIRECTION ( 'NONE',  ( -4.625929269271488872E-16, -0.000000000000000000, 1.000000000000000000 ) ) ;
#353 = ORIENTED_EDGE ( 'NONE', *, *, #738, .F. ) ;
#354 = CARTESIAN_POINT ( 'NONE',  ( -32.00000000000001421, 0.000000000000000000, -10.00000000000000533 ) ) ;
#355 = ORIENTED_EDGE ( 'NONE', *, *, #1408, .T. ) ;
#356 = LINE ( 'NONE', #1038, #1240 ) ;
#357 = CARTESIAN_POINT ( 'NONE',  ( 119.9999999999997584, 135.0000000000000000, -5.000000000000016875 ) ) ;
#358 = DIRECTION ( 'NONE',  ( 1.000000000000000000, -0.000000000000000000, -2.775557561562891351E-16 ) ) ;
#359 = EDGE_LOOP ( 'NONE', ( #400, #202, #220, #1169 ) ) ;
#360 = CARTESIAN_POINT ( 'NONE',  ( -119.9999999999997584, 135.0000000000000000, -5.000000000000016875 ) ) ;
#361 = DIRECTION ( 'NONE',  ( 0.000000000000000000, 0.000000000000000000, 1.000000000000000000 ) ) ;
#362 = CIRCLE ( 'NONE', #1035, 1.599999999999997202 ) ;
#363 = EDGE_LOOP ( 'NONE', ( #283, #839, #1587, #180 ) ) ;
#364 = ORIENTED_EDGE ( 'NONE', *, *, #700, .F. ) ;
#365 = AXIS2_PLACEMENT_3D ( 'NONE', #137, #755, #984 ) ;
#366 = VECTOR ( 'NONE', #1380, 1000.000000000000000 ) ;
#367 = VERTEX_POINT ( 'NONE', #1313 ) ;
#368 = DIRECTION ( 'NONE',  ( 0.000000000000000000, 1.000000000000000000, 0.000000000000000000 ) ) ;
#369 = CIRCLE ( 'NONE', #126, 1.599999999999997202 ) ;
#370 = ADVANCED_FACE ( 'NONE', ( #1382 ), #1276, .F. ) ;
#371 = ORIENTED_EDGE ( 'NONE', *, *, #650, .F. ) ;
#372 = DIRECTION ( 'NONE',  ( 0.000000000000000000, 1.000000000000000000, 0.000000000000000000 ) ) ;
#373 = CARTESIAN_POINT ( 'NONE',  ( -28.00000000000000000, 4.000000000000000000, 20.99999999999999645 ) ) ;
#374 = DIRECTION ( 'NONE',  ( 0.000000000000000000, 0.000000000000000000, 1.000000000000000000 ) ) ;
#375 = VERTEX_POINT ( 'NONE', #596 ) ;
#376 = VERTEX_POINT ( 'NONE', #310 ) ;
#377 = ORIENTED_EDGE ( 'NONE', *, *, #507, .F. ) ;
#378 = DIRECTION ( 'NONE',  ( 0.000000000000000000, 1.000000000000000000, 0.000000000000000000 ) ) ;
#379 = ORIENTED_EDGE ( 'NONE', *, *, #319, .F. ) ;
#380 = EDGE_CURVE ( 'NONE', #714, #421, #1217, .T. ) ;
#381 = DIRECTION ( 'NONE',  ( 0.000000000000000000, 0.000000000000000000, 1.000000000000000000 ) ) ;
#382 = AXIS2_PLACEMENT_3D ( 'NONE', #1553, #217, #704 ) ;
#383 = AXIS2_PLACEMENT_3D ( 'NONE', #1213, #884, #1234 ) ;
#384 = DIRECTION ( 'NONE',  ( 1.000000000000000000, 0.000000000000000000, 0.000000000000000000 ) ) ;
#385 = ADVANCED_FACE ( 'NONE', ( #860 ), #1403, .T. ) ;
#386 = LINE ( 'NONE', #980, #59 ) ;
#387 = DIRECTION ( 'NONE',  ( -0.000000000000000000, -1.000000000000000000, -0.000000000000000000 ) ) ;
#388 = CARTESIAN_POINT ( 'NONE',  ( -119.9999999999997584, 135.0000000000000000, -3.400000000000019451 ) ) ;
#389 = ORIENTED_EDGE ( 'NONE', *, *, #247, .F. ) ;
#390 = FACE_OUTER_BOUND ( 'NONE', #1363, .T. ) ;
#391 = VERTEX_POINT ( 'NONE', #916 ) ;
#392 = LINE ( 'NONE', #1101, #1123 ) ;
#393 = DIRECTION ( 'NONE',  ( 1.000000000000000000, 0.000000000000000000, -0.000000000000000000 ) ) ;
#394 = ADVANCED_FACE ( 'NONE', ( #34 ), #1033, .F. ) ;
#395 = DIRECTION ( 'NONE',  ( -1.000000000000000000, 0.000000000000000000, 0.000000000000000000 ) ) ;
#396 = ORIENTED_EDGE ( 'NONE', *, *, #1135, .F. ) ;
#397 = CLOSED_SHELL ( 'NONE', ( #142, #516, #1485, #152, #274, #31, #521, #985, #1575, #162, #394, #402, #1002, #23, #1348, #644, #630, #282, #948, #773, #859, #1204, #1099, #994, #132, #1475, #471, #1111, #882, #1233, #975, #385, #641, #1222, #764, #1356, #3, #251, #1368, #322, #1436, #1466, #370, #1241, #1332, #756 ) ) ;
#398 = VECTOR ( 'NONE', #337, 1000.000000000000000 ) ;
#399 = CIRCLE ( 'NONE', #1235, 1.599999999999997202 ) ;
#400 = ORIENTED_EDGE ( 'NONE', *, *, #127, .F. ) ;
#401 = DIRECTION ( 'NONE',  ( -1.000000000000000000, 0.000000000000000000, 3.330669073875469621E-16 ) ) ;
#402 = ADVANCED_FACE ( 'NONE', ( #737 ), #564, .F. ) ;
#403 = EDGE_CURVE ( 'NONE', #375, #853, #1398, .T. ) ;
#404 = CARTESIAN_POINT ( 'NONE',  ( -124.9999999999997584, 135.0000000000000000, 5.000000000000016875 ) ) ;
#405 = CARTESIAN_POINT ( 'NONE',  ( -124.9999999999997584, 4.000000000000000000, -9.999999999999969802 ) ) ;
#406 = VECTOR ( 'NONE', #1028, 1000.000000000000000 ) ;
#407 = ORIENTED_EDGE ( 'NONE', *, *, #841, .F. ) ;
#408 = ORIENTED_EDGE ( 'NONE', *, *, #1456, .T. ) ;
#409 = CARTESIAN_POINT ( 'NONE',  ( 24.82666069507763140, 0.000000000000000000, -22.40765060826418775 ) ) ;
#410 = FACE_OUTER_BOUND ( 'NONE', #323, .T. ) ;
#411 = LINE ( 'NONE', #1022, #616 ) ;
#412 = CARTESIAN_POINT ( 'NONE',  ( 27.99999999999999645, 4.000000000000000000, -19.90000000000000568 ) ) ;
#413 = ORIENTED_EDGE ( 'NONE', *, *, #7, .F. ) ;
#414 = CARTESIAN_POINT ( 'NONE',  ( 30.00000000000000355, 0.000000000000000000, 6.000000000000000888 ) ) ;
#415 = EDGE_CURVE ( 'NONE', #537, #474, #1040, .T. ) ;
#416 = DIRECTION ( 'NONE',  ( -1.000000000000000000, 0.000000000000000000, 0.000000000000000000 ) ) ;
#417 = VERTEX_POINT ( 'NONE', #705 ) ;
#418 = ORIENTED_EDGE ( 'NONE', *, *, #1494, .T. ) ;
#419 = CYLINDRICAL_SURFACE ( 'NONE', #784, 1.599999999999997202 ) ;
#420 = CARTESIAN_POINT ( 'NONE',  ( -124.9999999999997584, 4.000000000000000000, 10.00000000000003553 ) ) ;
#421 = VERTEX_POINT ( 'NONE', #1073 ) ;
#422 = DIRECTION ( 'NONE',  ( 0.000000000000000000, -0.000000000000000000, 1.000000000000000000 ) ) ;
#423 = CIRCLE ( 'NONE', #1082, 1.100000000000000311 ) ;
#424 = CARTESIAN_POINT ( 'NONE',  ( 125.0000000000002558, 0.000000000000000000, -10.00000000000005151 ) ) ;
#425 = VERTEX_POINT ( 'NONE', #684 ) ;
#426 = EDGE_LOOP ( 'NONE', ( #1544, #1242, #1147, #318 ) ) ;
#427 = ADVANCED_BREP_SHAPE_REPRESENTATION ( '摄像头支架2', ( #205, #382 ), #793 ) ;
#428 = VECTOR ( 'NONE', #1255, 1000.000000000000000 ) ;
#429 = ORIENTED_EDGE ( 'NONE', *, *, #348, .T. ) ;
#430 = LINE ( 'NONE', #999, #1566 ) ;
#431 = VECTOR ( 'NONE', #358, 1000.000000000000000 ) ;
#432 = CARTESIAN_POINT ( 'NONE',  ( 32.00000000000001421, 0.000000000000000000, -24.99999999999999645 ) ) ;
#433 = VECTOR ( 'NONE', #777, 1000.000000000000000 ) ;
#434 = FACE_OUTER_BOUND ( 'NONE', #1338, .T. ) ;
#435 = AXIS2_PLACEMENT_3D ( 'NONE', #899, #304, #1259 ) ;
#436 = CARTESIAN_POINT ( 'NONE',  ( -24.82666069507763495, 0.000000000000000000, -22.40765060826418775 ) ) ;
#437 = EDGE_CURVE ( 'NONE', #561, #446, #556, .T. ) ;
#438 = CARTESIAN_POINT ( 'NONE',  ( 125.0000000000002274, 4.000000000000000000, 9.999999999999966249 ) ) ;
#439 = DIRECTION ( 'NONE',  ( 0.000000000000000000, 0.000000000000000000, 1.000000000000000000 ) ) ;
#440 = VERTEX_POINT ( 'NONE', #1560 ) ;
#441 = VERTEX_POINT ( 'NONE', #1068 ) ;
#442 = ORIENTED_EDGE ( 'NONE', *, *, #1550, .T. ) ;
#443 = DIRECTION ( 'NONE',  ( 0.000000000000000000, 0.000000000000000000, -1.000000000000000000 ) ) ;
#444 = CARTESIAN_POINT ( 'NONE',  ( 119.9999999999997584, 140.0000000000000000, 10.00000000000003553 ) ) ;
#445 = VECTOR ( 'NONE', #680, 1000.000000000000000 ) ;
#446 = VERTEX_POINT ( 'NONE', #222 ) ;
#447 = LINE ( 'NONE', #1552, #22 ) ;
#448 = CARTESIAN_POINT ( 'NONE',  ( -124.9999999999997584, 0.000000000000000000, -9.999999999999969802 ) ) ;
#449 = CIRCLE ( 'NONE', #1136, 1.100000000000000311 ) ;
#450 = ORIENTED_EDGE ( 'NONE', *, *, #165, .T. ) ;
#451 = VECTOR ( 'NONE', #384, 1000.000000000000000 ) ;
#452 = ORIENTED_EDGE ( 'NONE', *, *, #127, .T. ) ;
#453 = FACE_OUTER_BOUND ( 'NONE', #836, .T. ) ;
#454 = CARTESIAN_POINT ( 'NONE',  ( 27.99999999999999645, 0.000000000000000000, -22.10000000000000497 ) ) ;
#455 = VERTEX_POINT ( 'NONE', #469 ) ;
#456 = PLANE ( 'NONE',  #554 ) ;
#457 = EDGE_CURVE ( 'NONE', #629, #519, #648, .T. ) ;
#458 = ORIENTED_EDGE ( 'NONE', *, *, #862, .F. ) ;
#459 = SURFACE_STYLE_USAGE ( .BOTH. , #699 ) ;
#460 = ORIENTED_EDGE ( 'NONE', *, *, #1173, .T. ) ;
#461 = CARTESIAN_POINT ( 'NONE',  ( -32.00000000000001421, 0.000000000000000000, -24.99999999999999645 ) ) ;
#462 = VECTOR ( 'NONE', #1471, 1000.000000000000000 ) ;
#463 = EDGE_CURVE ( 'NONE', #1381, #203, #230, .T. ) ;
#464 = PRODUCT_DEFINITION ( '未知', '', #711, #1407 ) ;
#465 = DIRECTION ( 'NONE',  ( 1.000000000000000000, -0.000000000000000000, -2.775557561562891351E-16 ) ) ;
#466 = VECTOR ( 'NONE', #216, 1000.000000000000000 ) ;
#467 =( NAMED_UNIT ( * ) SI_UNIT ( $, .STERADIAN. ) SOLID_ANGLE_UNIT ( ) );
#468 =( GEOMETRIC_REPRESENTATION_CONTEXT ( 3 ) GLOBAL_UNCERTAINTY_ASSIGNED_CONTEXT ( ( #895 ) ) GLOBAL_UNIT_ASSIGNED_CONTEXT ( ( #150, #1119, #1109 ) ) REPRESENTATION_CONTEXT ( 'NONE', 'WORKASPACE' ) );
#469 = CARTESIAN_POINT ( 'NONE',  ( 32.00000000000001421, 0.000000000000000000, -24.99999999999999645 ) ) ;
#470 = CARTESIAN_POINT ( 'NONE',  ( -24.82666069507763495, 4.000000000000000000, -22.40765060826418775 ) ) ;
#471 = ADVANCED_FACE ( 'NONE', ( #1096, #499, #270 ), #1206, .F. ) ;
#472 = AXIS2_PLACEMENT_3D ( 'NONE', #618, #854, #240 ) ;
#473 = CARTESIAN_POINT ( 'NONE',  ( -24.82666069507763495, 4.000000000000000000, 6.000000000000000888 ) ) ;
#474 = VERTEX_POINT ( 'NONE', #977 ) ;
#475 = ORIENTED_EDGE ( 'NONE', *, *, #457, .T. ) ;
#476 = EDGE_LOOP ( 'NONE', ( #159, #950 ) ) ;
#477 = CARTESIAN_POINT ( 'NONE',  ( -24.82666069507763495, 4.000000000000000000, -6.000000000000000888 ) ) ;
#478 = CARTESIAN_POINT ( 'NONE',  ( -30.00000000000000000, 4.000000000000000000, -6.000000000000000888 ) ) ;
#479 = CYLINDRICAL_SURFACE ( 'NONE', #603, 1.599999999999997202 ) ;
#480 = ORIENTED_EDGE ( 'NONE', *, *, #565, .F. ) ;
#481 = FACE_BOUND ( 'NONE', #497, .T. ) ;
#482 = CARTESIAN_POINT ( 'NONE',  ( -32.00000000000002132, 4.000000000000000000, 24.99999999999997868 ) ) ;
#483 = LINE ( 'NONE', #548, #445 ) ;
#484 = CARTESIAN_POINT ( 'NONE',  ( -28.00000000000000355, 0.000000000000000000, -21.00000000000000355 ) ) ;
#485 = VERTEX_POINT ( 'NONE', #964 ) ;
#486 = EDGE_CURVE ( 'NONE', #1421, #1039, #141, .T. ) ;
#487 = VECTOR ( 'NONE', #891, 1000.000000000000000 ) ;
#488 = DIRECTION ( 'NONE',  ( 0.000000000000000000, 0.000000000000000000, -1.000000000000000000 ) ) ;
#489 = DIRECTION ( 'NONE',  ( -0.000000000000000000, -1.000000000000000000, -0.000000000000000000 ) ) ;
#490 = AXIS2_PLACEMENT_3D ( 'NONE', #1516, #785, #53 ) ;
#491 = ORIENTED_EDGE ( 'NONE', *, *, #1427, .T. ) ;
#492 = ORIENTED_EDGE ( 'NONE', *, *, #1373, .T. ) ;
#493 = EDGE_CURVE ( 'NONE', #275, #417, #1523, .T. ) ;
#494 = CARTESIAN_POINT ( 'NONE',  ( 119.9999999999997584, 135.0000000000000000, 6.600000000000013856 ) ) ;
#495 = AXIS2_PLACEMENT_3D ( 'NONE', #373, #1486, #1585 ) ;
#496 = DIRECTION ( 'NONE',  ( 1.000000000000000000, 0.000000000000000000, 0.000000000000000000 ) ) ;
#497 = EDGE_LOOP ( 'NONE', ( #807, #1424 ) ) ;
#498 = CARTESIAN_POINT ( 'NONE',  ( -124.9999999999997584, 0.000000000000000000, -9.999999999999969802 ) ) ;
#499 = FACE_BOUND ( 'NONE', #961, .T. ) ;
#500 = DIRECTION ( 'NONE',  ( 0.000000000000000000, -1.000000000000000000, 0.000000000000000000 ) ) ;
#501 = ORIENTED_EDGE ( 'NONE', *, *, #1252, .F. ) ;
#502 = FACE_BOUND ( 'NONE', #532, .T. ) ;
#503 = ORIENTED_EDGE ( 'NONE', *, *, #1360, .F. ) ;
#504 = ORIENTED_EDGE ( 'NONE', *, *, #1265, .T. ) ;
#505 = DIRECTION ( 'NONE',  ( 0.000000000000000000, 1.000000000000000000, 0.000000000000000000 ) ) ;
#506 = FACE_OUTER_BOUND ( 'NONE', #1049, .T. ) ;
#507 = EDGE_CURVE ( 'NONE', #1179, #1480, #1069, .T. ) ;
#508 = DIRECTION ( 'NONE',  ( 0.000000000000000000, 0.000000000000000000, -1.000000000000000000 ) ) ;
#509 = DIRECTION ( 'NONE',  ( -1.000000000000000000, -0.000000000000000000, -0.000000000000000000 ) ) ;
#510 = DIRECTION ( 'NONE',  ( 1.000000000000000000, -0.000000000000000000, -0.000000000000000000 ) ) ;
#511 = ORIENTED_EDGE ( 'NONE', *, *, #995, .T. ) ;
#512 = EDGE_CURVE ( 'NONE', #865, #1421, #392, .T. ) ;
#513 = ORIENTED_EDGE ( 'NONE', *, *, #923, .F. ) ;
#514 = CARTESIAN_POINT ( 'NONE',  ( 30.00000000000000355, 0.000000000000000000, -6.000000000000000888 ) ) ;
#515 = SURFACE_STYLE_FILL_AREA ( #26 ) ;
#516 = ADVANCED_FACE ( 'NONE', ( #80 ), #1413, .F. ) ;
#517 = VERTEX_POINT ( 'NONE', #1212 ) ;
#518 = EDGE_CURVE ( 'NONE', #519, #200, #1191, .T. ) ;
#519 = VERTEX_POINT ( 'NONE', #1325 ) ;
#520 = CIRCLE ( 'NONE', #821, 1.100000000000000311 ) ;
#521 = ADVANCED_FACE ( 'NONE', ( #677 ), #708, .F. ) ;
#522 = LINE ( 'NONE', #1395, #883 ) ;
#523 = VECTOR ( 'NONE', #368, 1000.000000000000000 ) ;
#524 = CARTESIAN_POINT ( 'NONE',  ( -32.00000000000002132, 0.000000000000000000, 24.99999999999997868 ) ) ;
#525 = ORIENTED_EDGE ( 'NONE', *, *, #1006, .F. ) ;
#526 = FACE_OUTER_BOUND ( 'NONE', #681, .T. ) ;
#527 = ORIENTED_EDGE ( 'NONE', *, *, #724, .T. ) ;
#528 = PLANE ( 'NONE',  #365 ) ;
#529 = AXIS2_PLACEMENT_3D ( 'NONE', #715, #350, #847 ) ;
#530 = CARTESIAN_POINT ( 'NONE',  ( -124.9999999999997584, 4.000000000000000000, -9.999999999999969802 ) ) ;
#531 = DIRECTION ( 'NONE',  ( -1.000000000000000000, 0.000000000000000000, 0.000000000000000000 ) ) ;
#532 = EDGE_LOOP ( 'NONE', ( #943, #931 ) ) ;
#533 = CARTESIAN_POINT ( 'NONE',  ( 24.82666069507763140, 0.000000000000000000, -22.40765060826418775 ) ) ;
#534 = AXIS2_PLACEMENT_3D ( 'NONE', #266, #395, #634 ) ;
#535 = ORIENTED_EDGE ( 'NONE', *, *, #463, .T. ) ;
#536 = ORIENTED_EDGE ( 'NONE', *, *, #201, .T. ) ;
#537 = VERTEX_POINT ( 'NONE', #867 ) ;
#538 = CARTESIAN_POINT ( 'NONE',  ( 32.00000000000002132, 0.000000000000000000, 24.99999999999997868 ) ) ;
#539 = VERTEX_POINT ( 'NONE', #498 ) ;
#540 = CARTESIAN_POINT ( 'NONE',  ( 28.00000000000000000, 4.000000000000000000, 20.99999999999999645 ) ) ;
#541 = VECTOR ( 'NONE', #496, 1000.000000000000000 ) ;
#542 = EDGE_LOOP ( 'NONE', ( #1029, #1183, #1146, #788 ) ) ;
#543 = VECTOR ( 'NONE', #1152, 1000.000000000000000 ) ;
#544 = DIRECTION ( 'NONE',  ( 1.000000000000000000, 0.000000000000000000, -0.000000000000000000 ) ) ;
#545 = EDGE_CURVE ( 'NONE', #688, #965, #1350, .T. ) ;
#546 = DIRECTION ( 'NONE',  ( 0.000000000000000000, 0.000000000000000000, 1.000000000000000000 ) ) ;
#547 = EDGE_CURVE ( 'NONE', #864, #441, #347, .T. ) ;
#548 = CARTESIAN_POINT ( 'NONE',  ( -30.00000000000000000, 0.000000000000000000, 6.000000000000000888 ) ) ;
#549 = CIRCLE ( 'NONE', #625, 1.100000000000000311 ) ;
#550 = ORIENTED_EDGE ( 'NONE', *, *, #761, .F. ) ;
#551 = CARTESIAN_POINT ( 'NONE',  ( -24.82666069507763495, 0.000000000000000000, -6.000000000000001776 ) ) ;
#552 = ORIENTED_EDGE ( 'NONE', *, *, #923, .T. ) ;
#553 = DIRECTION ( 'NONE',  ( 0.000000000000000000, 0.000000000000000000, 1.000000000000000000 ) ) ;
#554 = AXIS2_PLACEMENT_3D ( 'NONE', #66, #571, #81 ) ;
#555 = LINE ( 'NONE', #8, #148 ) ;
#556 = LINE ( 'NONE', #834, #1435 ) ;
#557 = EDGE_CURVE ( 'NONE', #1086, #965, #1330, .T. ) ;
#558 = CARTESIAN_POINT ( 'NONE',  ( 124.9999999999997584, 140.0000000000000000, 10.00000000000003553 ) ) ;
#559 = VECTOR ( 'NONE', #1284, 1000.000000000000000 ) ;
#560 = VECTOR ( 'NONE', #182, 1000.000000000000000 ) ;
#561 = VERTEX_POINT ( 'NONE', #740 ) ;
#562 = CARTESIAN_POINT ( 'NONE',  ( -119.9999999999997442, 4.000000000000000000, -9.999999999999971578 ) ) ;
#563 = FACE_OUTER_BOUND ( 'NONE', #359, .T. ) ;
#564 = PLANE ( 'NONE',  #717 ) ;
#565 = EDGE_CURVE ( 'NONE', #845, #375, #726, .T. ) ;
#566 = DIRECTION ( 'NONE',  ( 1.000000000000000000, 0.000000000000000000, 0.000000000000000000 ) ) ;
#567 = EDGE_CURVE ( 'NONE', #803, #1541, #1250, .T. ) ;
#568 = ORIENTED_EDGE ( 'NONE', *, *, #1289, .T. ) ;
#569 = VERTEX_POINT ( 'NONE', #354 ) ;
#570 = ORIENTED_EDGE ( 'NONE', *, *, #1399, .T. ) ;
#571 = DIRECTION ( 'NONE',  ( -1.000000000000000000, 0.000000000000000000, 0.000000000000000000 ) ) ;
#572 = ORIENTED_EDGE ( 'NONE', *, *, #584, .F. ) ;
#573 = EDGE_CURVE ( 'NONE', #1556, #1179, #810, .T. ) ;
#574 = AXIS2_PLACEMENT_3D ( 'NONE', #131, #1092, #857 ) ;
#575 = CARTESIAN_POINT ( 'NONE',  ( -119.9999999999997584, 140.0000000000000000, 10.00000000000003553 ) ) ;
#576 = VECTOR ( 'NONE', #553, 1000.000000000000000 ) ;
#577 = VERTEX_POINT ( 'NONE', #1463 ) ;
#578 = VECTOR ( 'NONE', #604, 1000.000000000000000 ) ;
#579 = DIRECTION ( 'NONE',  ( 0.000000000000000000, 1.000000000000000000, 0.000000000000000000 ) ) ;
#580 = EDGE_CURVE ( 'NONE', #275, #320, #44, .T. ) ;
#581 = VECTOR ( 'NONE', #1569, 1000.000000000000000 ) ;
#582 = ORIENTED_EDGE ( 'NONE', *, *, #573, .T. ) ;
#583 = CARTESIAN_POINT ( 'NONE',  ( 30.00000000000000355, 4.000000000000000000, 6.000000000000000888 ) ) ;
#584 = EDGE_CURVE ( 'NONE', #739, #237, #64, .T. ) ;
#585 = ORIENTED_EDGE ( 'NONE', *, *, #792, .F. ) ;
#586 = ORIENTED_EDGE ( 'NONE', *, *, #1173, .F. ) ;
#587 = VECTOR ( 'NONE', #797, 1000.000000000000000 ) ;
#588 = ORIENTED_EDGE ( 'NONE', *, *, #236, .T. ) ;
#589 = CARTESIAN_POINT ( 'NONE',  ( -32.00000000000001421, 4.000000000000000000, -10.00000000000000533 ) ) ;
#590 = FACE_OUTER_BOUND ( 'NONE', #1428, .T. ) ;
#591 = EDGE_CURVE ( 'NONE', #577, #517, #924, .T. ) ;
#592 = ORIENTED_EDGE ( 'NONE', *, *, #813, .T. ) ;
#593 = DIRECTION ( 'NONE',  ( 0.000000000000000000, -1.000000000000000000, 0.000000000000000000 ) ) ;
#594 = VECTOR ( 'NONE', #952, 1000.000000000000000 ) ;
#595 = LINE ( 'NONE', #276, #1536 ) ;
#596 = CARTESIAN_POINT ( 'NONE',  ( 119.9999999999997584, 135.0000000000000000, 3.400000000000019451 ) ) ;
#597 = FACE_OUTER_BOUND ( 'NONE', #1578, .T. ) ;
#598 = CARTESIAN_POINT ( 'NONE',  ( 28.00000000000000000, 0.000000000000000000, 20.99999999999999645 ) ) ;
#599 = FACE_OUTER_BOUND ( 'NONE', #988, .T. ) ;
#600 = CARTESIAN_POINT ( 'NONE',  ( 125.0000000000002274, 4.000000000000000000, 9.999999999999966249 ) ) ;
#601 = CARTESIAN_POINT ( 'NONE',  ( 28.00000000000000000, 0.000000000000000000, 20.99999999999999645 ) ) ;
#602 = AXIS2_PLACEMENT_3D ( 'NONE', #1134, #63, #660 ) ;
#603 = AXIS2_PLACEMENT_3D ( 'NONE', #1405, #809, #179 ) ;
#604 = DIRECTION ( 'NONE',  ( -0.000000000000000000, -1.000000000000000000, -0.000000000000000000 ) ) ;
#605 = VERTEX_POINT ( 'NONE', #153 ) ;
#606 = ORIENTED_EDGE ( 'NONE', *, *, #96, .F. ) ;
#607 = ORIENTED_EDGE ( 'NONE', *, *, #1106, .F. ) ;
#608 = DIRECTION ( 'NONE',  ( 0.000000000000000000, 1.000000000000000000, 0.000000000000000000 ) ) ;
#609 = CIRCLE ( 'NONE', #774, 1.100000000000000311 ) ;
#610 = ORIENTED_EDGE ( 'NONE', *, *, #486, .F. ) ;
#611 = CARTESIAN_POINT ( 'NONE',  ( 125.0000000000002558, 4.000000000000000000, -10.00000000000005151 ) ) ;
#612 = VECTOR ( 'NONE', #1343, 1000.000000000000000 ) ;
#613 = CARTESIAN_POINT ( 'NONE',  ( 27.99999999999999645, 0.000000000000000000, -21.00000000000000355 ) ) ;
#614 = ORIENTED_EDGE ( 'NONE', *, *, #1399, .F. ) ;
#615 = EDGE_CURVE ( 'NONE', #1301, #1181, #1275, .T. ) ;
#616 = VECTOR ( 'NONE', #1509, 1000.000000000000000 ) ;
#617 = CARTESIAN_POINT ( 'NONE',  ( 24.82666069507763140, 0.000000000000000000, -22.40765060826418775 ) ) ;
#618 = CARTESIAN_POINT ( 'NONE',  ( -28.00000000000000000, 0.000000000000000000, 20.99999999999999645 ) ) ;
#619 = ORIENTED_EDGE ( 'NONE', *, *, #545, .T. ) ;
#620 = EDGE_CURVE ( 'NONE', #199, #865, #1397, .T. ) ;
#621 = DIRECTION ( 'NONE',  ( -1.000000000000000000, 0.000000000000000000, -0.000000000000000000 ) ) ;
#622 =( GEOMETRIC_REPRESENTATION_CONTEXT ( 3 ) GLOBAL_UNCERTAINTY_ASSIGNED_CONTEXT ( ( #351 ) ) GLOBAL_UNIT_ASSIGNED_CONTEXT ( ( #1291, #1308, #1418 ) ) REPRESENTATION_CONTEXT ( 'NONE', 'WORKASPACE' ) );
#623 = ORIENTED_EDGE ( 'NONE', *, *, #902, .T. ) ;
#624 = ORIENTED_EDGE ( 'NONE', *, *, #342, .T. ) ;
#625 = AXIS2_PLACEMENT_3D ( 'NONE', #37, #1379, #1249 ) ;
#626 = CARTESIAN_POINT ( 'NONE',  ( 125.0000000000002558, 4.000000000000000000, -10.00000000000005151 ) ) ;
#627 = CARTESIAN_POINT ( 'NONE',  ( -28.00000000000000355, 0.000000000000000000, -21.00000000000000355 ) ) ;
#628 = CARTESIAN_POINT ( 'NONE',  ( 119.9999999999997584, 140.0000000000000000, 10.00000000000003553 ) ) ;
#629 = VERTEX_POINT ( 'NONE', #654 ) ;
#630 = ADVANCED_FACE ( 'NONE', ( #277, #1065, #992 ), #1110, .F. ) ;
#631 = AXIS2_PLACEMENT_3D ( 'NONE', #326, #566, #1054 ) ;
#632 = FACE_OUTER_BOUND ( 'NONE', #1294, .T. ) ;
#633 = CIRCLE ( 'NONE', #1554, 1.100000000000000311 ) ;
#634 = DIRECTION ( 'NONE',  ( 0.000000000000000000, 0.000000000000000000, 1.000000000000000000 ) ) ;
#635 = LINE ( 'NONE', #1573, #828 ) ;
#636 = EDGE_CURVE ( 'NONE', #1320, #1258, #753, .T. ) ;
#637 = AXIS2_PLACEMENT_3D ( 'NONE', #1302, #1081, #1426 ) ;
#638 = EDGE_LOOP ( 'NONE', ( #252, #1160, #169, #685 ) ) ;
#639 = DIRECTION ( 'NONE',  ( -0.000000000000000000, 1.000000000000000000, -0.000000000000000000 ) ) ;
#640 = LINE ( 'NONE', #278, #313 ) ;
#641 = ADVANCED_FACE ( 'NONE', ( #563 ), #1375, .T. ) ;
#642 = DIRECTION ( 'NONE',  ( 1.387778780781444492E-15, -0.000000000000000000, -1.000000000000000000 ) ) ;
#643 = CARTESIAN_POINT ( 'NONE',  ( -30.00000000000000000, 4.000000000000000000, 6.000000000000000888 ) ) ;
#644 = ADVANCED_FACE ( 'NONE', ( #597 ), #528, .F. ) ;
#645 = EDGE_LOOP ( 'NONE', ( #892, #442 ) ) ;
#646 = EDGE_CURVE ( 'NONE', #1357, #1543, #775, .T. ) ;
#647 = ORIENTED_EDGE ( 'NONE', *, *, #1387, .T. ) ;
#648 = LINE ( 'NONE', #473, #1220 ) ;
#649 = ORIENTED_EDGE ( 'NONE', *, *, #1117, .F. ) ;
#650 = EDGE_CURVE ( 'NONE', #569, #539, #956, .T. ) ;
#651 = DIRECTION ( 'NONE',  ( 0.000000000000000000, -1.000000000000000000, 0.000000000000000000 ) ) ;
#652 = DIRECTION ( 'NONE',  ( -1.000000000000000000, 0.000000000000000000, -4.625929269271489858E-16 ) ) ;
#653 = AXIS2_PLACEMENT_3D ( 'NONE', #627, #129, #979 ) ;
#654 = CARTESIAN_POINT ( 'NONE',  ( -24.82666069507763495, 0.000000000000000000, 6.000000000000000888 ) ) ;
#655 = COLOUR_RGB ( '',1.000000000000000000, 1.000000000000000000, 1.000000000000000000 ) ;
#656 = DIRECTION ( 'NONE',  ( 1.000000000000000000, 0.000000000000000000, 0.000000000000000000 ) ) ;
#657 = LINE ( 'NONE', #987, #90 ) ;
#658 = VECTOR ( 'NONE', #1389, 1000.000000000000000 ) ;
#659 = VERTEX_POINT ( 'NONE', #514 ) ;
#660 = DIRECTION ( 'NONE',  ( -1.000000000000000000, 0.000000000000000000, -0.000000000000000000 ) ) ;
#661 = EDGE_CURVE ( 'NONE', #425, #876, #1011, .T. ) ;
#662 = DIRECTION ( 'NONE',  ( 0.000000000000000000, 1.000000000000000000, 0.000000000000000000 ) ) ;
#663 = ORIENTED_EDGE ( 'NONE', *, *, #1106, .T. ) ;
#664 = PLANE ( 'NONE',  #490 ) ;
#665 = CARTESIAN_POINT ( 'NONE',  ( -119.9999999999997584, 135.0000000000000000, -3.400000000000019451 ) ) ;
#666 = EDGE_LOOP ( 'NONE', ( #1079, #145, #990, #763 ) ) ;
#667 = EDGE_LOOP ( 'NONE', ( #40, #103 ) ) ;
#668 = CARTESIAN_POINT ( 'NONE',  ( 28.00000000000000000, 0.000000000000000000, 19.89999999999999858 ) ) ;
#669 = CARTESIAN_POINT ( 'NONE',  ( -124.9999999999997584, 140.0000000000000000, -9.999999999999969802 ) ) ;
#670 = ORIENTED_EDGE ( 'NONE', *, *, #761, .T. ) ;
#671 = DIRECTION ( 'NONE',  ( 0.000000000000000000, 0.000000000000000000, 1.000000000000000000 ) ) ;
#672 = VECTOR ( 'NONE', #416, 1000.000000000000000 ) ;
#673 = VERTEX_POINT ( 'NONE', #1359 ) ;
#674 = LINE ( 'NONE', #832, #1154 ) ;
#675 = CARTESIAN_POINT ( 'NONE',  ( -30.00000000000000000, 0.000000000000000000, -6.000000000000000888 ) ) ;
#676 = ORIENTED_EDGE ( 'NONE', *, *, #224, .F. ) ;
#677 = FACE_OUTER_BOUND ( 'NONE', #1129, .T. ) ;
#678 = EDGE_CURVE ( 'NONE', #688, #925, #938, .T. ) ;
#679 = CARTESIAN_POINT ( 'NONE',  ( -30.00000000000000000, 4.000000000000000000, 6.000000000000000888 ) ) ;
#680 = DIRECTION ( 'NONE',  ( 1.000000000000000000, 0.000000000000000000, 0.000000000000000000 ) ) ;
#681 = EDGE_LOOP ( 'NONE', ( #188, #903, #43, #742 ) ) ;
#682 = DIRECTION ( 'NONE',  ( 0.000000000000000000, 0.000000000000000000, 1.000000000000000000 ) ) ;
#683 = ORIENTED_EDGE ( 'NONE', *, *, #1490, .F. ) ;
#684 = CARTESIAN_POINT ( 'NONE',  ( -119.9999999999997584, 135.0000000000000000, 6.600000000000013856 ) ) ;
#685 = ORIENTED_EDGE ( 'NONE', *, *, #1208, .T. ) ;
#686 = DIRECTION ( 'NONE',  ( 0.000000000000000000, 0.000000000000000000, 1.000000000000000000 ) ) ;
#687 = CIRCLE ( 'NONE', #974, 1.599999999999997202 ) ;
#688 = VERTEX_POINT ( 'NONE', #771 ) ;
#689 = LINE ( 'NONE', #470, #1247 ) ;
#690 = DIRECTION ( 'NONE',  ( 0.000000000000000000, 1.000000000000000000, 0.000000000000000000 ) ) ;
#691 = VECTOR ( 'NONE', #1232, 1000.000000000000000 ) ;
#692 = DIRECTION ( 'NONE',  ( -1.000000000000000000, -0.000000000000000000, -0.000000000000000000 ) ) ;
#693 = DIRECTION ( 'NONE',  ( 0.000000000000000000, 0.000000000000000000, 1.000000000000000000 ) ) ;
#694 = FILL_AREA_STYLE_COLOUR ( '', #655 ) ;
#695 = ORIENTED_EDGE ( 'NONE', *, *, #1334, .T. ) ;
#696 = ORIENTED_EDGE ( 'NONE', *, *, #1297, .T. ) ;
#697 = ORIENTED_EDGE ( 'NONE', *, *, #1373, .F. ) ;
#698 = EDGE_LOOP ( 'NONE', ( #885, #535, #697, #837, #624, #71 ) ) ;
#699 = SURFACE_SIDE_STYLE ('',( #234 ) ) ;
#700 = EDGE_CURVE ( 'NONE', #455, #391, #640, .T. ) ;
#701 = AXIS2_PLACEMENT_3D ( 'NONE', #538, #422, #544 ) ;
#702 = DIRECTION ( 'NONE',  ( -4.625929269271488872E-16, 0.000000000000000000, -1.000000000000000000 ) ) ;
#703 = LINE ( 'NONE', #47, #1305 ) ;
#704 = DIRECTION ( 'NONE',  ( 1.000000000000000000, 0.000000000000000000, 0.000000000000000000 ) ) ;
#705 = CARTESIAN_POINT ( 'NONE',  ( 28.00000000000000000, 4.000000000000000000, 19.89999999999999858 ) ) ;
#706 = FACE_BOUND ( 'NONE', #746, .T. ) ;
#707 = FACE_OUTER_BOUND ( 'NONE', #311, .T. ) ;
#708 = CYLINDRICAL_SURFACE ( 'NONE', #1558, 1.599999999999997202 ) ;
#709 = PLANE ( 'NONE',  #637 ) ;
#710 = CARTESIAN_POINT ( 'NONE',  ( 124.9999999999997584, 140.0000000000000000, 10.00000000000003553 ) ) ;
#711 = PRODUCT_DEFINITION_FORMATION_WITH_SPECIFIED_SOURCE ( '任何', '', #204, .NOT_KNOWN. ) ;
#712 = CARTESIAN_POINT ( 'NONE',  ( 32.00000000000002132, 4.000000000000000000, 24.99999999999997868 ) ) ;
#713 = ORIENTED_EDGE ( 'NONE', *, *, #1063, .T. ) ;
#714 = VERTEX_POINT ( 'NONE', #783 ) ;
#715 = CARTESIAN_POINT ( 'NONE',  ( 119.9999999999997584, 135.0000000000000000, 5.000000000000016875 ) ) ;
#716 = ORIENTED_EDGE ( 'NONE', *, *, #1153, .F. ) ;
#717 = AXIS2_PLACEMENT_3D ( 'NONE', #805, #218, #67 ) ;
#718 = LINE ( 'NONE', #941, #1321 ) ;
#719 = CARTESIAN_POINT ( 'NONE',  ( 124.9999999999997584, 135.0000000000000000, -5.000000000000016875 ) ) ;
#720 = EDGE_CURVE ( 'NONE', #1421, #519, #140, .T. ) ;
#721 = DIRECTION ( 'NONE',  ( -1.000000000000000000, 0.000000000000000000, 0.000000000000000000 ) ) ;
#722 = CARTESIAN_POINT ( 'NONE',  ( 27.99999999999999645, 0.000000000000000000, -19.90000000000000568 ) ) ;
#723 = VECTOR ( 'NONE', #1286, 1000.000000000000000 ) ;
#724 = EDGE_CURVE ( 'NONE', #816, #1162, #1293, .T. ) ;
#725 = VECTOR ( 'NONE', #1442, 1000.000000000000000 ) ;
#726 = CIRCLE ( 'NONE', #1094, 1.599999999999997202 ) ;
#727 = ORIENTED_EDGE ( 'NONE', *, *, #1080, .F. ) ;
#728 = CARTESIAN_POINT ( 'NONE',  ( 30.00000000000000355, 4.000000000000000000, -6.000000000000000888 ) ) ;
#729 = DIRECTION ( 'NONE',  ( -1.000000000000000000, -0.000000000000000000, -0.000000000000000000 ) ) ;
#730 = EDGE_CURVE ( 'NONE', #425, #261, #1372, .T. ) ;
#731 = DIRECTION ( 'NONE',  ( 0.000000000000000000, 0.000000000000000000, 1.000000000000000000 ) ) ;
#732 = AXIS2_PLACEMENT_3D ( 'NONE', #105, #339, #1071 ) ;
#733 = DIRECTION ( 'NONE',  ( -0.000000000000000000, 0.000000000000000000, -1.000000000000000000 ) ) ;
#734 = ORIENTED_EDGE ( 'NONE', *, *, #636, .F. ) ;
#735 = ORIENTED_EDGE ( 'NONE', *, *, #51, .F. ) ;
#736 = DIRECTION ( 'NONE',  ( 0.000000000000000000, 0.000000000000000000, 1.000000000000000000 ) ) ;
#737 = FACE_OUTER_BOUND ( 'NONE', #166, .T. ) ;
#738 = EDGE_CURVE ( 'NONE', #417, #168, #94, .T. ) ;
#739 = VERTEX_POINT ( 'NONE', #1130 ) ;
#740 = CARTESIAN_POINT ( 'NONE',  ( 32.00000000000001421, 0.000000000000000000, 9.999999999999987566 ) ) ;
#741 = VECTOR ( 'NONE', #1464, 1000.000000000000000 ) ;
#742 = ORIENTED_EDGE ( 'NONE', *, *, #1185, .T. ) ;
#743 = CARTESIAN_POINT ( 'NONE',  ( 119.9999999999997584, 135.0000000000000000, 5.000000000000016875 ) ) ;
#744 = DIRECTION ( 'NONE',  ( 0.000000000000000000, 0.000000000000000000, 1.000000000000000000 ) ) ;
#745 = DIRECTION ( 'NONE',  ( 0.000000000000000000, 1.000000000000000000, 0.000000000000000000 ) ) ;
#746 = EDGE_LOOP ( 'NONE', ( #779, #210, #921, #1316, #60, #33, #511, #491, #1345, #52, #945, #1058 ) ) ;
#747 = VECTOR ( 'NONE', #1315, 1000.000000000000000 ) ;
#748 = CARTESIAN_POINT ( 'NONE',  ( -30.00000000000000000, 4.000000000000000000, 6.000000000000000888 ) ) ;
#749 = ORIENTED_EDGE ( 'NONE', *, *, #75, .F. ) ;
#750 = EDGE_LOOP ( 'NONE', ( #1439, #265 ) ) ;
#751 = LINE ( 'NONE', #197, #344 ) ;
#752 = VERTEX_POINT ( 'NONE', #551 ) ;
#753 = LINE ( 'NONE', #871, #24 ) ;
#754 = VECTOR ( 'NONE', #639, 1000.000000000000000 ) ;
#755 = DIRECTION ( 'NONE',  ( -2.775557561562891351E-16, 0.000000000000000000, -1.000000000000000000 ) ) ;
#756 = ADVANCED_FACE ( 'NONE', ( #160 ), #42, .F. ) ;
#757 = SURFACE_STYLE_USAGE ( .BOTH. , #16 ) ;
#758 = CARTESIAN_POINT ( 'NONE',  ( -32.00000000000002132, 0.000000000000000000, 24.99999999999997868 ) ) ;
#759 = EDGE_CURVE ( 'NONE', #135, #41, #113, .T. ) ;
#760 = EDGE_LOOP ( 'NONE', ( #550, #968, #1299, #1513 ) ) ;
#761 = EDGE_CURVE ( 'NONE', #876, #1001, #1496, .T. ) ;
#762 = CARTESIAN_POINT ( 'NONE',  ( 125.0000000000002558, 0.000000000000000000, -10.00000000000005151 ) ) ;
#763 = ORIENTED_EDGE ( 'NONE', *, *, #1218, .T. ) ;
#764 = ADVANCED_FACE ( 'NONE', ( #526 ), #198, .F. ) ;
#765 = FACE_OUTER_BOUND ( 'NONE', #912, .T. ) ;
#766 = VERTEX_POINT ( 'NONE', #791 ) ;
#767 = AXIS2_PLACEMENT_3D ( 'NONE', #524, #652, #1366 ) ;
#768 = CARTESIAN_POINT ( 'NONE',  ( -124.9999999999997584, 140.0000000000000000, 10.00000000000003553 ) ) ;
#769 = DIRECTION ( 'NONE',  ( -0.000000000000000000, -0.000000000000000000, -1.000000000000000000 ) ) ;
#770 = DIRECTION ( 'NONE',  ( -0.000000000000000000, 1.000000000000000000, 0.000000000000000000 ) ) ;
#771 = CARTESIAN_POINT ( 'NONE',  ( -119.9999999999997726, 4.000000000000000000, 10.00000000000003375 ) ) ;
#772 = LINE ( 'NONE', #1312, #1122 ) ;
#773 = ADVANCED_FACE ( 'NONE', ( #1088 ), #181, .T. ) ;
#774 = AXIS2_PLACEMENT_3D ( 'NONE', #305, #1519, #68 ) ;
#775 = CIRCLE ( 'NONE', #534, 1.599999999999997202 ) ;
#776 = DIRECTION ( 'NONE',  ( 0.000000000000000000, 0.000000000000000000, -1.000000000000000000 ) ) ;
#777 = DIRECTION ( 'NONE',  ( 1.000000000000000000, 0.000000000000000000, 0.000000000000000000 ) ) ;
#778 = ORIENTED_EDGE ( 'NONE', *, *, #1478, .F. ) ;
#779 = ORIENTED_EDGE ( 'NONE', *, *, #584, .T. ) ;
#780 = CARTESIAN_POINT ( 'NONE',  ( 119.9999999999997584, 135.0000000000000000, 6.600000000000013856 ) ) ;
#781 = ORIENTED_EDGE ( 'NONE', *, *, #1231, .T. ) ;
#782 = DIRECTION ( 'NONE',  ( 0.000000000000000000, 0.000000000000000000, 1.000000000000000000 ) ) ;
#783 = CARTESIAN_POINT ( 'NONE',  ( 119.9999999999997584, 140.0000000000000000, 10.00000000000003553 ) ) ;
#784 = AXIS2_PLACEMENT_3D ( 'NONE', #1392, #656, #171 ) ;
#785 = DIRECTION ( 'NONE',  ( 3.330669073875469621E-16, -0.000000000000000000, 1.000000000000000000 ) ) ;
#786 = CARTESIAN_POINT ( 'NONE',  ( 119.9999999999997584, 135.0000000000000000, -6.600000000000013856 ) ) ;
#787 = CYLINDRICAL_SURFACE ( 'NONE', #1538, 1.100000000000000311 ) ;
#788 = ORIENTED_EDGE ( 'NONE', *, *, #267, .T. ) ;
#789 = VERTEX_POINT ( 'NONE', #911 ) ;
#790 = LINE ( 'NONE', #432, #559 ) ;
#791 = CARTESIAN_POINT ( 'NONE',  ( 30.00000000000000355, 4.000000000000000000, 6.000000000000000888 ) ) ;
#792 = EDGE_CURVE ( 'NONE', #1137, #376, #1589, .T. ) ;
#793 =( GEOMETRIC_REPRESENTATION_CONTEXT ( 3 ) GLOBAL_UNCERTAINTY_ASSIGNED_CONTEXT ( ( #1508 ) ) GLOBAL_UNIT_ASSIGNED_CONTEXT ( ( #1142, #1296, #467 ) ) REPRESENTATION_CONTEXT ( 'NONE', 'WORKASPACE' ) );
#794 = DIRECTION ( 'NONE',  ( -0.000000000000000000, -1.000000000000000000, -0.000000000000000000 ) ) ;
#795 = CARTESIAN_POINT ( 'NONE',  ( 119.9999999999997584, 0.000000000000000000, 10.00000000000003553 ) ) ;
#796 = CARTESIAN_POINT ( 'NONE',  ( -119.9999999999997584, 135.0000000000000000, 6.600000000000013856 ) ) ;
#797 = DIRECTION ( 'NONE',  ( 0.000000000000000000, 0.000000000000000000, -1.000000000000000000 ) ) ;
#798 = DIRECTION ( 'NONE',  ( 0.000000000000000000, 1.000000000000000000, 0.000000000000000000 ) ) ;
#799 = ORIENTED_EDGE ( 'NONE', *, *, #620, .T. ) ;
#800 = ORIENTED_EDGE ( 'NONE', *, *, #842, .F. ) ;
#801 = AXIS2_PLACEMENT_3D ( 'NONE', #9, #1465, #260 ) ;
#802 = LINE ( 'NONE', #494, #1078 ) ;
#803 = VERTEX_POINT ( 'NONE', #898 ) ;
#804 = CARTESIAN_POINT ( 'NONE',  ( 125.0000000000002558, 4.000000000000000000, -10.00000000000005151 ) ) ;
#805 = CARTESIAN_POINT ( 'NONE',  ( 125.0000000000002558, 4.000000000000000000, -10.00000000000005151 ) ) ;
#806 = CARTESIAN_POINT ( 'NONE',  ( -119.9999999999997584, 135.0000000000000000, -5.000000000000016875 ) ) ;
#807 = ORIENTED_EDGE ( 'NONE', *, *, #1572, .F. ) ;
#808 = FACE_OUTER_BOUND ( 'NONE', #1093, .T. ) ;
#809 = DIRECTION ( 'NONE',  ( -1.000000000000000000, 0.000000000000000000, 0.000000000000000000 ) ) ;
#810 = LINE ( 'NONE', #1322, #451 ) ;
#811 = CARTESIAN_POINT ( 'NONE',  ( -32.00000000000001421, 0.000000000000000000, -24.99999999999999645 ) ) ;
#812 = EDGE_CURVE ( 'NONE', #1181, #1357, #1156, .T. ) ;
#813 = EDGE_CURVE ( 'NONE', #1320, #35, #411, .T. ) ;
#814 = ORIENTED_EDGE ( 'NONE', *, *, #457, .F. ) ;
#815 = DIRECTION ( 'NONE',  ( 0.000000000000000000, 1.000000000000000000, 0.000000000000000000 ) ) ;
#816 = VERTEX_POINT ( 'NONE', #289 ) ;
#817 = APPLICATION_PROTOCOL_DEFINITION ( 'draft international standard', 'automotive_design', 1998, #1163 ) ;
#818 = ORIENTED_EDGE ( 'NONE', *, *, #1304, .T. ) ;
#819 = ORIENTED_EDGE ( 'NONE', *, *, #720, .T. ) ;
#820 = EDGE_CURVE ( 'NONE', #1181, #1301, #369, .T. ) ;
#821 = AXIS2_PLACEMENT_3D ( 'NONE', #601, #850, #736 ) ;
#822 = CARTESIAN_POINT ( 'NONE',  ( -28.00000000000000000, 4.000000000000000000, 19.89999999999999858 ) ) ;
#823 = ORIENTED_EDGE ( 'NONE', *, *, #851, .F. ) ;
#824 = VERTEX_POINT ( 'NONE', #414 ) ;
#825 = CIRCLE ( 'NONE', #1329, 1.599999999999997202 ) ;
#826 = ORIENTED_EDGE ( 'NONE', *, *, #7, .T. ) ;
#827 = DIRECTION ( 'NONE',  ( -0.000000000000000000, 1.000000000000000000, -0.000000000000000000 ) ) ;
#828 = VECTOR ( 'NONE', #465, 1000.000000000000000 ) ;
#829 = DIRECTION ( 'NONE',  ( 0.000000000000000000, 1.000000000000000000, 0.000000000000000000 ) ) ;
#830 = VECTOR ( 'NONE', #1364, 1000.000000000000000 ) ;
#831 = CARTESIAN_POINT ( 'NONE',  ( 125.0000000000002274, 4.000000000000000000, 9.999999999999966249 ) ) ;
#832 = CARTESIAN_POINT ( 'NONE',  ( 119.9999999999997584, 0.000000000000000000, -9.999999999999969802 ) ) ;
#833 = CARTESIAN_POINT ( 'NONE',  ( 124.9999999999997584, 135.0000000000000000, 5.000000000000016875 ) ) ;
#834 = CARTESIAN_POINT ( 'NONE',  ( 32.00000000000001421, 0.000000000000000000, 9.999999999999987566 ) ) ;
#835 = PLANE ( 'NONE',  #1089 ) ;
#836 = EDGE_LOOP ( 'NONE', ( #389, #1402, #1196, #134 ) ) ;
#837 = ORIENTED_EDGE ( 'NONE', *, *, #1020, .F. ) ;
#838 = CARTESIAN_POINT ( 'NONE',  ( 119.9999999999997584, 140.0000000000000000, 10.00000000000003553 ) ) ;
#839 = ORIENTED_EDGE ( 'NONE', *, *, #565, .T. ) ;
#840 = DIRECTION ( 'NONE',  ( -2.775557561562891351E-16, 0.000000000000000000, -1.000000000000000000 ) ) ;
#841 = EDGE_CURVE ( 'NONE', #1385, #1381, #1027, .T. ) ;
#842 = EDGE_CURVE ( 'NONE', #629, #1095, #1207, .T. ) ;
#843 = CARTESIAN_POINT ( 'NONE',  ( 24.82666069507763140, 4.000000000000000000, 22.40765060826418065 ) ) ;
#844 = FACE_OUTER_BOUND ( 'NONE', #666, .T. ) ;
#845 = VERTEX_POINT ( 'NONE', #780 ) ;
#846 = LINE ( 'NONE', #97, #594 ) ;
#847 = DIRECTION ( 'NONE',  ( 0.000000000000000000, 0.000000000000000000, -1.000000000000000000 ) ) ;
#848 = ORIENTED_EDGE ( 'NONE', *, *, #227, .F. ) ;
#849 = VECTOR ( 'NONE', #1193, 1000.000000000000000 ) ;
#850 = DIRECTION ( 'NONE',  ( 0.000000000000000000, 1.000000000000000000, 0.000000000000000000 ) ) ;
#851 = EDGE_CURVE ( 'NONE', #455, #577, #790, .T. ) ;
#852 = DIRECTION ( 'NONE',  ( -1.000000000000000000, -0.000000000000000000, -0.000000000000000000 ) ) ;
#853 = VERTEX_POINT ( 'NONE', #1386 ) ;
#854 = DIRECTION ( 'NONE',  ( 0.000000000000000000, 1.000000000000000000, 0.000000000000000000 ) ) ;
#855 = ORIENTED_EDGE ( 'NONE', *, *, #738, .T. ) ;
#856 = CARTESIAN_POINT ( 'NONE',  ( -124.9999999999997584, 140.0000000000000000, 10.00000000000003553 ) ) ;
#857 = DIRECTION ( 'NONE',  ( 0.000000000000000000, 0.000000000000000000, 1.000000000000000000 ) ) ;
#858 = ORIENTED_EDGE ( 'NONE', *, *, #1571, .F. ) ;
#859 = ADVANCED_FACE ( 'NONE', ( #273 ), #330, .T. ) ;
#860 = FACE_OUTER_BOUND ( 'NONE', #1214, .T. ) ;
#861 = DIRECTION ( 'NONE',  ( -1.000000000000000000, -0.000000000000000000, -0.000000000000000000 ) ) ;
#862 = EDGE_CURVE ( 'NONE', #367, #35, #1228, .T. ) ;
#863 = LINE ( 'NONE', #1227, #541 ) ;
#864 = VERTEX_POINT ( 'NONE', #454 ) ;
#865 = VERTEX_POINT ( 'NONE', #1542 ) ;
#866 = FACE_OUTER_BOUND ( 'NONE', #1489, .T. ) ;
#867 = CARTESIAN_POINT ( 'NONE',  ( -28.00000000000000000, 0.000000000000000000, 22.09999999999999787 ) ) ;
#868 = LINE ( 'NONE', #461, #1175 ) ;
#869 = CIRCLE ( 'NONE', #1353, 1.100000000000000311 ) ;
#870 = AXIS2_PLACEMENT_3D ( 'NONE', #307, #302, #1257 ) ;
#871 = CARTESIAN_POINT ( 'NONE',  ( 32.00000000000002132, 0.000000000000000000, 24.99999999999997868 ) ) ;
#872 = EDGE_CURVE ( 'NONE', #1095, #739, #751, .T. ) ;
#873 = CARTESIAN_POINT ( 'NONE',  ( -28.00000000000000355, 4.000000000000000000, -21.00000000000000355 ) ) ;
#874 = AXIS2_PLACEMENT_3D ( 'NONE', #117, #509, #875 ) ;
#875 = DIRECTION ( 'NONE',  ( 0.000000000000000000, 0.000000000000000000, -1.000000000000000000 ) ) ;
#876 = VERTEX_POINT ( 'NONE', #922 ) ;
#877 = EDGE_LOOP ( 'NONE', ( #1113, #953 ) ) ;
#878 = CARTESIAN_POINT ( 'NONE',  ( 125.0000000000002558, 0.000000000000000000, -10.00000000000005151 ) ) ;
#879 = ORIENTED_EDGE ( 'NONE', *, *, #317, .T. ) ;
#880 = CARTESIAN_POINT ( 'NONE',  ( 28.00000000000000000, 4.000000000000000000, 22.09999999999999787 ) ) ;
#881 = DIRECTION ( 'NONE',  ( 1.000000000000000000, 0.000000000000000000, 0.000000000000000000 ) ) ;
#882 = ADVANCED_FACE ( 'NONE', ( #138 ), #1085, .F. ) ;
#883 = VECTOR ( 'NONE', #57, 1000.000000000000000 ) ;
#884 = DIRECTION ( 'NONE',  ( 0.000000000000000000, 1.000000000000000000, 0.000000000000000000 ) ) ;
#885 = ORIENTED_EDGE ( 'NONE', *, *, #841, .T. ) ;
#886 = VECTOR ( 'NONE', #1182, 1000.000000000000000 ) ;
#887 = VECTOR ( 'NONE', #1083, 1000.000000000000000 ) ;
#888 = DIRECTION ( 'NONE',  ( 0.000000000000000000, 0.000000000000000000, -1.000000000000000000 ) ) ;
#889 = DIRECTION ( 'NONE',  ( 0.000000000000000000, 0.000000000000000000, -1.000000000000000000 ) ) ;
#890 = AXIS2_PLACEMENT_3D ( 'NONE', #25, #881, #13 ) ;
#891 = DIRECTION ( 'NONE',  ( -1.000000000000000000, -0.000000000000000000, -0.000000000000000000 ) ) ;
#892 = ORIENTED_EDGE ( 'NONE', *, *, #1252, .T. ) ;
#893 = DIRECTION ( 'NONE',  ( 1.000000000000000000, 0.000000000000000000, 0.000000000000000000 ) ) ;
#894 = EDGE_LOOP ( 'NONE', ( #981, #1504, #1460, #1256 ) ) ;
#895 = UNCERTAINTY_MEASURE_WITH_UNIT (LENGTH_MEASURE( 1.000000000000000082E-05 ), #150, 'distance_accuracy_value', 'NONE');
#896 = VERTEX_POINT ( 'NONE', #1545 ) ;
#897 = PRESENTATION_LAYER_ASSIGNMENT (  '', '', ( #324 ) ) ;
#898 = CARTESIAN_POINT ( 'NONE',  ( -119.9999999999997584, 140.0000000000000000, -9.999999999999969802 ) ) ;
#899 = CARTESIAN_POINT ( 'NONE',  ( 32.00000000000002132, 0.000000000000000000, 24.99999999999997868 ) ) ;
#900 = DIRECTION ( 'NONE',  ( -1.000000000000000000, 0.000000000000000000, 0.000000000000000000 ) ) ;
#901 = CYLINDRICAL_SURFACE ( 'NONE', #529, 1.599999999999997202 ) ;
#902 = EDGE_CURVE ( 'NONE', #391, #569, #868, .T. ) ;
#903 = ORIENTED_EDGE ( 'NONE', *, *, #1456, .F. ) ;
#904 = CARTESIAN_POINT ( 'NONE',  ( 125.0000000000002274, 4.000000000000000000, 9.999999999999966249 ) ) ;
#905 = VECTOR ( 'NONE', #827, 1000.000000000000000 ) ;
#906 = DIRECTION ( 'NONE',  ( -1.000000000000000000, 0.000000000000000000, 3.330669073875469621E-16 ) ) ;
#907 = ORIENTED_EDGE ( 'NONE', *, *, #1423, .F. ) ;
#908 = CARTESIAN_POINT ( 'NONE',  ( -119.9999999999997584, 135.0000000000000000, -6.600000000000013856 ) ) ;
#909 = DIRECTION ( 'NONE',  ( 0.000000000000000000, 0.000000000000000000, -1.000000000000000000 ) ) ;
#910 = VERTEX_POINT ( 'NONE', #822 ) ;
#911 = CARTESIAN_POINT ( 'NONE',  ( 24.82666069507763140, 4.000000000000000000, -22.40765060826418775 ) ) ;
#912 = EDGE_LOOP ( 'NONE', ( #1120, #1270, #570, #818 ) ) ;
#913 = VECTOR ( 'NONE', #88, 1000.000000000000000 ) ;
#914 = VECTOR ( 'NONE', #500, 1000.000000000000000 ) ;
#915 = ORIENTED_EDGE ( 'NONE', *, *, #1108, .T. ) ;
#916 = CARTESIAN_POINT ( 'NONE',  ( -32.00000000000001421, 0.000000000000000000, -24.99999999999999645 ) ) ;
#917 = DIRECTION ( 'NONE',  ( 0.000000000000000000, 0.000000000000000000, 1.000000000000000000 ) ) ;
#918 = VECTOR ( 'NONE', #769, 1000.000000000000000 ) ;
#919 = FACE_BOUND ( 'NONE', #1582, .T. ) ;
#920 = LINE ( 'NONE', #762, #1449 ) ;
#921 = ORIENTED_EDGE ( 'NONE', *, *, #319, .T. ) ;
#922 = CARTESIAN_POINT ( 'NONE',  ( -119.9999999999997584, 135.0000000000000000, 3.400000000000019451 ) ) ;
#923 = EDGE_CURVE ( 'NONE', #391, #517, #1347, .T. ) ;
#924 = LINE ( 'NONE', #285, #1310 ) ;
#925 = VERTEX_POINT ( 'NONE', #575 ) ;
#926 = CARTESIAN_POINT ( 'NONE',  ( -28.00000000000000000, 0.000000000000000000, 22.09999999999999787 ) ) ;
#927 = CARTESIAN_POINT ( 'NONE',  ( 27.99999999999999645, 0.000000000000000000, -21.00000000000000355 ) ) ;
#928 = AXIS2_PLACEMENT_3D ( 'NONE', #1525, #50, #1143 ) ;
#929 = ORIENTED_EDGE ( 'NONE', *, *, #296, .T. ) ;
#930 = VERTEX_POINT ( 'NONE', #1166 ) ;
#931 = ORIENTED_EDGE ( 'NONE', *, *, #646, .F. ) ;
#932 = PLANE ( 'NONE',  #1126 ) ;
#933 = VECTOR ( 'NONE', #794, 1000.000000000000000 ) ;
#934 = EDGE_LOOP ( 'NONE', ( #333, #536 ) ) ;
#935 = LINE ( 'NONE', #1190, #725 ) ;
#936 = CARTESIAN_POINT ( 'NONE',  ( -30.00000000000000000, 4.000000000000000000, -6.000000000000000888 ) ) ;
#937 = ORIENTED_EDGE ( 'NONE', *, *, #317, .F. ) ;
#938 = LINE ( 'NONE', #1107, #691 ) ;
#939 = DIRECTION ( 'NONE',  ( -1.000000000000000000, 0.000000000000000000, 0.000000000000000000 ) ) ;
#940 = ORIENTED_EDGE ( 'NONE', *, *, #724, .F. ) ;
#941 = CARTESIAN_POINT ( 'NONE',  ( 119.9999999999997584, 140.0000000000000000, -9.999999999999969802 ) ) ;
#942 = AXIS2_PLACEMENT_3D ( 'NONE', #679, #209, #443 ) ;
#943 = ORIENTED_EDGE ( 'NONE', *, *, #1304, .F. ) ;
#944 = CARTESIAN_POINT ( 'NONE',  ( 119.9999999999997584, 4.000000000000000000, -9.999999999999969802 ) ) ;
#945 = ORIENTED_EDGE ( 'NONE', *, *, #842, .T. ) ;
#946 = EDGE_CURVE ( 'NONE', #659, #1326, #1447, .T. ) ;
#947 = CARTESIAN_POINT ( 'NONE',  ( -24.82666069507763495, 0.000000000000000000, 22.40765060826418065 ) ) ;
#948 = ADVANCED_FACE ( 'NONE', ( #1394 ), #1172, .T. ) ;
#949 = DIRECTION ( 'NONE',  ( 0.000000000000000000, 1.000000000000000000, 0.000000000000000000 ) ) ;
#950 = ORIENTED_EDGE ( 'NONE', *, *, #87, .T. ) ;
#951 = CIRCLE ( 'NONE', #874, 1.599999999999997202 ) ;
#952 = DIRECTION ( 'NONE',  ( -0.000000000000000000, 0.000000000000000000, 1.000000000000000000 ) ) ;
#953 = ORIENTED_EDGE ( 'NONE', *, *, #1526, .T. ) ;
#954 = FACE_BOUND ( 'NONE', #120, .T. ) ;
#955 = DIRECTION ( 'NONE',  ( -1.000000000000000000, 0.000000000000000000, -0.000000000000000000 ) ) ;
#956 = LINE ( 'NONE', #878, #1030 ) ;
#957 = EDGE_CURVE ( 'NONE', #1474, #1385, #214, .T. ) ;
#958 = DIRECTION ( 'NONE',  ( 0.000000000000000000, 1.000000000000000000, 0.000000000000000000 ) ) ;
#959 = AXIS2_PLACEMENT_3D ( 'NONE', #1124, #1500, #1238 ) ;
#960 = DIRECTION ( 'NONE',  ( 0.000000000000000000, 0.000000000000000000, 1.000000000000000000 ) ) ;
#961 = EDGE_LOOP ( 'NONE', ( #1306, #480 ) ) ;
#962 = EDGE_LOOP ( 'NONE', ( #408, #1036 ) ) ;
#963 = ORIENTED_EDGE ( 'NONE', *, *, #1437, .T. ) ;
#964 = CARTESIAN_POINT ( 'NONE',  ( -28.00000000000000000, 0.000000000000000000, 19.89999999999999858 ) ) ;
#965 = VERTEX_POINT ( 'NONE', #562 ) ;
#966 = DIRECTION ( 'NONE',  ( 0.000000000000000000, 0.000000000000000000, -1.000000000000000000 ) ) ;
#967 = DIRECTION ( 'NONE',  ( -0.000000000000000000, -0.000000000000000000, 1.000000000000000000 ) ) ;
#968 = ORIENTED_EDGE ( 'NONE', *, *, #661, .F. ) ;
#969 = LINE ( 'NONE', #1458, #293 ) ;
#970 = VECTOR ( 'NONE', #1400, 1000.000000000000000 ) ;
#971 = ORIENTED_EDGE ( 'NONE', *, *, #185, .F. ) ;
#972 = AXIS2_PLACEMENT_3D ( 'NONE', #540, #184, #671 ) ;
#973 = CARTESIAN_POINT ( 'NONE',  ( 24.82666069507763140, 0.000000000000000000, 22.40765060826418065 ) ) ;
#974 = AXIS2_PLACEMENT_3D ( 'NONE', #1251, #1510, #782 ) ;
#975 = ADVANCED_FACE ( 'NONE', ( #1272 ), #456, .T. ) ;
#976 = ORIENTED_EDGE ( 'NONE', *, *, #1462, .F. ) ;
#977 = CARTESIAN_POINT ( 'NONE',  ( -28.00000000000000000, 4.000000000000000000, 22.09999999999999787 ) ) ;
#978 = ORIENTED_EDGE ( 'NONE', *, *, #1063, .F. ) ;
#979 = DIRECTION ( 'NONE',  ( 0.000000000000000000, 0.000000000000000000, 1.000000000000000000 ) ) ;
#980 = CARTESIAN_POINT ( 'NONE',  ( 32.00000000000002132, 0.000000000000000000, 24.99999999999997868 ) ) ;
#981 = ORIENTED_EDGE ( 'NONE', *, *, #1051, .F. ) ;
#982 = LINE ( 'NONE', #1518, #1016 ) ;
#983 = ORIENTED_EDGE ( 'NONE', *, *, #1289, .F. ) ;
#984 = DIRECTION ( 'NONE',  ( -1.000000000000000000, 0.000000000000000000, 2.775557561562891351E-16 ) ) ;
#985 = ADVANCED_FACE ( 'NONE', ( #707 ), #1567, .F. ) ;
#986 = CARTESIAN_POINT ( 'NONE',  ( -24.82666069507763495, 4.000000000000000000, 22.40765060826418065 ) ) ;
#987 = CARTESIAN_POINT ( 'NONE',  ( -32.00000000000001421, 4.000000000000000000, -24.99999999999999645 ) ) ;
#988 = EDGE_LOOP ( 'NONE', ( #1483, #1097, #855, #1488 ) ) ;
#989 = LINE ( 'NONE', #665, #672 ) ;
#990 = ORIENTED_EDGE ( 'NONE', *, *, #1231, .F. ) ;
#991 = FACE_BOUND ( 'NONE', #877, .T. ) ;
#992 = FACE_BOUND ( 'NONE', #476, .T. ) ;
#993 = AXIS2_PLACEMENT_3D ( 'NONE', #1132, #662, #46 ) ;
#994 = ADVANCED_FACE ( 'NONE', ( #390 ), #932, .T. ) ;
#995 = EDGE_CURVE ( 'NONE', #82, #752, #233, .T. ) ;
#996 = EDGE_CURVE ( 'NONE', #82, #440, #1473, .T. ) ;
#997 = DIRECTION ( 'NONE',  ( 0.000000000000000000, 1.000000000000000000, 0.000000000000000000 ) ) ;
#998 = ORIENTED_EDGE ( 'NONE', *, *, #236, .F. ) ;
#999 = CARTESIAN_POINT ( 'NONE',  ( -24.82666069507763495, 4.000000000000000000, 22.40765060826418065 ) ) ;
#1000 = AXIS2_PLACEMENT_3D ( 'NONE', #1194, #1328, #1077 ) ;
#1001 = VERTEX_POINT ( 'NONE', #1057 ) ;
#1002 = ADVANCED_FACE ( 'NONE', ( #178, #506, #954, #919, #1104, #481 ), #709, .F. ) ;
#1003 = ORIENTED_EDGE ( 'NONE', *, *, #348, .F. ) ;
#1004 = VECTOR ( 'NONE', #489, 1000.000000000000000 ) ;
#1005 = CARTESIAN_POINT ( 'NONE',  ( 32.00000000000001421, 0.000000000000000000, -10.00000000000000533 ) ) ;
#1006 = EDGE_CURVE ( 'NONE', #261, #1001, #1534, .T. ) ;
#1007 = AXIS2_PLACEMENT_3D ( 'NONE', #838, #593, #1444 ) ;
#1008 = CIRCLE ( 'NONE', #1210, 1.599999999999997202 ) ;
#1009 = PLANE ( 'NONE',  #1416 ) ;
#1010 = FACE_OUTER_BOUND ( 'NONE', #1318, .T. ) ;
#1011 = CIRCLE ( 'NONE', #315, 1.599999999999997202 ) ;
#1012 = DIRECTION ( 'NONE',  ( -0.000000000000000000, -0.000000000000000000, -1.000000000000000000 ) ) ;
#1013 = ORIENTED_EDGE ( 'NONE', *, *, #227, .T. ) ;
#1014 = VERTEX_POINT ( 'NONE', #336 ) ;
#1015 = ORIENTED_EDGE ( 'NONE', *, *, #5, .T. ) ;
#1016 = VECTOR ( 'NONE', #98, 1000.000000000000000 ) ;
#1017 = ORIENTED_EDGE ( 'NONE', *, *, #1153, .T. ) ;
#1018 = CARTESIAN_POINT ( 'NONE',  ( -28.00000000000000355, 4.000000000000000000, -21.00000000000000355 ) ) ;
#1019 = DIRECTION ( 'NONE',  ( 0.000000000000000000, 0.000000000000000000, -1.000000000000000000 ) ) ;
#1020 = EDGE_CURVE ( 'NONE', #421, #1165, #674, .T. ) ;
#1021 = ORIENTED_EDGE ( 'NONE', *, *, #1287, .F. ) ;
#1022 = CARTESIAN_POINT ( 'NONE',  ( -32.00000000000002132, 0.000000000000000000, 24.99999999999997868 ) ) ;
#1023 = LINE ( 'NONE', #281, #340 ) ;
#1024 = EDGE_CURVE ( 'NONE', #1215, #1320, #1492, .T. ) ;
#1025 = EDGE_LOOP ( 'NONE', ( #976, #353 ) ) ;
#1026 = FACE_BOUND ( 'NONE', #750, .T. ) ;
#1027 = LINE ( 'NONE', #424, #1141 ) ;
#1028 = DIRECTION ( 'NONE',  ( -0.000000000000000000, -0.000000000000000000, -1.000000000000000000 ) ) ;
#1029 = ORIENTED_EDGE ( 'NONE', *, *, #224, .T. ) ;
#1030 = VECTOR ( 'NONE', #401, 1000.000000000000000 ) ;
#1031 = CYLINDRICAL_SURFACE ( 'NONE', #653, 1.100000000000000311 ) ;
#1032 = DIRECTION ( 'NONE',  ( 0.000000000000000000, 1.000000000000000000, 0.000000000000000000 ) ) ;
#1033 = PLANE ( 'NONE',  #295 ) ;
#1034 = FACE_OUTER_BOUND ( 'NONE', #894, .T. ) ;
#1035 = AXIS2_PLACEMENT_3D ( 'NONE', #1261, #321, #909 ) ;
#1036 = ORIENTED_EDGE ( 'NONE', *, *, #10, .T. ) ;
#1037 = EDGE_LOOP ( 'NONE', ( #826, #749, #192, #450 ) ) ;
#1038 = CARTESIAN_POINT ( 'NONE',  ( -119.9999999999997584, 140.0000000000000000, 10.00000000000003553 ) ) ;
#1039 = VERTEX_POINT ( 'NONE', #1432 ) ;
#1040 = LINE ( 'NONE', #926, #235 ) ;
#1041 = DIRECTION ( 'NONE',  ( -1.000000000000000000, 0.000000000000000000, 0.000000000000000000 ) ) ;
#1042 = DIRECTION ( 'NONE',  ( -1.000000000000000000, 0.000000000000000000, 0.000000000000000000 ) ) ;
#1043 = LINE ( 'NONE', #448, #576 ) ;
#1044 = LINE ( 'NONE', #1064, #578 ) ;
#1045 = CARTESIAN_POINT ( 'NONE',  ( -119.9999999999997584, 140.0000000000000000, 10.00000000000003553 ) ) ;
#1046 = VECTOR ( 'NONE', #1012, 1000.000000000000000 ) ;
#1047 = DIRECTION ( 'NONE',  ( 0.000000000000000000, -0.000000000000000000, 1.000000000000000000 ) ) ;
#1048 = APPLICATION_PROTOCOL_DEFINITION ( 'draft international standard', 'automotive_design', 1998, #207 ) ;
#1049 = EDGE_LOOP ( 'NONE', ( #607, #492, #452, #301, #568, #1420, #1502, #1267, #1112, #343, #334, #460 ) ) ;
#1050 = ORIENTED_EDGE ( 'NONE', *, *, #1158, .T. ) ;
#1051 = EDGE_CURVE ( 'NONE', #1014, #446, #772, .T. ) ;
#1052 = AXIS2_PLACEMENT_3D ( 'NONE', #405, #1138, #776 ) ;
#1053 = ORIENTED_EDGE ( 'NONE', *, *, #1185, .F. ) ;
#1054 = DIRECTION ( 'NONE',  ( 0.000000000000000000, 0.000000000000000000, -1.000000000000000000 ) ) ;
#1055 = CYLINDRICAL_SURFACE ( 'NONE', #1201, 1.599999999999997202 ) ;
#1056 = ORIENTED_EDGE ( 'NONE', *, *, #1339, .T. ) ;
#1057 = CARTESIAN_POINT ( 'NONE',  ( -124.9999999999997584, 135.0000000000000000, 3.400000000000019451 ) ) ;
#1058 = ORIENTED_EDGE ( 'NONE', *, *, #872, .T. ) ;
#1059 = CIRCLE ( 'NONE', #574, 1.599999999999997202 ) ;
#1060 = DIRECTION ( 'NONE',  ( 0.000000000000000000, 1.000000000000000000, 0.000000000000000000 ) ) ;
#1061 = ORIENTED_EDGE ( 'NONE', *, *, #636, .T. ) ;
#1062 = LINE ( 'NONE', #600, #431 ) ;
#1063 = EDGE_CURVE ( 'NONE', #41, #1215, #635, .T. ) ;
#1064 = CARTESIAN_POINT ( 'NONE',  ( -30.00000000000000000, 4.000000000000000000, -6.000000000000000888 ) ) ;
#1065 = FACE_BOUND ( 'NONE', #645, .T. ) ;
#1066 = LINE ( 'NONE', #1226, #754 ) ;
#1067 = PLANE ( 'NONE',  #732 ) ;
#1068 = CARTESIAN_POINT ( 'NONE',  ( 27.99999999999999645, 4.000000000000000000, -22.10000000000000497 ) ) ;
#1069 = CIRCLE ( 'NONE', #4, 1.599999999999997202 ) ;
#1070 = PLANE ( 'NONE',  #1277 ) ;
#1071 = DIRECTION ( 'NONE',  ( 0.000000000000000000, 0.000000000000000000, 1.000000000000000000 ) ) ;
#1072 = ORIENTED_EDGE ( 'NONE', *, *, #128, .T. ) ;
#1073 = CARTESIAN_POINT ( 'NONE',  ( 119.9999999999997584, 140.0000000000000000, -9.999999999999969802 ) ) ;
#1074 = EDGE_CURVE ( 'NONE', #1258, #561, #447, .T. ) ;
#1075 = EDGE_LOOP ( 'NONE', ( #879, #12, #100, #915 ) ) ;
#1076 = PRESENTATION_STYLE_ASSIGNMENT (( #757 ) ) ;
#1077 = DIRECTION ( 'NONE',  ( 0.000000000000000000, -0.000000000000000000, -1.000000000000000000 ) ) ;
#1078 = VECTOR ( 'NONE', #1579, 1000.000000000000000 ) ;
#1079 = ORIENTED_EDGE ( 'NONE', *, *, #5, .F. ) ;
#1080 = EDGE_CURVE ( 'NONE', #561, #896, #157, .T. ) ;
#1081 = DIRECTION ( 'NONE',  ( 0.000000000000000000, -1.000000000000000000, 0.000000000000000000 ) ) ;
#1082 = AXIS2_PLACEMENT_3D ( 'NONE', #248, #372, #731 ) ;
#1083 = DIRECTION ( 'NONE',  ( 0.000000000000000000, 0.000000000000000000, -1.000000000000000000 ) ) ;
#1084 = CIRCLE ( 'NONE', #1362, 1.100000000000000311 ) ;
#1085 = CYLINDRICAL_SURFACE ( 'NONE', #631, 1.599999999999997202 ) ;
#1086 = VERTEX_POINT ( 'NONE', #589 ) ;
#1087 = DIRECTION ( 'NONE',  ( -1.000000000000000000, 0.000000000000000000, 3.330669073875469621E-16 ) ) ;
#1088 = FACE_OUTER_BOUND ( 'NONE', #1590, .T. ) ;
#1089 = AXIS2_PLACEMENT_3D ( 'NONE', #1090, #393, #733 ) ;
#1090 = CARTESIAN_POINT ( 'NONE',  ( 24.82666069507763140, 0.000000000000000000, -22.40765060826418775 ) ) ;
#1091 = CARTESIAN_POINT ( 'NONE',  ( 27.99999999999999645, 0.000000000000000000, -22.10000000000000497 ) ) ;
#1092 = DIRECTION ( 'NONE',  ( -1.000000000000000000, -0.000000000000000000, -0.000000000000000000 ) ) ;
#1093 = EDGE_LOOP ( 'NONE', ( #929, #1555, #1281, #49 ) ) ;
#1094 = AXIS2_PLACEMENT_3D ( 'NONE', #6, #729, #1588 ) ;
#1095 = VERTEX_POINT ( 'NONE', #947 ) ;
#1096 = FACE_BOUND ( 'NONE', #667, .T. ) ;
#1097 = ORIENTED_EDGE ( 'NONE', *, *, #493, .T. ) ;
#1098 = CARTESIAN_POINT ( 'NONE',  ( 28.00000000000000000, 0.000000000000000000, 19.89999999999999858 ) ) ;
#1099 = ADVANCED_FACE ( 'NONE', ( #991, #108, #312 ), #1067, .F. ) ;
#1100 = CARTESIAN_POINT ( 'NONE',  ( 30.00000000000000355, 4.000000000000000000, 6.000000000000000888 ) ) ;
#1101 = CARTESIAN_POINT ( 'NONE',  ( -30.00000000000000000, 4.000000000000000000, 6.000000000000000888 ) ) ;
#1102 = FACE_OUTER_BOUND ( 'NONE', #73, .T. ) ;
#1103 = DIRECTION ( 'NONE',  ( 0.000000000000000000, 1.000000000000000000, 0.000000000000000000 ) ) ;
#1104 = FACE_BOUND ( 'NONE', #1025, .T. ) ;
#1105 = ORIENTED_EDGE ( 'NONE', *, *, #730, .F. ) ;
#1106 = EDGE_CURVE ( 'NONE', #1165, #673, #846, .T. ) ;
#1107 = CARTESIAN_POINT ( 'NONE',  ( -119.9999999999997584, 0.000000000000000000, 10.00000000000003553 ) ) ;
#1108 = EDGE_CURVE ( 'NONE', #118, #789, #1547, .T. ) ;
#1109 =( NAMED_UNIT ( * ) SI_UNIT ( $, .STERADIAN. ) SOLID_ANGLE_UNIT ( ) );
#1110 = PLANE ( 'NONE',  #1285 ) ;
#1111 = ADVANCED_FACE ( 'NONE', ( #808 ), #91, .F. ) ;
#1112 = ORIENTED_EDGE ( 'NONE', *, *, #862, .T. ) ;
#1113 = ORIENTED_EDGE ( 'NONE', *, *, #661, .T. ) ;
#1114 = AXIS2_PLACEMENT_3D ( 'NONE', #583, #1278, #77 ) ;
#1115 = VECTOR ( 'NONE', #889, 1000.000000000000000 ) ;
#1116 = DIRECTION ( 'NONE',  ( -1.000000000000000000, 0.000000000000000000, -1.387778780781444689E-15 ) ) ;
#1117 = EDGE_CURVE ( 'NONE', #35, #1014, #1189, .T. ) ;
#1118 = AXIS2_PLACEMENT_3D ( 'NONE', #927, #54, #439 ) ;
#1119 =( NAMED_UNIT ( * ) PLANE_ANGLE_UNIT ( ) SI_UNIT ( $, .RADIAN. ) );
#1120 = ORIENTED_EDGE ( 'NONE', *, *, #812, .F. ) ;
#1121 = DIRECTION ( 'NONE',  ( -0.000000000000000000, -0.000000000000000000, -1.000000000000000000 ) ) ;
#1122 = VECTOR ( 'NONE', #1324, 1000.000000000000000 ) ;
#1123 = VECTOR ( 'NONE', #967, 1000.000000000000000 ) ;
#1124 = CARTESIAN_POINT ( 'NONE',  ( -28.00000000000000355, 0.000000000000000000, -21.00000000000000355 ) ) ;
#1125 = ORIENTED_EDGE ( 'NONE', *, *, #1572, .T. ) ;
#1126 = AXIS2_PLACEMENT_3D ( 'NONE', #1045, #690, #1047 ) ;
#1127 = DIRECTION ( 'NONE',  ( 1.000000000000000000, 0.000000000000000000, -0.000000000000000000 ) ) ;
#1128 = ORIENTED_EDGE ( 'NONE', *, *, #720, .F. ) ;
#1129 = EDGE_LOOP ( 'NONE', ( #1219, #670, #1391, #1105 ) ) ;
#1130 = CARTESIAN_POINT ( 'NONE',  ( 24.82666069507763140, 0.000000000000000000, 22.40765060826418065 ) ) ;
#1131 = ORIENTED_EDGE ( 'NONE', *, *, #1151, .T. ) ;
#1132 = CARTESIAN_POINT ( 'NONE',  ( 27.99999999999999645, 4.000000000000000000, -21.00000000000000355 ) ) ;
#1133 = CARTESIAN_POINT ( 'NONE',  ( -124.9999999999997584, 135.0000000000000000, -6.600000000000013856 ) ) ;
#1134 = CARTESIAN_POINT ( 'NONE',  ( -24.82666069507763495, 0.000000000000000000, -22.40765060826418775 ) ) ;
#1135 = EDGE_CURVE ( 'NONE', #320, #275, #520, .T. ) ;
#1136 = AXIS2_PLACEMENT_3D ( 'NONE', #1528, #798, #1157 ) ;
#1137 = VERTEX_POINT ( 'NONE', #843 ) ;
#1138 = DIRECTION ( 'NONE',  ( 1.000000000000000000, 0.000000000000000000, 0.000000000000000000 ) ) ;
#1139 = VECTOR ( 'NONE', #1103, 1000.000000000000000 ) ;
#1140 = EDGE_LOOP ( 'NONE', ( #525, #1236 ) ) ;
#1141 = VECTOR ( 'NONE', #1517, 1000.000000000000000 ) ;
#1142 =( LENGTH_UNIT ( ) NAMED_UNIT ( * ) SI_UNIT ( .MILLI., .METRE. ) );
#1143 = DIRECTION ( 'NONE',  ( 1.000000000000000000, 0.000000000000000000, -0.000000000000000000 ) ) ;
#1144 = CARTESIAN_POINT ( 'NONE',  ( -124.9999999999997584, 135.0000000000000000, 6.600000000000013856 ) ) ;
#1145 = CARTESIAN_POINT ( 'NONE',  ( -24.82666069507763495, 0.000000000000000000, -22.40765060826418775 ) ) ;
#1146 = ORIENTED_EDGE ( 'NONE', *, *, #296, .F. ) ;
#1147 = ORIENTED_EDGE ( 'NONE', *, *, #258, .T. ) ;
#1148 = VERTEX_POINT ( 'NONE', #102 ) ;
#1149 = AXIS2_PLACEMENT_3D ( 'NONE', #1188, #829, #1279 ) ;
#1150 = CARTESIAN_POINT ( 'NONE',  ( 124.9999999999997584, 135.0000000000000000, -3.400000000000019451 ) ) ;
#1151 = EDGE_CURVE ( 'NONE', #375, #845, #1411, .T. ) ;
#1152 = DIRECTION ( 'NONE',  ( 0.000000000000000000, 0.000000000000000000, 1.000000000000000000 ) ) ;
#1153 = EDGE_CURVE ( 'NONE', #485, #910, #195, .T. ) ;
#1154 = VECTOR ( 'NONE', #1557, 1000.000000000000000 ) ;
#1155 = FACE_OUTER_BOUND ( 'NONE', #760, .T. ) ;
#1156 = LINE ( 'NONE', #908, #658 ) ;
#1157 = DIRECTION ( 'NONE',  ( 0.000000000000000000, 0.000000000000000000, 1.000000000000000000 ) ) ;
#1158 = EDGE_CURVE ( 'NONE', #1215, #367, #969, .T. ) ;
#1159 = AXIS2_PLACEMENT_3D ( 'NONE', #743, #280, #1177 ) ;
#1160 = ORIENTED_EDGE ( 'NONE', *, *, #995, .F. ) ;
#1161 = DIRECTION ( 'NONE',  ( -1.000000000000000000, -0.000000000000000000, -0.000000000000000000 ) ) ;
#1162 = VERTEX_POINT ( 'NONE', #89 ) ;
#1163 = APPLICATION_CONTEXT ( 'automotive_design' ) ;
#1164 = ORIENTED_EDGE ( 'NONE', *, *, #759, .F. ) ;
#1165 = VERTEX_POINT ( 'NONE', #944 ) ;
#1166 = CARTESIAN_POINT ( 'NONE',  ( 124.9999999999997584, 135.0000000000000000, 6.600000000000013856 ) ) ;
#1167 = EDGE_CURVE ( 'NONE', #688, #367, #1062, .T. ) ;
#1168 = SHAPE_DEFINITION_REPRESENTATION ( #28, #427 ) ;
#1169 = ORIENTED_EDGE ( 'NONE', *, *, #851, .T. ) ;
#1170 = ORIENTED_EDGE ( 'NONE', *, *, #1481, .T. ) ;
#1171 = LINE ( 'NONE', #628, #612 ) ;
#1172 = PLANE ( 'NONE',  #1114 ) ;
#1173 = EDGE_CURVE ( 'NONE', #446, #673, #328, .T. ) ;
#1174 = ORIENTED_EDGE ( 'NONE', *, *, #165, .F. ) ;
#1175 = VECTOR ( 'NONE', #682, 1000.000000000000000 ) ;
#1176 = DIRECTION ( 'NONE',  ( 0.000000000000000000, 0.000000000000000000, -1.000000000000000000 ) ) ;
#1177 = DIRECTION ( 'NONE',  ( 0.000000000000000000, 0.000000000000000000, -1.000000000000000000 ) ) ;
#1178 = CARTESIAN_POINT ( 'NONE',  ( -32.00000000000001421, 0.000000000000000000, 9.999999999999987566 ) ) ;
#1179 = VERTEX_POINT ( 'NONE', #99 ) ;
#1180 = EDGE_CURVE ( 'NONE', #865, #1520, #1044, .T. ) ;
#1181 = VERTEX_POINT ( 'NONE', #1561 ) ;
#1182 = DIRECTION ( 'NONE',  ( 1.000000000000000000, -0.000000000000000000, -2.775557561562891351E-16 ) ) ;
#1183 = ORIENTED_EDGE ( 'NONE', *, *, #957, .F. ) ;
#1184 = DIRECTION ( 'NONE',  ( 1.000000000000000000, 0.000000000000000000, -0.000000000000000000 ) ) ;
#1185 = EDGE_CURVE ( 'NONE', #1443, #441, #1429, .T. ) ;
#1186 = CARTESIAN_POINT ( 'NONE',  ( 119.9999999999997584, 135.0000000000000000, 3.400000000000019451 ) ) ;
#1187 = ORIENTED_EDGE ( 'NONE', *, *, #512, .F. ) ;
#1188 = CARTESIAN_POINT ( 'NONE',  ( 28.00000000000000000, 0.000000000000000000, 20.99999999999999645 ) ) ;
#1189 = LINE ( 'NONE', #712, #581 ) ;
#1190 = CARTESIAN_POINT ( 'NONE',  ( -119.9999999999997584, 140.0000000000000000, 10.00000000000003553 ) ) ;
#1191 = LINE ( 'NONE', #246, #1230 ) ;
#1192 = CYLINDRICAL_SURFACE ( 'NONE', #299, 1.100000000000000311 ) ;
#1193 = DIRECTION ( 'NONE',  ( -1.000000000000000000, 0.000000000000000000, 0.000000000000000000 ) ) ;
#1194 = CARTESIAN_POINT ( 'NONE',  ( 0.000000000000000000, 0.000000000000000000, 0.000000000000000000 ) ) ;
#1195 = DIRECTION ( 'NONE',  ( 0.000000000000000000, 1.000000000000000000, 0.000000000000000000 ) ) ;
#1196 = ORIENTED_EDGE ( 'NONE', *, *, #185, .T. ) ;
#1197 = CARTESIAN_POINT ( 'NONE',  ( 119.9999999999997584, 0.000000000000000000, 0.000000000000000000 ) ) ;
#1198 = EDGE_CURVE ( 'NONE', #925, #135, #935, .T. ) ;
#1199 = ORIENTED_EDGE ( 'NONE', *, *, #1080, .T. ) ;
#1200 = ORIENTED_EDGE ( 'NONE', *, *, #1024, .T. ) ;
#1201 = AXIS2_PLACEMENT_3D ( 'NONE', #357, #1457, #966 ) ;
#1202 = DIRECTION ( 'NONE',  ( 0.000000000000000000, 1.000000000000000000, 0.000000000000000000 ) ) ;
#1203 = DIRECTION ( 'NONE',  ( 0.000000000000000000, 1.000000000000000000, 0.000000000000000000 ) ) ;
#1204 = ADVANCED_FACE ( 'NONE', ( #1010 ), #1070, .T. ) ;
#1205 = FACE_OUTER_BOUND ( 'NONE', #363, .T. ) ;
#1206 = PLANE ( 'NONE',  #1454 ) ;
#1207 = LINE ( 'NONE', #436, #543 ) ;
#1208 = EDGE_CURVE ( 'NONE', #440, #199, #689, .T. ) ;
#1209 = DIRECTION ( 'NONE',  ( 0.000000000000000000, 0.000000000000000000, 1.000000000000000000 ) ) ;
#1210 = AXIS2_PLACEMENT_3D ( 'NONE', #833, #692, #1176 ) ;
#1211 = CARTESIAN_POINT ( 'NONE',  ( 24.82666069507763140, 0.000000000000000000, -6.000000000000001776 ) ) ;
#1212 = CARTESIAN_POINT ( 'NONE',  ( -32.00000000000001421, 4.000000000000000000, -24.99999999999999645 ) ) ;
#1213 = CARTESIAN_POINT ( 'NONE',  ( -28.00000000000000000, 0.000000000000000000, 20.99999999999999645 ) ) ;
#1214 = EDGE_LOOP ( 'NONE', ( #1263, #823, #1273, #552 ) ) ;
#1215 = VERTEX_POINT ( 'NONE', #1178 ) ;
#1216 = DIRECTION ( 'NONE',  ( 0.000000000000000000, 0.000000000000000000, 1.000000000000000000 ) ) ;
#1217 = LINE ( 'NONE', #444, #587 ) ;
#1218 = EDGE_CURVE ( 'NONE', #48, #1371, #1586, .T. ) ;
#1219 = ORIENTED_EDGE ( 'NONE', *, *, #1526, .F. ) ;
#1220 = VECTOR ( 'NONE', #505, 1000.000000000000000 ) ;
#1221 = CARTESIAN_POINT ( 'NONE',  ( -124.9999999999997584, 135.0000000000000000, -5.000000000000016875 ) ) ;
#1222 = ADVANCED_FACE ( 'NONE', ( #1102 ), #787, .F. ) ;
#1223 = DIRECTION ( 'NONE',  ( -1.000000000000000000, 0.000000000000000000, 0.000000000000000000 ) ) ;
#1224 = VECTOR ( 'NONE', #191, 1000.000000000000000 ) ;
#1225 = LINE ( 'NONE', #533, #918 ) ;
#1226 = CARTESIAN_POINT ( 'NONE',  ( -24.82666069507763495, 0.000000000000000000, 22.40765060826418065 ) ) ;
#1227 = CARTESIAN_POINT ( 'NONE',  ( 119.9999999999997584, 135.0000000000000000, -3.400000000000019451 ) ) ;
#1228 = LINE ( 'NONE', #1288, #1431 ) ;
#1229 = DIRECTION ( 'NONE',  ( 1.000000000000000000, 0.000000000000000000, 0.000000000000000000 ) ) ;
#1230 = VECTOR ( 'NONE', #374, 1000.000000000000000 ) ;
#1231 = EDGE_CURVE ( 'NONE', #48, #659, #1546, .T. ) ;
#1232 = DIRECTION ( 'NONE',  ( 0.000000000000000000, 1.000000000000000000, 0.000000000000000000 ) ) ;
#1233 = ADVANCED_FACE ( 'NONE', ( #1205 ), #901, .F. ) ;
#1234 = DIRECTION ( 'NONE',  ( 0.000000000000000000, 0.000000000000000000, 1.000000000000000000 ) ) ;
#1235 = AXIS2_PLACEMENT_3D ( 'NONE', #1452, #861, #1445 ) ;
#1236 = ORIENTED_EDGE ( 'NONE', *, *, #194, .F. ) ;
#1237 = CARTESIAN_POINT ( 'NONE',  ( 32.00000000000001421, 4.000000000000000000, -10.00000000000002132 ) ) ;
#1238 = DIRECTION ( 'NONE',  ( 0.000000000000000000, 0.000000000000000000, 1.000000000000000000 ) ) ;
#1239 = ORIENTED_EDGE ( 'NONE', *, *, #678, .F. ) ;
#1240 = VECTOR ( 'NONE', #1309, 1000.000000000000000 ) ;
#1241 = ADVANCED_FACE ( 'NONE', ( #590 ), #835, .F. ) ;
#1242 = ORIENTED_EDGE ( 'NONE', *, *, #547, .T. ) ;
#1243 = ORIENTED_EDGE ( 'NONE', *, *, #87, .F. ) ;
#1244 = CARTESIAN_POINT ( 'NONE',  ( -30.00000000000000000, 4.000000000000000000, 6.000000000000000888 ) ) ;
#1245 = LINE ( 'NONE', #76, #406 ) ;
#1246 = ORIENTED_EDGE ( 'NONE', *, *, #1218, .F. ) ;
#1247 = VECTOR ( 'NONE', #361, 1000.000000000000000 ) ;
#1248 = ORIENTED_EDGE ( 'NONE', *, *, #678, .T. ) ;
#1249 = DIRECTION ( 'NONE',  ( 0.000000000000000000, 0.000000000000000000, 1.000000000000000000 ) ) ;
#1250 = LINE ( 'NONE', #257, #849 ) ;
#1251 = CARTESIAN_POINT ( 'NONE',  ( 119.9999999999997584, 135.0000000000000000, -5.000000000000016875 ) ) ;
#1252 = EDGE_CURVE ( 'NONE', #853, #930, #951, .T. ) ;
#1253 = CARTESIAN_POINT ( 'NONE',  ( -30.00000000000000000, 4.000000000000000000, 6.000000000000000888 ) ) ;
#1254 = DIRECTION ( 'NONE',  ( -1.000000000000000000, -0.000000000000000000, -0.000000000000000000 ) ) ;
#1255 = DIRECTION ( 'NONE',  ( 1.000000000000000000, 0.000000000000000000, 0.000000000000000000 ) ) ;
#1256 = ORIENTED_EDGE ( 'NONE', *, *, #437, .T. ) ;
#1257 = DIRECTION ( 'NONE',  ( 0.000000000000000000, 0.000000000000000000, 1.000000000000000000 ) ) ;
#1258 = VERTEX_POINT ( 'NONE', #254 ) ;
#1259 = DIRECTION ( 'NONE',  ( -4.625929269271489858E-16, 0.000000000000000000, -1.000000000000000000 ) ) ;
#1260 = LINE ( 'NONE', #710, #913 ) ;
#1261 = CARTESIAN_POINT ( 'NONE',  ( -119.9999999999997584, 135.0000000000000000, 5.000000000000016875 ) ) ;
#1262 = FACE_OUTER_BOUND ( 'NONE', #1548, .T. ) ;
#1263 = ORIENTED_EDGE ( 'NONE', *, *, #591, .F. ) ;
#1264 = CARTESIAN_POINT ( 'NONE',  ( -119.9999999999997584, 135.0000000000000000, 3.400000000000019451 ) ) ;
#1265 = EDGE_CURVE ( 'NONE', #910, #474, #271, .T. ) ;
#1266 = CARTESIAN_POINT ( 'NONE',  ( 30.00000000000000355, 4.000000000000000000, 6.000000000000000888 ) ) ;
#1267 = ORIENTED_EDGE ( 'NONE', *, *, #1167, .T. ) ;
#1268 = VECTOR ( 'NONE', #893, 1000.000000000000000 ) ;
#1269 = AXIS2_PLACEMENT_3D ( 'NONE', #360, #721, #1 ) ;
#1270 = ORIENTED_EDGE ( 'NONE', *, *, #615, .F. ) ;
#1271 = FACE_OUTER_BOUND ( 'NONE', #149, .T. ) ;
#1272 = FACE_OUTER_BOUND ( 'NONE', #206, .T. ) ;
#1273 = ORIENTED_EDGE ( 'NONE', *, *, #700, .T. ) ;
#1274 = CARTESIAN_POINT ( 'NONE',  ( -119.9999999999997584, 135.0000000000000000, -5.000000000000016875 ) ) ;
#1275 = CIRCLE ( 'NONE', #58, 1.599999999999997202 ) ;
#1276 = PLANE ( 'NONE',  #1295 ) ;
#1277 = AXIS2_PLACEMENT_3D ( 'NONE', #338, #345, #111 ) ;
#1278 = DIRECTION ( 'NONE',  ( -1.000000000000000000, 0.000000000000000000, 0.000000000000000000 ) ) ;
#1279 = DIRECTION ( 'NONE',  ( 0.000000000000000000, 0.000000000000000000, 1.000000000000000000 ) ) ;
#1280 = DIRECTION ( 'NONE',  ( 0.000000000000000000, 1.000000000000000000, 0.000000000000000000 ) ) ;
#1281 = ORIENTED_EDGE ( 'NONE', *, *, #380, .F. ) ;
#1282 = ORIENTED_EDGE ( 'NONE', *, *, #1180, .F. ) ;
#1283 = ORIENTED_EDGE ( 'NONE', *, *, #620, .F. ) ;
#1284 = DIRECTION ( 'NONE',  ( 0.000000000000000000, 1.000000000000000000, 0.000000000000000000 ) ) ;
#1285 = AXIS2_PLACEMENT_3D ( 'NONE', #626, #1116, #161 ) ;
#1286 = DIRECTION ( 'NONE',  ( 0.000000000000000000, 1.000000000000000000, 0.000000000000000000 ) ) ;
#1287 = EDGE_CURVE ( 'NONE', #714, #346, #1171, .T. ) ;
#1288 = CARTESIAN_POINT ( 'NONE',  ( -32.00000000000002132, 4.000000000000000000, 24.99999999999997868 ) ) ;
#1289 = EDGE_CURVE ( 'NONE', #517, #1086, #657, .T. ) ;
#1290 = VECTOR ( 'NONE', #124, 1000.000000000000000 ) ;
#1291 =( LENGTH_UNIT ( ) NAMED_UNIT ( * ) SI_UNIT ( .MILLI., .METRE. ) );
#1292 = ORIENTED_EDGE ( 'NONE', *, *, #247, .T. ) ;
#1293 = CIRCLE ( 'NONE', #114, 1.100000000000000311 ) ;
#1294 = EDGE_LOOP ( 'NONE', ( #167, #572, #1335, #1532 ) ) ;
#1295 = AXIS2_PLACEMENT_3D ( 'NONE', #1539, #1440, #1564 ) ;
#1296 =( NAMED_UNIT ( * ) PLANE_ANGLE_UNIT ( ) SI_UNIT ( $, .RADIAN. ) );
#1297 = EDGE_CURVE ( 'NONE', #1556, #1148, #1059, .T. ) ;
#1298 = AXIS2_PLACEMENT_3D ( 'NONE', #1145, #1042, #917 ) ;
#1299 = ORIENTED_EDGE ( 'NONE', *, *, #730, .T. ) ;
#1300 = ORIENTED_EDGE ( 'NONE', *, *, #1434, .T. ) ;
#1301 = VERTEX_POINT ( 'NONE', #388 ) ;
#1302 = CARTESIAN_POINT ( 'NONE',  ( 0.000000000000000000, 4.000000000000000000, 0.000000000000000000 ) ) ;
#1303 = AXIS2_PLACEMENT_3D ( 'NONE', #1499, #745, #272 ) ;
#1304 = EDGE_CURVE ( 'NONE', #1543, #1357, #825, .T. ) ;
#1305 = VECTOR ( 'NONE', #906, 1000.000000000000000 ) ;
#1306 = ORIENTED_EDGE ( 'NONE', *, *, #1151, .F. ) ;
#1307 = VECTOR ( 'NONE', #352, 1000.000000000000000 ) ;
#1308 =( NAMED_UNIT ( * ) PLANE_ANGLE_UNIT ( ) SI_UNIT ( $, .RADIAN. ) );
#1309 = DIRECTION ( 'NONE',  ( 0.000000000000000000, 0.000000000000000000, -1.000000000000000000 ) ) ;
#1310 = VECTOR ( 'NONE', #18, 1000.000000000000000 ) ;
#1311 = CARTESIAN_POINT ( 'NONE',  ( 30.00000000000000355, 4.000000000000000000, -6.000000000000000888 ) ) ;
#1312 = CARTESIAN_POINT ( 'NONE',  ( 32.00000000000002132, 4.000000000000000000, 24.99999999999997868 ) ) ;
#1313 = CARTESIAN_POINT ( 'NONE',  ( -32.00000000000002842, 4.000000000000000000, 10.00000000000000888 ) ) ;
#1314 = CARTESIAN_POINT ( 'NONE',  ( -24.82666069507763495, 0.000000000000000000, -22.40765060826418775 ) ) ;
#1315 = DIRECTION ( 'NONE',  ( -0.000000000000000000, -1.000000000000000000, -0.000000000000000000 ) ) ;
#1316 = ORIENTED_EDGE ( 'NONE', *, *, #946, .T. ) ;
#1317 = EDGE_CURVE ( 'NONE', #1148, #1480, #863, .T. ) ;
#1318 = EDGE_LOOP ( 'NONE', ( #814, #683, #610, #819 ) ) ;
#1319 = CARTESIAN_POINT ( 'NONE',  ( 24.82666069507763140, 0.000000000000000000, -22.40765060826418775 ) ) ;
#1320 = VERTEX_POINT ( 'NONE', #758 ) ;
#1321 = VECTOR ( 'NONE', #93, 1000.000000000000000 ) ;
#1322 = CARTESIAN_POINT ( 'NONE',  ( 119.9999999999997584, 135.0000000000000000, -6.600000000000013856 ) ) ;
#1323 = DIRECTION ( 'NONE',  ( 1.000000000000000000, -0.000000000000000000, -2.775557561562891351E-16 ) ) ;
#1324 = DIRECTION ( 'NONE',  ( -4.625929269271488872E-16, 0.000000000000000000, -1.000000000000000000 ) ) ;
#1325 = CARTESIAN_POINT ( 'NONE',  ( -24.82666069507763495, 4.000000000000000000, 6.000000000000001776 ) ) ;
#1326 = VERTEX_POINT ( 'NONE', #1211 ) ;
#1327 = EDGE_CURVE ( 'NONE', #1374, #1443, #1512, .T. ) ;
#1328 = DIRECTION ( 'NONE',  ( 0.000000000000000000, -1.000000000000000000, 0.000000000000000000 ) ) ;
#1329 = AXIS2_PLACEMENT_3D ( 'NONE', #1221, #1355, #744 ) ;
#1330 = LINE ( 'NONE', #611, #294 ) ;
#1331 = ORIENTED_EDGE ( 'NONE', *, *, #30, .F. ) ;
#1332 = ADVANCED_FACE ( 'NONE', ( #211 ), #250, .F. ) ;
#1333 = CARTESIAN_POINT ( 'NONE',  ( 28.00000000000000000, 0.000000000000000000, 22.09999999999999787 ) ) ;
#1334 = EDGE_CURVE ( 'NONE', #1258, #1014, #386, .T. ) ;
#1335 = ORIENTED_EDGE ( 'NONE', *, *, #75, .T. ) ;
#1336 = DIRECTION ( 'NONE',  ( 0.000000000000000000, 0.000000000000000000, 1.000000000000000000 ) ) ;
#1337 = ORIENTED_EDGE ( 'NONE', *, *, #258, .F. ) ;
#1338 = EDGE_LOOP ( 'NONE', ( #255, #355, #136, #503 ) ) ;
#1339 = EDGE_CURVE ( 'NONE', #320, #168, #19, .T. ) ;
#1340 = ORIENTED_EDGE ( 'NONE', *, *, #820, .F. ) ;
#1341 = CARTESIAN_POINT ( 'NONE',  ( 32.00000000000001421, 0.000000000000000000, -10.00000000000000533 ) ) ;
#1342 = CARTESIAN_POINT ( 'NONE',  ( 32.00000000000001421, 0.000000000000000000, -24.99999999999999645 ) ) ;
#1343 = DIRECTION ( 'NONE',  ( 1.000000000000000000, 0.000000000000000000, 0.000000000000000000 ) ) ;
#1344 = FACE_OUTER_BOUND ( 'NONE', #15, .T. ) ;
#1345 = ORIENTED_EDGE ( 'NONE', *, *, #1468, .T. ) ;
#1346 = LINE ( 'NONE', #1487, #21 ) ;
#1347 = LINE ( 'NONE', #811, #256 ) ;
#1348 = ADVANCED_FACE ( 'NONE', ( #410, #502, #1531 ), #151, .F. ) ;
#1349 = CARTESIAN_POINT ( 'NONE',  ( -119.9999999999997584, 0.000000000000000000, -9.999999999999969802 ) ) ;
#1350 = LINE ( 'NONE', #106, #887 ) ;
#1351 = LINE ( 'NONE', #1349, #95 ) ;
#1352 = PLANE ( 'NONE',  #767 ) ;
#1353 = AXIS2_PLACEMENT_3D ( 'NONE', #873, #143, #381 ) ;
#1354 = DIRECTION ( 'NONE',  ( 0.000000000000000000, 0.000000000000000000, -1.000000000000000000 ) ) ;
#1355 = DIRECTION ( 'NONE',  ( -1.000000000000000000, 0.000000000000000000, 0.000000000000000000 ) ) ;
#1356 = ADVANCED_FACE ( 'NONE', ( #175 ), #2, .T. ) ;
#1357 = VERTEX_POINT ( 'NONE', #1133 ) ;
#1358 = EDGE_LOOP ( 'NONE', ( #1300, #1292 ) ) ;
#1359 = CARTESIAN_POINT ( 'NONE',  ( 119.9999999999997584, 4.000000000000000000, 9.999999999999968026 ) ) ;
#1360 = EDGE_CURVE ( 'NONE', #237, #824, #133, .T. ) ;
#1361 = COLOUR_RGB ( '',1.000000000000000000, 1.000000000000000000, 1.000000000000000000 ) ;
#1362 = AXIS2_PLACEMENT_3D ( 'NONE', #221, #579, #686 ) ;
#1363 = EDGE_LOOP ( 'NONE', ( #998, #1419, #429, #1441 ) ) ;
#1364 = DIRECTION ( 'NONE',  ( -0.000000000000000000, -0.000000000000000000, -1.000000000000000000 ) ) ;
#1365 = CARTESIAN_POINT ( 'NONE',  ( 24.82666069507763140, 4.000000000000000000, -6.000000000000001776 ) ) ;
#1366 = DIRECTION ( 'NONE',  ( -4.625929269271489858E-16, 0.000000000000000000, 1.000000000000000000 ) ) ;
#1367 = FACE_OUTER_BOUND ( 'NONE', #325, .T. ) ;
#1368 = ADVANCED_FACE ( 'NONE', ( #1344 ), #1390, .F. ) ;
#1369 = VECTOR ( 'NONE', #1280, 1000.000000000000000 ) ;
#1370 = EDGE_LOOP ( 'NONE', ( #306, #1282, #1574, #269 ) ) ;
#1371 = VERTEX_POINT ( 'NONE', #1365 ) ;
#1372 = LINE ( 'NONE', #796, #1537 ) ;
#1373 = EDGE_CURVE ( 'NONE', #1165, #203, #703, .T. ) ;
#1374 = VERTEX_POINT ( 'NONE', #172 ) ;
#1375 = PLANE ( 'NONE',  #890 ) ;
#1376 = MECHANICAL_DESIGN_GEOMETRIC_PRESENTATION_REPRESENTATION (  '', ( #324 ), #468 ) ;
#1377 = CARTESIAN_POINT ( 'NONE',  ( 24.82666069507763140, 4.000000000000000000, -22.40765060826418775 ) ) ;
#1378 = ORIENTED_EDGE ( 'NONE', *, *, #1511, .F. ) ;
#1379 = DIRECTION ( 'NONE',  ( 0.000000000000000000, 1.000000000000000000, 0.000000000000000000 ) ) ;
#1380 = DIRECTION ( 'NONE',  ( -1.000000000000000000, -0.000000000000000000, -0.000000000000000000 ) ) ;
#1381 = VERTEX_POINT ( 'NONE', #1005 ) ;
#1382 = FACE_OUTER_BOUND ( 'NONE', #1037, .T. ) ;
#1383 = ORIENTED_EDGE ( 'NONE', *, *, #380, .T. ) ;
#1384 = FACE_BOUND ( 'NONE', #934, .T. ) ;
#1385 = VERTEX_POINT ( 'NONE', #38 ) ;
#1386 = CARTESIAN_POINT ( 'NONE',  ( 124.9999999999997584, 135.0000000000000000, 3.400000000000019451 ) ) ;
#1387 = EDGE_CURVE ( 'NONE', #115, #816, #1023, .T. ) ;
#1388 = ORIENTED_EDGE ( 'NONE', *, *, #759, .T. ) ;
#1389 = DIRECTION ( 'NONE',  ( -1.000000000000000000, 0.000000000000000000, 0.000000000000000000 ) ) ;
#1390 = CYLINDRICAL_SURFACE ( 'NONE', #249, 1.100000000000000311 ) ;
#1391 = ORIENTED_EDGE ( 'NONE', *, *, #194, .T. ) ;
#1392 = CARTESIAN_POINT ( 'NONE',  ( 119.9999999999997584, 135.0000000000000000, 5.000000000000016875 ) ) ;
#1393 = ORIENTED_EDGE ( 'NONE', *, *, #518, .F. ) ;
#1394 = FACE_OUTER_BOUND ( 'NONE', #1559, .T. ) ;
#1395 = CARTESIAN_POINT ( 'NONE',  ( -32.00000000000001421, 0.000000000000000000, -10.00000000000000533 ) ) ;
#1396 = ORIENTED_EDGE ( 'NONE', *, *, #1515, .T. ) ;
#1397 = LINE ( 'NONE', #1477, #487 ) ;
#1398 = LINE ( 'NONE', #1186, #398 ) ;
#1399 = EDGE_CURVE ( 'NONE', #1301, #1543, #989, .T. ) ;
#1400 = DIRECTION ( 'NONE',  ( -1.000000000000000000, 0.000000000000000000, 0.000000000000000000 ) ) ;
#1401 = ORIENTED_EDGE ( 'NONE', *, *, #615, .T. ) ;
#1402 = ORIENTED_EDGE ( 'NONE', *, *, #1511, .T. ) ;
#1403 = PLANE ( 'NONE',  #208 ) ;
#1404 = VECTOR ( 'NONE', #378, 1000.000000000000000 ) ;
#1405 = CARTESIAN_POINT ( 'NONE',  ( -119.9999999999997584, 135.0000000000000000, 5.000000000000016875 ) ) ;
#1406 = ORIENTED_EDGE ( 'NONE', *, *, #1198, .T. ) ;
#1407 = PRODUCT_DEFINITION_CONTEXT ( 'detailed design', #207, 'design' ) ;
#1408 = EDGE_CURVE ( 'NONE', #376, #766, #79, .T. ) ;
#1409 = VECTOR ( 'NONE', #1019, 1000.000000000000000 ) ;
#1410 = ORIENTED_EDGE ( 'NONE', *, *, #1167, .F. ) ;
#1411 = CIRCLE ( 'NONE', #1159, 1.599999999999997202 ) ;
#1412 = EDGE_LOOP ( 'NONE', ( #649, #1521, #1061, #695 ) ) ;
#1413 = CYLINDRICAL_SURFACE ( 'NONE', #472, 1.100000000000000311 ) ;
#1414 = CARTESIAN_POINT ( 'NONE',  ( -30.00000000000000000, 0.000000000000000000, 6.000000000000000888 ) ) ;
#1415 = CYLINDRICAL_SURFACE ( 'NONE', #1269, 1.599999999999997202 ) ;
#1416 = AXIS2_PLACEMENT_3D ( 'NONE', #287, #1127, #1506 ) ;
#1417 = DIRECTION ( 'NONE',  ( -0.000000000000000000, -1.000000000000000000, -0.000000000000000000 ) ) ;
#1418 =( NAMED_UNIT ( * ) SI_UNIT ( $, .STERADIAN. ) SOLID_ANGLE_UNIT ( ) );
#1419 = ORIENTED_EDGE ( 'NONE', *, *, #1198, .F. ) ;
#1420 = ORIENTED_EDGE ( 'NONE', *, *, #557, .T. ) ;
#1421 = VERTEX_POINT ( 'NONE', #643 ) ;
#1422 = CARTESIAN_POINT ( 'NONE',  ( -24.82666069507763495, 0.000000000000000000, -22.40765060826418775 ) ) ;
#1423 = EDGE_CURVE ( 'NONE', #1326, #118, #1225, .T. ) ;
#1424 = ORIENTED_EDGE ( 'NONE', *, *, #1265, .F. ) ;
#1425 = PLANE ( 'NONE',  #1551 ) ;
#1426 = DIRECTION ( 'NONE',  ( 0.000000000000000000, -0.000000000000000000, -1.000000000000000000 ) ) ;
#1427 = EDGE_CURVE ( 'NONE', #752, #1520, #1563, .T. ) ;
#1428 = EDGE_LOOP ( 'NONE', ( #1015, #1396, #1524, #907 ) ) ;
#1429 = CIRCLE ( 'NONE', #1503, 1.100000000000000311 ) ;
#1430 = DIRECTION ( 'NONE',  ( 0.000000000000000000, 0.000000000000000000, 1.000000000000000000 ) ) ;
#1431 = VECTOR ( 'NONE', #190, 1000.000000000000000 ) ;
#1432 = CARTESIAN_POINT ( 'NONE',  ( -30.00000000000000000, 0.000000000000000000, 6.000000000000000888 ) ) ;
#1433 = FILL_AREA_STYLE ('',( #694 ) ) ;
#1434 = EDGE_CURVE ( 'NONE', #115, #605, #1467, .T. ) ;
#1435 = VECTOR ( 'NONE', #949, 1000.000000000000000 ) ;
#1436 = ADVANCED_FACE ( 'NONE', ( #632 ), #1009, .F. ) ;
#1437 = EDGE_CURVE ( 'NONE', #1148, #1556, #687, .T. ) ;
#1438 = CARTESIAN_POINT ( 'NONE',  ( 125.0000000000002274, 0.000000000000000000, 9.999999999999966249 ) ) ;
#1439 = ORIENTED_EDGE ( 'NONE', *, *, #1135, .T. ) ;
#1440 = DIRECTION ( 'NONE',  ( -0.000000000000000000, 0.000000000000000000, 1.000000000000000000 ) ) ;
#1441 = ORIENTED_EDGE ( 'NONE', *, *, #567, .T. ) ;
#1442 = DIRECTION ( 'NONE',  ( -1.000000000000000000, 0.000000000000000000, 0.000000000000000000 ) ) ;
#1443 = VERTEX_POINT ( 'NONE', #412 ) ;
#1444 = DIRECTION ( 'NONE',  ( 0.000000000000000000, -0.000000000000000000, -1.000000000000000000 ) ) ;
#1445 = DIRECTION ( 'NONE',  ( 0.000000000000000000, 0.000000000000000000, 1.000000000000000000 ) ) ;
#1446 = PRODUCT_RELATED_PRODUCT_CATEGORY ( 'part', '', ( #204 ) ) ;
#1447 = LINE ( 'NONE', #83, #1514 ) ;
#1448 = FACE_OUTER_BOUND ( 'NONE', #426, .T. ) ;
#1449 = VECTOR ( 'NONE', #642, 1000.000000000000000 ) ;
#1450 = CARTESIAN_POINT ( 'NONE',  ( -119.9999999999997584, 135.0000000000000000, 5.000000000000016875 ) ) ;
#1451 = VECTOR ( 'NONE', #1202, 1000.000000000000000 ) ;
#1452 = CARTESIAN_POINT ( 'NONE',  ( 124.9999999999997584, 135.0000000000000000, -5.000000000000016875 ) ) ;
#1453 = DIRECTION ( 'NONE',  ( 0.000000000000000000, 1.000000000000000000, 0.000000000000000000 ) ) ;
#1454 = AXIS2_PLACEMENT_3D ( 'NONE', #1197, #1577, #1583 ) ;
#1455 = CARTESIAN_POINT ( 'NONE',  ( -30.00000000000000000, 4.000000000000000000, 6.000000000000000888 ) ) ;
#1456 = EDGE_CURVE ( 'NONE', #1374, #864, #609, .T. ) ;
#1457 = DIRECTION ( 'NONE',  ( 1.000000000000000000, 0.000000000000000000, 0.000000000000000000 ) ) ;
#1458 = CARTESIAN_POINT ( 'NONE',  ( -32.00000000000001421, 0.000000000000000000, 9.999999999999987566 ) ) ;
#1459 = ORIENTED_EDGE ( 'NONE', *, *, #1494, .F. ) ;
#1460 = ORIENTED_EDGE ( 'NONE', *, *, #1074, .T. ) ;
#1461 = EDGE_LOOP ( 'NONE', ( #1581, #585, #413, #1393, #1128, #1187, #1283, #1472, #937, #286, #1246, #309 ) ) ;
#1462 = EDGE_CURVE ( 'NONE', #168, #417, #449, .T. ) ;
#1463 = CARTESIAN_POINT ( 'NONE',  ( 32.00000000000001421, 4.000000000000000000, -24.99999999999999645 ) ) ;
#1464 = DIRECTION ( 'NONE',  ( -0.000000000000000000, -1.000000000000000000, -0.000000000000000000 ) ) ;
#1465 = DIRECTION ( 'NONE',  ( -1.000000000000000000, 0.000000000000000000, 0.000000000000000000 ) ) ;
#1466 = ADVANCED_FACE ( 'NONE', ( #110 ), #291, .F. ) ;
#1467 = CIRCLE ( 'NONE', #959, 1.100000000000000311 ) ;
#1468 = EDGE_CURVE ( 'NONE', #1520, #1039, #78, .T. ) ;
#1469 = CARTESIAN_POINT ( 'NONE',  ( -124.9999999999997584, 0.000000000000000000, 10.00000000000003553 ) ) ;
#1470 = STYLED_ITEM ( 'NONE', ( #327 ), #427 ) ;
#1471 = DIRECTION ( 'NONE',  ( 0.000000000000000000, 1.000000000000000000, 0.000000000000000000 ) ) ;
#1472 = ORIENTED_EDGE ( 'NONE', *, *, #1208, .F. ) ;
#1473 = LINE ( 'NONE', #314, #466 ) ;
#1474 = VERTEX_POINT ( 'NONE', #193 ) ;
#1475 = ADVANCED_FACE ( 'NONE', ( #1155 ), #479, .F. ) ;
#1476 = VECTOR ( 'NONE', #1254, 1000.000000000000000 ) ;
#1477 = CARTESIAN_POINT ( 'NONE',  ( -30.00000000000000000, 4.000000000000000000, -6.000000000000000888 ) ) ;
#1478 = EDGE_CURVE ( 'NONE', #539, #41, #1043, .T. ) ;
#1479 = ORIENTED_EDGE ( 'NONE', *, *, #1074, .F. ) ;
#1480 = VERTEX_POINT ( 'NONE', #1150 ) ;
#1481 = EDGE_CURVE ( 'NONE', #766, #48, #158, .T. ) ;
#1482 = LINE ( 'NONE', #56, #1224 ) ;
#1483 = ORIENTED_EDGE ( 'NONE', *, *, #580, .F. ) ;
#1484 = LINE ( 'NONE', #768, #1115 ) ;
#1485 = ADVANCED_FACE ( 'NONE', ( #1448 ), #290, .F. ) ;
#1486 = DIRECTION ( 'NONE',  ( 0.000000000000000000, 1.000000000000000000, 0.000000000000000000 ) ) ;
#1487 = CARTESIAN_POINT ( 'NONE',  ( 24.82666069507763495, 4.000000000000000000, -6.000000000000000888 ) ) ;
#1488 = ORIENTED_EDGE ( 'NONE', *, *, #1339, .F. ) ;
#1489 = EDGE_LOOP ( 'NONE', ( #676, #727, #1479, #734, #228, #978, #778, #371, #1498, #364, #177, #407 ) ) ;
#1490 = EDGE_CURVE ( 'NONE', #1039, #629, #483, .T. ) ;
#1491 = DIRECTION ( 'NONE',  ( -1.000000000000000000, 0.000000000000000000, 0.000000000000000000 ) ) ;
#1492 = LINE ( 'NONE', #239, #1307 ) ;
#1493 = LINE ( 'NONE', #1535, #1369 ) ;
#1494 = EDGE_CURVE ( 'NONE', #673, #714, #39, .T. ) ;
#1495 = CARTESIAN_POINT ( 'NONE',  ( 24.82666069507763140, 0.000000000000000000, 6.000000000000001776 ) ) ;
#1496 = LINE ( 'NONE', #1264, #970 ) ;
#1497 = CARTESIAN_POINT ( 'NONE',  ( -28.00000000000000000, 0.000000000000000000, 20.99999999999999645 ) ) ;
#1498 = ORIENTED_EDGE ( 'NONE', *, *, #902, .F. ) ;
#1499 = CARTESIAN_POINT ( 'NONE',  ( 28.00000000000000000, 0.000000000000000000, 20.99999999999999645 ) ) ;
#1500 = DIRECTION ( 'NONE',  ( 0.000000000000000000, 1.000000000000000000, 0.000000000000000000 ) ) ;
#1501 = EDGE_LOOP ( 'NONE', ( #215, #396, #1056, #223 ) ) ;
#1502 = ORIENTED_EDGE ( 'NONE', *, *, #545, .F. ) ;
#1503 = AXIS2_PLACEMENT_3D ( 'NONE', #225, #1195, #960 ) ;
#1504 = ORIENTED_EDGE ( 'NONE', *, *, #1334, .F. ) ;
#1505 = CARTESIAN_POINT ( 'NONE',  ( -24.82666069507763495, 0.000000000000000000, -22.40765060826418775 ) ) ;
#1506 = DIRECTION ( 'NONE',  ( -0.000000000000000000, 0.000000000000000000, -1.000000000000000000 ) ) ;
#1507 = EDGE_LOOP ( 'NONE', ( #1239, #619, #243, #1003 ) ) ;
#1508 = UNCERTAINTY_MEASURE_WITH_UNIT (LENGTH_MEASURE( 1.000000000000000082E-05 ), #1142, 'distance_accuracy_value', 'NONE');
#1509 = DIRECTION ( 'NONE',  ( 0.000000000000000000, 1.000000000000000000, 0.000000000000000000 ) ) ;
#1510 = DIRECTION ( 'NONE',  ( -1.000000000000000000, -0.000000000000000000, -0.000000000000000000 ) ) ;
#1511 = EDGE_CURVE ( 'NONE', #605, #1162, #1493, .T. ) ;
#1512 = LINE ( 'NONE', #722, #462 ) ;
#1513 = ORIENTED_EDGE ( 'NONE', *, *, #1006, .T. ) ;
#1514 = VECTOR ( 'NONE', #1161, 1000.000000000000000 ) ;
#1515 = EDGE_CURVE ( 'NONE', #1371, #789, #1245, .T. ) ;
#1516 = CARTESIAN_POINT ( 'NONE',  ( 125.0000000000002558, 4.000000000000000000, -10.00000000000005151 ) ) ;
#1517 = DIRECTION ( 'NONE',  ( -1.000000000000000000, 0.000000000000000000, 3.330669073875469621E-16 ) ) ;
#1518 = CARTESIAN_POINT ( 'NONE',  ( -24.82666069507763495, 4.000000000000000000, -22.40765060826418775 ) ) ;
#1519 = DIRECTION ( 'NONE',  ( 0.000000000000000000, 1.000000000000000000, 0.000000000000000000 ) ) ;
#1520 = VERTEX_POINT ( 'NONE', #675 ) ;
#1521 = ORIENTED_EDGE ( 'NONE', *, *, #813, .F. ) ;
#1522 = CIRCLE ( 'NONE', #993, 1.100000000000000311 ) ;
#1523 = LINE ( 'NONE', #1098, #1404 ) ;
#1524 = ORIENTED_EDGE ( 'NONE', *, *, #1108, .F. ) ;
#1525 = CARTESIAN_POINT ( 'NONE',  ( -30.00000000000000000, 4.000000000000000000, -6.000000000000000888 ) ) ;
#1526 = EDGE_CURVE ( 'NONE', #876, #425, #362, .T. ) ;
#1527 = PLANE ( 'NONE',  #435 ) ;
#1528 = CARTESIAN_POINT ( 'NONE',  ( 28.00000000000000000, 4.000000000000000000, 20.99999999999999645 ) ) ;
#1529 = FACE_OUTER_BOUND ( 'NONE', #1501, .T. ) ;
#1530 = DIRECTION ( 'NONE',  ( 0.000000000000000000, 0.000000000000000000, 1.000000000000000000 ) ) ;
#1531 = FACE_BOUND ( 'NONE', #1140, .T. ) ;
#1532 = ORIENTED_EDGE ( 'NONE', *, *, #792, .T. ) ;
#1533 = DIRECTION ( 'NONE',  ( -1.000000000000000000, 0.000000000000000000, 2.775557561562891351E-16 ) ) ;
#1534 = CIRCLE ( 'NONE', #329, 1.599999999999997202 ) ;
#1535 = CARTESIAN_POINT ( 'NONE',  ( -28.00000000000000355, 0.000000000000000000, -22.10000000000000497 ) ) ;
#1536 = VECTOR ( 'NONE', #651, 1000.000000000000000 ) ;
#1537 = VECTOR ( 'NONE', #297, 1000.000000000000000 ) ;
#1538 = AXIS2_PLACEMENT_3D ( 'NONE', #484, #1453, #1580 ) ;
#1539 = CARTESIAN_POINT ( 'NONE',  ( -24.82666069507763495, 0.000000000000000000, 22.40765060826418065 ) ) ;
#1540 = CARTESIAN_POINT ( 'NONE',  ( -124.9999999999997584, 135.0000000000000000, -3.400000000000019451 ) ) ;
#1541 = VERTEX_POINT ( 'NONE', #669 ) ;
#1542 = CARTESIAN_POINT ( 'NONE',  ( -30.00000000000000000, 4.000000000000000000, -6.000000000000000888 ) ) ;
#1543 = VERTEX_POINT ( 'NONE', #1540 ) ;
#1544 = ORIENTED_EDGE ( 'NONE', *, *, #10, .F. ) ;
#1545 = CARTESIAN_POINT ( 'NONE',  ( 125.0000000000002274, 0.000000000000000000, 9.999999999999966249 ) ) ;
#1546 = LINE ( 'NONE', #1311, #747 ) ;
#1547 = LINE ( 'NONE', #1319, #905 ) ;
#1548 = EDGE_LOOP ( 'NONE', ( #696, #146, #377, #32 ) ) ;
#1549 = PRODUCT_CONTEXT ( 'NONE', #1163, 'mechanical' ) ;
#1550 = EDGE_CURVE ( 'NONE', #930, #853, #1008, .T. ) ;
#1551 = AXIS2_PLACEMENT_3D ( 'NONE', #936, #1430, #1184 ) ;
#1552 = CARTESIAN_POINT ( 'NONE',  ( 32.00000000000002132, 0.000000000000000000, 24.99999999999997868 ) ) ;
#1553 = CARTESIAN_POINT ( 'NONE',  ( 0.000000000000000000, 0.000000000000000000, 0.000000000000000000 ) ) ;
#1554 = AXIS2_PLACEMENT_3D ( 'NONE', #613, #958, #1209 ) ;
#1555 = ORIENTED_EDGE ( 'NONE', *, *, #342, .F. ) ;
#1556 = VERTEX_POINT ( 'NONE', #786 ) ;
#1557 = DIRECTION ( 'NONE',  ( 0.000000000000000000, -1.000000000000000000, -0.000000000000000000 ) ) ;
#1558 = AXIS2_PLACEMENT_3D ( 'NONE', #1450, #1570, #1336 ) ;
#1559 = EDGE_LOOP ( 'NONE', ( #379, #606, #1170, #781 ) ) ;
#1560 = CARTESIAN_POINT ( 'NONE',  ( -24.82666069507763495, 4.000000000000000000, -22.40765060826418775 ) ) ;
#1561 = CARTESIAN_POINT ( 'NONE',  ( -119.9999999999997584, 135.0000000000000000, -6.600000000000013856 ) ) ;
#1562 = CARTESIAN_POINT ( 'NONE',  ( -124.9999999999997584, 135.0000000000000000, 5.000000000000016875 ) ) ;
#1563 = LINE ( 'NONE', #163, #366 ) ;
#1564 = DIRECTION ( 'NONE',  ( 1.000000000000000000, 0.000000000000000000, 0.000000000000000000 ) ) ;
#1565 = ORIENTED_EDGE ( 'NONE', *, *, #1158, .F. ) ;
#1566 = VECTOR ( 'NONE', #1229, 1000.000000000000000 ) ;
#1567 = CYLINDRICAL_SURFACE ( 'NONE', #70, 1.599999999999997202 ) ;
#1568 = VECTOR ( 'NONE', #1121, 1000.000000000000000 ) ;
#1569 = DIRECTION ( 'NONE',  ( 1.000000000000000000, -0.000000000000000000, -0.000000000000000000 ) ) ;
#1570 = DIRECTION ( 'NONE',  ( -1.000000000000000000, 0.000000000000000000, 0.000000000000000000 ) ) ;
#1571 = EDGE_CURVE ( 'NONE', #569, #1086, #522, .T. ) ;
#1572 = EDGE_CURVE ( 'NONE', #474, #910, #1084, .T. ) ;
#1573 = CARTESIAN_POINT ( 'NONE',  ( 125.0000000000002274, 0.000000000000000000, 9.999999999999966249 ) ) ;
#1574 = ORIENTED_EDGE ( 'NONE', *, *, #512, .T. ) ;
#1575 = ADVANCED_FACE ( 'NONE', ( #844 ), #1425, .T. ) ;
#1576 = AXIS2_PLACEMENT_3D ( 'NONE', #404, #20, #508 ) ;
#1577 = DIRECTION ( 'NONE',  ( 1.000000000000000000, 0.000000000000000000, -0.000000000000000000 ) ) ;
#1578 = EDGE_LOOP ( 'NONE', ( #713, #1050, #1410, #1248, #1406, #1388 ) ) ;
#1579 = DIRECTION ( 'NONE',  ( 1.000000000000000000, 0.000000000000000000, 0.000000000000000000 ) ) ;
#1580 = DIRECTION ( 'NONE',  ( 0.000000000000000000, 0.000000000000000000, 1.000000000000000000 ) ) ;
#1581 = ORIENTED_EDGE ( 'NONE', *, *, #1408, .F. ) ;
#1582 = EDGE_LOOP ( 'NONE', ( #940, #971 ) ) ;
#1583 = DIRECTION ( 'NONE',  ( 0.000000000000000000, 0.000000000000000000, 1.000000000000000000 ) ) ;
#1584 = DIRECTION ( 'NONE',  ( -0.000000000000000000, 1.000000000000000000, -0.000000000000000000 ) ) ;
#1585 = DIRECTION ( 'NONE',  ( 0.000000000000000000, 0.000000000000000000, 1.000000000000000000 ) ) ;
#1586 = LINE ( 'NONE', #478, #253 ) ;
#1587 = ORIENTED_EDGE ( 'NONE', *, *, #403, .T. ) ;
#1588 = DIRECTION ( 'NONE',  ( 0.000000000000000000, 0.000000000000000000, -1.000000000000000000 ) ) ;
#1589 = LINE ( 'NONE', #1377, #1046 ) ;
#1590 = EDGE_LOOP ( 'NONE', ( #1331, #799, #86, #101 ) ) ;
ENDSEC;
END-ISO-10303-21;
