ISO-10303-21;
HEADER;
FILE_DESCRIPTION (( 'STEP AP214' ),
    '1' );
FILE_NAME ('Ò¡¸Ë½ÂÁ´¹Ì¶¨×ù.STEP',
    '2026-07-29T04:05:48',
    ( 'HXX' ),
    ( '' ),
    'SwSTEP 2.0',
    'SolidWorks 2018',
    '' );
FILE_SCHEMA (( 'AUTOMOTIVE_DESIGN' ));
ENDSEC;

DATA;
#1 = FACE_OUTER_BOUND ( 'NONE', #1360, .T. ) ;
#2 = EDGE_CURVE ( 'NONE', #87, #65, #520, .T. ) ;
#3 = ORIENTED_EDGE ( 'NONE', *, *, #835, .T. ) ;
#4 = CARTESIAN_POINT ( 'NONE',  ( 4.500000000000047962, -14.29000000000002402, -5.999999999999998224 ) ) ;
#5 = DIRECTION ( 'NONE',  ( -8.673617379884040402E-17, -0.000000000000000000, 1.000000000000000000 ) ) ;
#6 = ORIENTED_EDGE ( 'NONE', *, *, #134, .T. ) ;
#7 = EDGE_CURVE ( 'NONE', #889, #590, #983, .T. ) ;
#8 = CARTESIAN_POINT ( 'NONE',  ( -1.599999999999941691, -1.959434878635693740E-16, -20.00000000000000355 ) ) ;
#9 = DIRECTION ( 'NONE',  ( 1.000000000000000000, 0.000000000000000000, 0.000000000000000000 ) ) ;
#10 = CARTESIAN_POINT ( 'NONE',  ( -4.500000000000045297, 0.000000000000000000, -4.999999999999997335 ) ) ;
#11 = EDGE_CURVE ( 'NONE', #377, #1458, #1448, .T. ) ;
#12 = ORIENTED_EDGE ( 'NONE', *, *, #1352, .F. ) ;
#13 = EDGE_LOOP ( 'NONE', ( #318, #1344, #719, #1044 ) ) ;
#14 = VECTOR ( 'NONE', #637, 1000.000000000000000 ) ;
#15 = ORIENTED_EDGE ( 'NONE', *, *, #893, .T. ) ;
#16 = PLANE ( 'NONE',  #301 ) ;
#17 = ADVANCED_FACE ( 'NONE', ( #1031 ), #457, .T. ) ;
#18 = CARTESIAN_POINT ( 'NONE',  ( 1.600000000000059597, 1.959434878635838200E-16, -20.00000000000000355 ) ) ;
#19 = FACE_BOUND ( 'NONE', #210, .T. ) ;
#20 = ORIENTED_EDGE ( 'NONE', *, *, #1141, .T. ) ;
#21 = EDGE_CURVE ( 'NONE', #754, #1458, #1295, .T. ) ;
#22 = CARTESIAN_POINT ( 'NONE',  ( 1.600000000000054712, 56.71000000000000085, -7.999999999999998224 ) ) ;
#23 =( LENGTH_UNIT ( ) NAMED_UNIT ( * ) SI_UNIT ( .MILLI., .METRE. ) );
#24 = CARTESIAN_POINT ( 'NONE',  ( 7.500000000000061284, 8.000000000000001776, -14.00000000000000000 ) ) ;
#25 = EDGE_CURVE ( 'NONE', #656, #590, #750, .T. ) ;
#26 = DIRECTION ( 'NONE',  ( -2.312964634635744929E-16, -2.832564736347691729E-32, -1.000000000000000000 ) ) ;
#27 = DIRECTION ( 'NONE',  ( -1.224646799147353454E-16, 1.000000000000000000, -9.022436721524165737E-33 ) ) ;
#28 = EDGE_CURVE ( 'NONE', #1267, #205, #111, .T. ) ;
#29 = DIRECTION ( 'NONE',  ( -1.224646799147353207E-16, 1.000000000000000000, 0.000000000000000000 ) ) ;
#30 = ORIENTED_EDGE ( 'NONE', *, *, #793, .T. ) ;
#31 = CARTESIAN_POINT ( 'NONE',  ( -7.499999999999937828, 7.999999999999998224, 25.00000000000000355 ) ) ;
#32 = ORIENTED_EDGE ( 'NONE', *, *, #772, .F. ) ;
#33 = DIRECTION ( 'NONE',  ( -0.000000000000000000, -0.000000000000000000, -1.000000000000000000 ) ) ;
#34 = VECTOR ( 'NONE', #138, 1000.000000000000000 ) ;
#35 = EDGE_LOOP ( 'NONE', ( #610, #597, #1462, #468 ) ) ;
#36 = DIRECTION ( 'NONE',  ( 1.224646799147353207E-16, -1.000000000000000000, 0.000000000000000000 ) ) ;
#37 = EDGE_CURVE ( 'NONE', #1113, #448, #1386, .T. ) ;
#38 = CYLINDRICAL_SURFACE ( 'NONE', #1174, 1.599999999999999423 ) ;
#39 = FACE_OUTER_BOUND ( 'NONE', #875, .T. ) ;
#40 = CARTESIAN_POINT ( 'NONE',  ( 1.600000000000058709, 8.000000000000000000, -20.00000000000000355 ) ) ;
#41 = ORIENTED_EDGE ( 'NONE', *, *, #444, .T. ) ;
#42 = ORIENTED_EDGE ( 'NONE', *, *, #1415, .F. ) ;
#43 = AXIS2_PLACEMENT_3D ( 'NONE', #214, #912, #1497 ) ;
#44 = DIRECTION ( 'NONE',  ( -1.000000000000000000, 0.000000000000000000, 2.312964634635744929E-16 ) ) ;
#45 = ADVANCED_FACE ( 'NONE', ( #504 ), #487, .F. ) ;
#46 = DIRECTION ( 'NONE',  ( 0.000000000000000000, -1.000000000000000000, -1.156482317317871478E-16 ) ) ;
#47 = VERTEX_POINT ( 'NONE', #1019 ) ;
#48 = EDGE_CURVE ( 'NONE', #178, #1319, #787, .T. ) ;
#49 = VECTOR ( 'NONE', #352, 1000.000000000000000 ) ;
#50 = ORIENTED_EDGE ( 'NONE', *, *, #389, .T. ) ;
#51 = VECTOR ( 'NONE', #267, 1000.000000000000000 ) ;
#52 = EDGE_LOOP ( 'NONE', ( #1487, #258, #1002, #1368 ) ) ;
#53 = VECTOR ( 'NONE', #1265, 1000.000000000000000 ) ;
#54 = EDGE_CURVE ( 'NONE', #80, #119, #1496, .T. ) ;
#55 = FACE_OUTER_BOUND ( 'NONE', #331, .T. ) ;
#56 = ORIENTED_EDGE ( 'NONE', *, *, #908, .F. ) ;
#57 = EDGE_CURVE ( 'NONE', #278, #646, #191, .T. ) ;
#58 = ADVANCED_FACE ( 'NONE', ( #659 ), #1216, .F. ) ;
#59 = AXIS2_PLACEMENT_3D ( 'NONE', #251, #1407, #1417 ) ;
#60 = CARTESIAN_POINT ( 'NONE',  ( 5.535820492440001213E-14, 56.71000000000000085, 8.000000000000000000 ) ) ;
#61 = SURFACE_STYLE_FILL_AREA ( #815 ) ;
#62 = ORIENTED_EDGE ( 'NONE', *, *, #1341, .T. ) ;
#63 = CARTESIAN_POINT ( 'NONE',  ( -4.500000000000045297, -14.29000000000002402, 5.999999999999998224 ) ) ;
#64 = CIRCLE ( 'NONE', #1047, 1.000000000000000888 ) ;
#65 = VERTEX_POINT ( 'NONE', #8 ) ;
#66 = AXIS2_PLACEMENT_3D ( 'NONE', #524, #1183, #271 ) ;
#67 = FACE_OUTER_BOUND ( 'NONE', #273, .T. ) ;
#68 = ORIENTED_EDGE ( 'NONE', *, *, #1103, .T. ) ;
#69 = CIRCLE ( 'NONE', #942, 1.000000000000000000 ) ;
#70 = VECTOR ( 'NONE', #1122, 1000.000000000000000 ) ;
#71 = CARTESIAN_POINT ( 'NONE',  ( 5.800088074389356002E-14, 8.000000000000000000, -20.00000000000000355 ) ) ;
#72 = ORIENTED_EDGE ( 'NONE', *, *, #396, .F. ) ;
#73 = EDGE_CURVE ( 'NONE', #1119, #87, #471, .T. ) ;
#74 = EDGE_LOOP ( 'NONE', ( #789, #141, #1342, #1168, #562 ) ) ;
#75 = DIRECTION ( 'NONE',  ( 0.000000000000000000, 0.000000000000000000, -1.000000000000000000 ) ) ;
#76 = DIRECTION ( 'NONE',  ( 0.000000000000000000, -1.000000000000000000, 2.832564736347691729E-32 ) ) ;
#77 = SURFACE_SIDE_STYLE ('',( #160 ) ) ;
#78 = EDGE_CURVE ( 'NONE', #1023, #652, #383, .T. ) ;
#79 = EDGE_LOOP ( 'NONE', ( #1071, #1245 ) ) ;
#80 = VERTEX_POINT ( 'NONE', #22 ) ;
#81 = DIRECTION ( 'NONE',  ( -0.7071067811865483499, -0.7071067811865465735, 0.000000000000000000 ) ) ;
#82 = EDGE_CURVE ( 'NONE', #984, #1070, #829, .T. ) ;
#83 = FACE_BOUND ( 'NONE', #850, .T. ) ;
#84 = ORIENTED_EDGE ( 'NONE', *, *, #73, .F. ) ;
#85 = DIRECTION ( 'NONE',  ( 2.529980762241332710E-16, -1.000000000000000000, 0.000000000000000000 ) ) ;
#86 = LINE ( 'NONE', #794, #765 ) ;
#87 = VERTEX_POINT ( 'NONE', #18 ) ;
#88 = AXIS2_PLACEMENT_3D ( 'NONE', #200, #1131, #1052 ) ;
#89 = LINE ( 'NONE', #300, #435 ) ;
#90 = ORIENTED_EDGE ( 'NONE', *, *, #168, .T. ) ;
#91 = EDGE_LOOP ( 'NONE', ( #56, #895, #617, #199 ) ) ;
#92 = DIRECTION ( 'NONE',  ( -0.000000000000000000, 1.000000000000000000, -0.000000000000000000 ) ) ;
#93 = DIRECTION ( 'NONE',  ( 1.000000000000000000, 1.224646799147353454E-16, -2.312964634635744436E-16 ) ) ;
#94 = CARTESIAN_POINT ( 'NONE',  ( -5.500000000000046185, -3.469446951953614189E-15, -4.999999999999997335 ) ) ;
#95 = DIRECTION ( 'NONE',  ( 0.7071067811865484609, -0.7071067811865465735, 0.000000000000000000 ) ) ;
#96 = CARTESIAN_POINT ( 'NONE',  ( -7.499999999999937828, 7.999999999999998224, 14.00000000000000000 ) ) ;
#97 = AXIS2_PLACEMENT_3D ( 'NONE', #1327, #493, #613 ) ;
#98 = DIRECTION ( 'NONE',  ( 0.000000000000000000, 0.000000000000000000, -1.000000000000000000 ) ) ;
#99 = CARTESIAN_POINT ( 'NONE',  ( 5.380896843735498988E-14, 58.97274169979694847, -7.999999999999998224 ) ) ;
#100 = CARTESIAN_POINT ( 'NONE',  ( -1.599999999999944134, 56.71000000000000085, 14.00000000000000000 ) ) ;
#101 = LINE ( 'NONE', #238, #49 ) ;
#102 = ORIENTED_EDGE ( 'NONE', *, *, #545, .F. ) ;
#103 = CARTESIAN_POINT ( 'NONE',  ( 5.508109898640465263E-14, 58.97274169979694847, 14.00000000000000000 ) ) ;
#104 = CIRCLE ( 'NONE', #1207, 1.599999999999999423 ) ;
#105 = EDGE_LOOP ( 'NONE', ( #50, #743, #709, #1317, #642, #428, #289, #486, #462, #1286, #121, #758 ) ) ;
#106 = DIRECTION ( 'NONE',  ( 1.000000000000000000, 0.000000000000000000, 0.000000000000000000 ) ) ;
#107 = ORIENTED_EDGE ( 'NONE', *, *, #239, .F. ) ;
#108 = CARTESIAN_POINT ( 'NONE',  ( 4.500000000000047962, 46.71000000000000085, 5.999999999999998224 ) ) ;
#109 = DIRECTION ( 'NONE',  ( -2.529980762241332710E-16, 1.000000000000000000, -3.019191293025296003E-32 ) ) ;
#110 = FACE_OUTER_BOUND ( 'NONE', #91, .T. ) ;
#111 = LINE ( 'NONE', #1125, #1098 ) ;
#112 = DIRECTION ( 'NONE',  ( 0.7071067811865483499, 0.7071067811865466846, 0.000000000000000000 ) ) ;
#113 = VERTEX_POINT ( 'NONE', #1403 ) ;
#114 = DIRECTION ( 'NONE',  ( 0.000000000000000000, -1.000000000000000000, 0.000000000000000000 ) ) ;
#115 = ORIENTED_EDGE ( 'NONE', *, *, #1111, .F. ) ;
#116 = DIRECTION ( 'NONE',  ( -1.224646799147353207E-16, 1.000000000000000000, 0.000000000000000000 ) ) ;
#117 = CARTESIAN_POINT ( 'NONE',  ( 7.500000000000047073, 59.70999999999998664, -14.00000000000000000 ) ) ;
#118 = CARTESIAN_POINT ( 'NONE',  ( 20.50000000000006395, 61.71000000000000085, -8.000000000000000000 ) ) ;
#119 = VERTEX_POINT ( 'NONE', #575 ) ;
#120 = DIRECTION ( 'NONE',  ( 0.000000000000000000, -0.000000000000000000, -1.000000000000000000 ) ) ;
#121 = ORIENTED_EDGE ( 'NONE', *, *, #1169, .T. ) ;
#122 = VECTOR ( 'NONE', #33, 1000.000000000000000 ) ;
#123 = EDGE_LOOP ( 'NONE', ( #1477, #831, #639, #418, #978, #1127 ) ) ;
#124 = VERTEX_POINT ( 'NONE', #672 ) ;
#125 = CARTESIAN_POINT ( 'NONE',  ( -4.500000000000045297, 46.71000000000000085, -5.999999999999998224 ) ) ;
#126 = CIRCLE ( 'NONE', #1321, 2.000000000000000000 ) ;
#127 = VECTOR ( 'NONE', #311, 1000.000000000000000 ) ;
#128 = FACE_OUTER_BOUND ( 'NONE', #619, .T. ) ;
#129 = DIRECTION ( 'NONE',  ( 0.000000000000000000, 0.000000000000000000, -1.000000000000000000 ) ) ;
#130 = DIRECTION ( 'NONE',  ( 0.000000000000000000, 0.000000000000000000, 1.000000000000000000 ) ) ;
#131 = CARTESIAN_POINT ( 'NONE',  ( -7.499999999999936939, 59.70999999999999375, 8.000000000000000000 ) ) ;
#132 = VERTEX_POINT ( 'NONE', #1160 ) ;
#133 = CARTESIAN_POINT ( 'NONE',  ( 7.500000000000054179, 8.000000000000001776, 23.00000000000001066 ) ) ;
#134 = EDGE_CURVE ( 'NONE', #1410, #656, #861, .T. ) ;
#135 = CARTESIAN_POINT ( 'NONE',  ( 5.800088074389356002E-14, 8.000000000000000000, -20.00000000000000355 ) ) ;
#136 = AXIS2_PLACEMENT_3D ( 'NONE', #233, #1413, #1040 ) ;
#137 = CARTESIAN_POINT ( 'NONE',  ( -7.499999999999936939, 59.70999999999999375, 14.00000000000000000 ) ) ;
#138 = DIRECTION ( 'NONE',  ( 1.000000000000000000, 1.224646799147353207E-16, -0.000000000000000000 ) ) ;
#139 = ORIENTED_EDGE ( 'NONE', *, *, #1480, .T. ) ;
#140 = CIRCLE ( 'NONE', #885, 1.000000000000000888 ) ;
#141 = ORIENTED_EDGE ( 'NONE', *, *, #545, .T. ) ;
#142 = DIRECTION ( 'NONE',  ( 1.224646799147353207E-16, -1.000000000000000000, 0.000000000000000000 ) ) ;
#143 = ADVANCED_FACE ( 'NONE', ( #768 ), #1334, .T. ) ;
#144 = VECTOR ( 'NONE', #1179, 1000.000000000000000 ) ;
#145 = VERTEX_POINT ( 'NONE', #363 ) ;
#146 = STYLED_ITEM ( 'NONE', ( #1399 ), #1263 ) ;
#147 = DIRECTION ( 'NONE',  ( -1.000000000000000000, 0.000000000000000000, -0.000000000000000000 ) ) ;
#148 = ORIENTED_EDGE ( 'NONE', *, *, #1447, .T. ) ;
#149 = CARTESIAN_POINT ( 'NONE',  ( 5.800088074389356002E-14, 8.000000000000000000, 20.00000000000000355 ) ) ;
#150 = CARTESIAN_POINT ( 'NONE',  ( -5.499999999999936939, 0.000000000000000000, 23.00000000000000711 ) ) ;
#151 = EDGE_CURVE ( 'NONE', #164, #1109, #940, .T. ) ;
#152 = PLANE ( 'NONE',  #707 ) ;
#153 = CARTESIAN_POINT ( 'NONE',  ( 5.500000000000060396, 6.735557395310517951E-16, 25.00000000000000711 ) ) ;
#154 = CARTESIAN_POINT ( 'NONE',  ( 5.535820492440001213E-14, 56.71000000000000085, 14.00000000000000000 ) ) ;
#155 = EDGE_LOOP ( 'NONE', ( #711, #223, #72, #227 ) ) ;
#156 = PLANE ( 'NONE',  #863 ) ;
#157 = PRESENTATION_LAYER_ASSIGNMENT (  '', '', ( #511 ) ) ;
#158 = ORIENTED_EDGE ( 'NONE', *, *, #496, .F. ) ;
#159 = DIRECTION ( 'NONE',  ( 0.000000000000000000, 0.000000000000000000, 1.000000000000000000 ) ) ;
#160 = SURFACE_STYLE_FILL_AREA ( #1110 ) ;
#161 = EDGE_LOOP ( 'NONE', ( #173, #12, #513, #1349 ) ) ;
#162 = ADVANCED_FACE ( 'NONE', ( #55 ), #1136, .F. ) ;
#163 = CARTESIAN_POINT ( 'NONE',  ( -5.500000000000046185, -14.29000000000002402, 4.999999999999997335 ) ) ;
#164 = VERTEX_POINT ( 'NONE', #598 ) ;
#165 = LINE ( 'NONE', #284, #1132 ) ;
#166 = DIRECTION ( 'NONE',  ( 1.000000000000000000, 1.224646799147353207E-16, 0.000000000000000000 ) ) ;
#167 = VECTOR ( 'NONE', #259, 1000.000000000000000 ) ;
#168 = EDGE_CURVE ( 'NONE', #800, #278, #1178, .T. ) ;
#169 = VERTEX_POINT ( 'NONE', #117 ) ;
#170 = AXIS2_PLACEMENT_3D ( 'NONE', #461, #929, #578 ) ;
#171 = DIRECTION ( 'NONE',  ( -1.000000000000000000, -1.224646799147353207E-16, 0.000000000000000000 ) ) ;
#172 = DIRECTION ( 'NONE',  ( -0.7071067811865486830, -0.7071067811865464625, -0.000000000000000000 ) ) ;
#173 = ORIENTED_EDGE ( 'NONE', *, *, #482, .F. ) ;
#174 = ORIENTED_EDGE ( 'NONE', *, *, #1086, .T. ) ;
#175 = CYLINDRICAL_SURFACE ( 'NONE', #218, 1.599999999999999423 ) ;
#176 = EDGE_CURVE ( 'NONE', #652, #1483, #632, .T. ) ;
#177 = VECTOR ( 'NONE', #1436, 1000.000000000000000 ) ;
#178 = VERTEX_POINT ( 'NONE', #133 ) ;
#179 = ORIENTED_EDGE ( 'NONE', *, *, #48, .F. ) ;
#180 = EDGE_CURVE ( 'NONE', #448, #1267, #1051, .T. ) ;
#181 = CARTESIAN_POINT ( 'NONE',  ( 5.508109898640465263E-14, 58.97274169979694847, -14.00000000000000000 ) ) ;
#182 = AXIS2_PLACEMENT_3D ( 'NONE', #792, #130, #1056 ) ;
#183 = CARTESIAN_POINT ( 'NONE',  ( 5.500000000000038192, 61.71000000000000085, 14.00000000000000000 ) ) ;
#184 = DIRECTION ( 'NONE',  ( -0.000000000000000000, -0.000000000000000000, -1.000000000000000000 ) ) ;
#185 = CARTESIAN_POINT ( 'NONE',  ( 7.500000000000062172, 1.836970198721029589E-15, 23.00000000000001066 ) ) ;
#186 = ORIENTED_EDGE ( 'NONE', *, *, #1359, .F. ) ;
#187 = AXIS2_PLACEMENT_3D ( 'NONE', #1102, #1011, #1478 ) ;
#188 = VECTOR ( 'NONE', #712, 1000.000000000000000 ) ;
#189 = ORIENTED_EDGE ( 'NONE', *, *, #1103, .F. ) ;
#190 = LINE ( 'NONE', #1001, #127 ) ;
#191 = LINE ( 'NONE', #1502, #1408 ) ;
#192 = ORIENTED_EDGE ( 'NONE', *, *, #1337, .T. ) ;
#193 = ADVANCED_FACE ( 'NONE', ( #19, #128 ), #1164, .F. ) ;
#194 = DIRECTION ( 'NONE',  ( -0.000000000000000000, 1.000000000000000000, -0.000000000000000000 ) ) ;
#195 = PLANE ( 'NONE',  #947 ) ;
#196 = CARTESIAN_POINT ( 'NONE',  ( 7.500000000000062172, 9.184850993605236691E-16, 23.00000000000001066 ) ) ;
#197 = CARTESIAN_POINT ( 'NONE',  ( -7.499999999999936939, 0.000000000000000000, 14.00000000000000000 ) ) ;
#198 = DIRECTION ( 'NONE',  ( 0.000000000000000000, 0.000000000000000000, 1.000000000000000000 ) ) ;
#199 = ORIENTED_EDGE ( 'NONE', *, *, #1352, .T. ) ;
#200 = CARTESIAN_POINT ( 'NONE',  ( 5.800088074389356002E-14, 8.000000000000000000, 20.00000000000000355 ) ) ;
#201 = EDGE_CURVE ( 'NONE', #236, #579, #1294, .T. ) ;
#202 = ORIENTED_EDGE ( 'NONE', *, *, #1251, .T. ) ;
#203 = DIRECTION ( 'NONE',  ( -0.000000000000000000, -0.000000000000000000, -1.000000000000000000 ) ) ;
#204 = CARTESIAN_POINT ( 'NONE',  ( 5.500000000000047962, -1.734723475976807094E-15, -4.999999999999998224 ) ) ;
#205 = VERTEX_POINT ( 'NONE', #717 ) ;
#206 = AXIS2_PLACEMENT_3D ( 'NONE', #997, #307, #85 ) ;
#207 = CARTESIAN_POINT ( 'NONE',  ( 7.500000000000062172, 1.836970198721029589E-15, -14.00000000000000000 ) ) ;
#208 = VECTOR ( 'NONE', #326, 1000.000000000000000 ) ;
#209 = CARTESIAN_POINT ( 'NONE',  ( -7.499999999999936939, 59.70999999999999375, 14.00000000000000000 ) ) ;
#210 = EDGE_LOOP ( 'NONE', ( #1308, #922, #386, #911, #1498, #32, #1157, #569 ) ) ;
#211 = ORIENTED_EDGE ( 'NONE', *, *, #25, .T. ) ;
#212 = DIRECTION ( 'NONE',  ( -0.000000000000000000, 1.000000000000000000, -0.000000000000000000 ) ) ;
#213 = DIRECTION ( 'NONE',  ( 1.000000000000000000, 0.000000000000000000, 0.000000000000000000 ) ) ;
#214 = CARTESIAN_POINT ( 'NONE',  ( -5.499999999999936939, 7.999999999999998224, 23.00000000000000711 ) ) ;
#215 = VERTEX_POINT ( 'NONE', #391 ) ;
#216 = CARTESIAN_POINT ( 'NONE',  ( -1.599999999999942801, 8.000000000000000000, 20.00000000000000355 ) ) ;
#217 = DIRECTION ( 'NONE',  ( -0.000000000000000000, -0.000000000000000000, -1.000000000000000000 ) ) ;
#218 = AXIS2_PLACEMENT_3D ( 'NONE', #154, #1453, #1076 ) ;
#219 = CARTESIAN_POINT ( 'NONE',  ( -5.499999999999937828, -6.735557395310367081E-16, 25.00000000000000355 ) ) ;
#220 = CARTESIAN_POINT ( 'NONE',  ( -7.499999999999936939, 61.71000000000000085, 14.00000000000000000 ) ) ;
#221 = DIRECTION ( 'NONE',  ( -2.529980762241332710E-16, 1.000000000000000000, 1.156482317317871478E-16 ) ) ;
#222 = DIRECTION ( 'NONE',  ( 0.000000000000000000, 0.000000000000000000, 1.000000000000000000 ) ) ;
#223 = ORIENTED_EDGE ( 'NONE', *, *, #786, .F. ) ;
#224 = EDGE_CURVE ( 'NONE', #924, #1397, #295, .T. ) ;
#225 = ORIENTED_EDGE ( 'NONE', *, *, #763, .T. ) ;
#226 = LINE ( 'NONE', #803, #856 ) ;
#227 = ORIENTED_EDGE ( 'NONE', *, *, #525, .F. ) ;
#228 = CARTESIAN_POINT ( 'NONE',  ( 5.500000000000038192, 61.71000000000000085, 14.00000000000000000 ) ) ;
#229 = AXIS2_PLACEMENT_3D ( 'NONE', #1240, #1362, #887 ) ;
#230 = CARTESIAN_POINT ( 'NONE',  ( 7.500000000000061284, 8.000000000000001776, -14.00000000000000000 ) ) ;
#231 = LINE ( 'NONE', #99, #1364 ) ;
#232 = CIRCLE ( 'NONE', #97, 1.599999999999997202 ) ;
#233 = CARTESIAN_POINT ( 'NONE',  ( 4.500000000000047962, -14.29000000000002402, 5.999999999999998224 ) ) ;
#234 = ORIENTED_EDGE ( 'NONE', *, *, #1180, .T. ) ;
#235 = DIRECTION ( 'NONE',  ( 0.000000000000000000, 0.000000000000000000, 1.000000000000000000 ) ) ;
#236 = VERTEX_POINT ( 'NONE', #969 ) ;
#237 = DIRECTION ( 'NONE',  ( -1.000000000000000000, -0.000000000000000000, -0.000000000000000000 ) ) ;
#238 = CARTESIAN_POINT ( 'NONE',  ( -1.599999999999942801, 8.000000000000000000, -20.00000000000000355 ) ) ;
#239 = EDGE_CURVE ( 'NONE', #1042, #647, #1475, .T. ) ;
#240 = CARTESIAN_POINT ( 'NONE',  ( -5.500000000000046185, 46.71000000000000085, -4.999999999999997335 ) ) ;
#241 = DIRECTION ( 'NONE',  ( 1.000000000000000000, 1.224646799147353207E-16, -0.000000000000000000 ) ) ;
#242 = AXIS2_PLACEMENT_3D ( 'NONE', #509, #971, #738 ) ;
#243 = CARTESIAN_POINT ( 'NONE',  ( 5.508109898640465263E-14, 58.97274169979694847, 14.00000000000000000 ) ) ;
#244 = CARTESIAN_POINT ( 'NONE',  ( 1.600000000000058709, 8.000000000000000000, 20.00000000000000355 ) ) ;
#245 = VERTEX_POINT ( 'NONE', #384 ) ;
#246 = EDGE_CURVE ( 'NONE', #448, #47, #860, .T. ) ;
#247 = DIRECTION ( 'NONE',  ( 0.000000000000000000, -0.000000000000000000, -1.000000000000000000 ) ) ;
#248 = DIRECTION ( 'NONE',  ( 1.224646799147353207E-16, -1.000000000000000000, -0.000000000000000000 ) ) ;
#249 = LINE ( 'NONE', #1074, #122 ) ;
#250 = EDGE_LOOP ( 'NONE', ( #702, #1171, #1224, #179 ) ) ;
#251 = CARTESIAN_POINT ( 'NONE',  ( 5.535820492440001213E-14, 56.71000000000000085, 8.000000000000000000 ) ) ;
#252 = LINE ( 'NONE', #1274, #1491 ) ;
#253 = ORIENTED_EDGE ( 'NONE', *, *, #73, .T. ) ;
#254 = ADVANCED_FACE ( 'NONE', ( #281, #1446 ), #156, .F. ) ;
#255 = CARTESIAN_POINT ( 'NONE',  ( 7.500000000000062172, 1.836970198721029589E-15, -23.00000000000001421 ) ) ;
#256 = LINE ( 'NONE', #1189, #328 ) ;
#257 = AXIS2_PLACEMENT_3D ( 'NONE', #1256, #757, #1246 ) ;
#258 = ORIENTED_EDGE ( 'NONE', *, *, #422, .F. ) ;
#259 = DIRECTION ( 'NONE',  ( 1.224646799147353207E-16, -1.000000000000000000, 0.000000000000000000 ) ) ;
#260 = DIRECTION ( 'NONE',  ( -1.000000000000000000, -1.224646799147353454E-16, 0.000000000000000000 ) ) ;
#261 = CARTESIAN_POINT ( 'NONE',  ( 5.500000000000047962, 46.71000000000000085, 4.999999999999997335 ) ) ;
#262 = ORIENTED_EDGE ( 'NONE', *, *, #265, .T. ) ;
#263 = ORIENTED_EDGE ( 'NONE', *, *, #201, .F. ) ;
#264 = DIRECTION ( 'NONE',  ( -9.637352644315494170E-17, 0.000000000000000000, -1.000000000000000000 ) ) ;
#265 = EDGE_CURVE ( 'NONE', #549, #924, #939, .T. ) ;
#266 = PLANE ( 'NONE',  #508 ) ;
#267 = DIRECTION ( 'NONE',  ( -0.000000000000000000, 1.000000000000000000, -0.000000000000000000 ) ) ;
#268 = EDGE_CURVE ( 'NONE', #646, #633, #848, .T. ) ;
#269 = PLANE ( 'NONE',  #1036 ) ;
#270 =( GEOMETRIC_REPRESENTATION_CONTEXT ( 3 ) GLOBAL_UNCERTAINTY_ASSIGNED_CONTEXT ( ( #1229 ) ) GLOBAL_UNIT_ASSIGNED_CONTEXT ( ( #23, #948, #1404 ) ) REPRESENTATION_CONTEXT ( 'NONE', 'WORKASPACE' ) );
#271 = DIRECTION ( 'NONE',  ( 1.000000000000000000, 0.000000000000000000, 0.000000000000000000 ) ) ;
#272 = CYLINDRICAL_SURFACE ( 'NONE', #1221, 2.000000000000000000 ) ;
#273 = EDGE_LOOP ( 'NONE', ( #1190, #1492, #1391, #1259 ) ) ;
#274 = ADVANCED_FACE ( 'NONE', ( #897, #631 ), #269, .F. ) ;
#275 = ORIENTED_EDGE ( 'NONE', *, *, #988, .F. ) ;
#276 = DIRECTION ( 'NONE',  ( 1.224646799147353207E-16, -1.000000000000000000, -0.000000000000000000 ) ) ;
#277 = LINE ( 'NONE', #841, #1269 ) ;
#278 = VERTEX_POINT ( 'NONE', #974 ) ;
#279 = CARTESIAN_POINT ( 'NONE',  ( -9.797174393178825657E-16, 8.000000000000000000, 0.000000000000000000 ) ) ;
#280 = LINE ( 'NONE', #1029, #1429 ) ;
#281 = FACE_BOUND ( 'NONE', #654, .T. ) ;
#282 = ORIENTED_EDGE ( 'NONE', *, *, #1415, .T. ) ;
#283 = MECHANICAL_DESIGN_GEOMETRIC_PRESENTATION_REPRESENTATION (  '', ( #146 ), #583 ) ;
#284 = CARTESIAN_POINT ( 'NONE',  ( 5.542804368160001405E-14, 58.97274169979694847, 8.000000000000000000 ) ) ;
#285 = ORIENTED_EDGE ( 'NONE', *, *, #744, .F. ) ;
#286 = PLANE ( 'NONE',  #1434 ) ;
#287 = CARTESIAN_POINT ( 'NONE',  ( 5.508109898640465263E-14, 58.97274169979694847, -14.00000000000000000 ) ) ;
#288 = AXIS2_PLACEMENT_3D ( 'NONE', #703, #941, #247 ) ;
#289 = ORIENTED_EDGE ( 'NONE', *, *, #867, .T. ) ;
#290 = DIRECTION ( 'NONE',  ( 0.000000000000000000, 0.000000000000000000, -1.000000000000000000 ) ) ;
#291 = ORIENTED_EDGE ( 'NONE', *, *, #57, .T. ) ;
#292 = ORIENTED_EDGE ( 'NONE', *, *, #560, .T. ) ;
#293 = CIRCLE ( 'NONE', #242, 2.000000000000000000 ) ;
#294 = VECTOR ( 'NONE', #290, 1000.000000000000000 ) ;
#295 = LINE ( 'NONE', #1081, #177 ) ;
#296 = EDGE_CURVE ( 'NONE', #600, #80, #232, .T. ) ;
#297 = VERTEX_POINT ( 'NONE', #607 ) ;
#298 = AXIS2_PLACEMENT_3D ( 'NONE', #135, #142, #946 ) ;
#299 = PLANE ( 'NONE',  #740 ) ;
#300 = CARTESIAN_POINT ( 'NONE',  ( 7.500000000000061284, 8.000000000000001776, 14.00000000000000000 ) ) ;
#301 = AXIS2_PLACEMENT_3D ( 'NONE', #605, #29, #477 ) ;
#302 = ORIENTED_EDGE ( 'NONE', *, *, #1014, .T. ) ;
#303 = VECTOR ( 'NONE', #1025, 1000.000000000000000 ) ;
#304 = VERTEX_POINT ( 'NONE', #622 ) ;
#305 = CARTESIAN_POINT ( 'NONE',  ( 7.500000000000047962, 46.71000000000000085, -7.999999999999998224 ) ) ;
#306 = LINE ( 'NONE', #1124, #1006 ) ;
#307 = DIRECTION ( 'NONE',  ( -1.000000000000000000, -2.529980762241332710E-16, 0.000000000000000000 ) ) ;
#308 = ORIENTED_EDGE ( 'NONE', *, *, #601, .F. ) ;
#309 = EDGE_CURVE ( 'NONE', #579, #714, #256, .T. ) ;
#310 = VECTOR ( 'NONE', #1369, 1000.000000000000000 ) ;
#311 = DIRECTION ( 'NONE',  ( 2.529980762241332710E-16, -1.000000000000000000, -3.019191293025296003E-32 ) ) ;
#312 = ORIENTED_EDGE ( 'NONE', *, *, #1488, .T. ) ;
#313 = ADVANCED_FACE ( 'NONE', ( #39 ), #266, .T. ) ;
#314 = ORIENTED_EDGE ( 'NONE', *, *, #1141, .F. ) ;
#315 = AXIS2_PLACEMENT_3D ( 'NONE', #559, #217, #338 ) ;
#316 = DIRECTION ( 'NONE',  ( -1.000000000000000000, -0.000000000000000000, -0.000000000000000000 ) ) ;
#317 = DIRECTION ( 'NONE',  ( 1.000000000000000000, 0.000000000000000000, 0.000000000000000000 ) ) ;
#318 = ORIENTED_EDGE ( 'NONE', *, *, #883, .F. ) ;
#319 = EDGE_CURVE ( 'NONE', #1283, #1400, #165, .T. ) ;
#320 = PRESENTATION_STYLE_ASSIGNMENT (( #824 ) ) ;
#321 = ORIENTED_EDGE ( 'NONE', *, *, #491, .T. ) ;
#322 = AXIS2_PLACEMENT_3D ( 'NONE', #1489, #668, #565 ) ;
#323 = CYLINDRICAL_SURFACE ( 'NONE', #170, 1.600000000000000755 ) ;
#324 = ORIENTED_EDGE ( 'NONE', *, *, #641, .F. ) ;
#325 = LINE ( 'NONE', #207, #858 ) ;
#326 = DIRECTION ( 'NONE',  ( 0.7071067811865464625, -0.7071067811865486830, -8.177564888978008962E-17 ) ) ;
#327 = CIRCLE ( 'NONE', #1473, 1.599999999999999423 ) ;
#328 = VECTOR ( 'NONE', #602, 1000.000000000000000 ) ;
#329 = DIRECTION ( 'NONE',  ( 0.000000000000000000, -1.156482317317871478E-16, -1.000000000000000000 ) ) ;
#330 = VECTOR ( 'NONE', #237, 1000.000000000000000 ) ;
#331 = EDGE_LOOP ( 'NONE', ( #966, #1046, #1209, #42 ) ) ;
#332 = CARTESIAN_POINT ( 'NONE',  ( 4.500000000000047962, 1.734723475976807094E-15, -4.999999999999998224 ) ) ;
#333 = DIRECTION ( 'NONE',  ( -1.000000000000000000, -1.224646799147353947E-16, 0.000000000000000000 ) ) ;
#334 = CARTESIAN_POINT ( 'NONE',  ( -4.500000000000045297, 0.000000000000000000, 4.999999999999997335 ) ) ;
#335 = ORIENTED_EDGE ( 'NONE', *, *, #1339, .T. ) ;
#336 = EDGE_CURVE ( 'NONE', #800, #682, #1115, .T. ) ;
#337 = ORIENTED_EDGE ( 'NONE', *, *, #1251, .F. ) ;
#338 = DIRECTION ( 'NONE',  ( -1.000000000000000000, 0.000000000000000000, 0.000000000000000000 ) ) ;
#339 = CARTESIAN_POINT ( 'NONE',  ( 4.500000000000047962, 46.71000000000000085, 4.999999999999997335 ) ) ;
#340 = LINE ( 'NONE', #63, #430 ) ;
#341 = MECHANICAL_DESIGN_GEOMETRIC_PRESENTATION_REPRESENTATION (  '', ( #511 ), #876 ) ;
#342 = CARTESIAN_POINT ( 'NONE',  ( -7.499999999999937828, 7.999999999999998224, -14.00000000000000000 ) ) ;
#343 = LINE ( 'NONE', #681, #1230 ) ;
#344 = DIRECTION ( 'NONE',  ( -0.7071067811865486830, -0.7071067811865464625, -0.000000000000000000 ) ) ;
#345 = CYLINDRICAL_SURFACE ( 'NONE', #1340, 1.000000000000000000 ) ;
#346 = FACE_OUTER_BOUND ( 'NONE', #892, .T. ) ;
#347 = ORIENTED_EDGE ( 'NONE', *, *, #908, .T. ) ;
#348 = DIRECTION ( 'NONE',  ( 0.7071067811865484609, -0.7071067811865465735, 8.177564888977984310E-17 ) ) ;
#349 = VERTEX_POINT ( 'NONE', #833 ) ;
#350 = CARTESIAN_POINT ( 'NONE',  ( 5.898059818321144121E-14, 7.223040077686607663E-30, -20.00000000000000355 ) ) ;
#351 = AXIS2_PLACEMENT_3D ( 'NONE', #871, #532, #888 ) ;
#352 = DIRECTION ( 'NONE',  ( 1.224646799147353207E-16, -1.000000000000000000, 0.000000000000000000 ) ) ;
#353 = CARTESIAN_POINT ( 'NONE',  ( 5.500000000000047962, 46.71000000000000085, -4.999999999999998224 ) ) ;
#354 = DIRECTION ( 'NONE',  ( 0.000000000000000000, 2.832564736347686255E-32, 1.000000000000000000 ) ) ;
#355 =( NAMED_UNIT ( * ) PLANE_ANGLE_UNIT ( ) SI_UNIT ( $, .RADIAN. ) );
#356 = ORIENTED_EDGE ( 'NONE', *, *, #525, .T. ) ;
#357 = CARTESIAN_POINT ( 'NONE',  ( -5.500000000000046185, -3.469446951953614189E-15, 4.999999999999997335 ) ) ;
#358 = VECTOR ( 'NONE', #683, 1000.000000000000000 ) ;
#359 = CIRCLE ( 'NONE', #66, 1.599999999999999423 ) ;
#360 = ORIENTED_EDGE ( 'NONE', *, *, #793, .F. ) ;
#361 = CARTESIAN_POINT ( 'NONE',  ( -1.599999999999942801, 8.000000000000000000, -20.00000000000000355 ) ) ;
#362 = VECTOR ( 'NONE', #675, 1000.000000000000000 ) ;
#363 = CARTESIAN_POINT ( 'NONE',  ( -5.499999999999914735, 61.71000000000000085, 8.000000000000000000 ) ) ;
#364 = APPLICATION_CONTEXT ( 'automotive_design' ) ;
#365 = LINE ( 'NONE', #1356, #1445 ) ;
#366 = ORIENTED_EDGE ( 'NONE', *, *, #151, .T. ) ;
#367 = ORIENTED_EDGE ( 'NONE', *, *, #804, .F. ) ;
#368 = ADVANCED_FACE ( 'NONE', ( #556, #644 ), #152, .F. ) ;
#369 = DIRECTION ( 'NONE',  ( 1.000000000000000000, 0.000000000000000000, 0.000000000000000000 ) ) ;
#370 = CARTESIAN_POINT ( 'NONE',  ( -5.499999999999914735, 61.71000000000000085, -14.00000000000000000 ) ) ;
#371 = EDGE_CURVE ( 'NONE', #124, #647, #1197, .T. ) ;
#372 = CARTESIAN_POINT ( 'NONE',  ( -7.499999999999937828, 7.999999999999998224, -25.00000000000000355 ) ) ;
#373 = ADVANCED_FACE ( 'NONE', ( #1233, #346 ), #982, .F. ) ;
#374 = VECTOR ( 'NONE', #485, 1000.000000000000000 ) ;
#375 = VERTEX_POINT ( 'NONE', #635 ) ;
#376 = VECTOR ( 'NONE', #1353, 1000.000000000000000 ) ;
#377 = VERTEX_POINT ( 'NONE', #408 ) ;
#378 = DIRECTION ( 'NONE',  ( 1.000000000000000000, 0.000000000000000000, 0.000000000000000000 ) ) ;
#379 = LINE ( 'NONE', #244, #1192 ) ;
#380 = DIRECTION ( 'NONE',  ( -1.000000000000000000, 0.000000000000000000, -8.673617379884041635E-17 ) ) ;
#381 = ADVANCED_FACE ( 'NONE', ( #403 ), #1222, .F. ) ;
#382 = CYLINDRICAL_SURFACE ( 'NONE', #298, 1.600000000000000755 ) ;
#383 = LINE ( 'NONE', #1278, #1366 ) ;
#384 = CARTESIAN_POINT ( 'NONE',  ( -5.499999999999937828, -6.735557395310367081E-16, -25.00000000000000355 ) ) ;
#385 = DIRECTION ( 'NONE',  ( 1.224646799147353207E-16, -1.000000000000000000, 0.000000000000000000 ) ) ;
#386 = ORIENTED_EDGE ( 'NONE', *, *, #1363, .F. ) ;
#387 = VERTEX_POINT ( 'NONE', #1345 ) ;
#388 = DIRECTION ( 'NONE',  ( -0.7071067811865485719, 0.7071067811865465735, -0.000000000000000000 ) ) ;
#389 = EDGE_CURVE ( 'NONE', #132, #178, #89, .T. ) ;
#390 = DIRECTION ( 'NONE',  ( -0.7071067811865483499, -0.7071067811865466846, -8.177564888977985542E-17 ) ) ;
#391 = CARTESIAN_POINT ( 'NONE',  ( 5.551115123125782702E-14, 58.97274169979694136, 14.00000000000000000 ) ) ;
#392 = CARTESIAN_POINT ( 'NONE',  ( 5.535820492440001213E-14, 56.71000000000000085, -14.00000000000000000 ) ) ;
#393 = VERTEX_POINT ( 'NONE', #1212 ) ;
#394 = LINE ( 'NONE', #568, #1022 ) ;
#395 = VERTEX_POINT ( 'NONE', #507 ) ;
#396 = EDGE_CURVE ( 'NONE', #534, #245, #1010, .T. ) ;
#397 = CIRCLE ( 'NONE', #501, 1.000000000000000888 ) ;
#398 = VERTEX_POINT ( 'NONE', #1338 ) ;
#399 = CARTESIAN_POINT ( 'NONE',  ( -7.499999999999936939, 59.70999999999999375, 14.00000000000000000 ) ) ;
#400 = LINE ( 'NONE', #342, #1173 ) ;
#401 = EDGE_LOOP ( 'NONE', ( #677, #1512, #687, #454, #473, #437, #189, #314, #312, #1242, #15, #356 ) ) ;
#402 = EDGE_CURVE ( 'NONE', #1237, #1483, #1460, .T. ) ;
#403 = FACE_OUTER_BOUND ( 'NONE', #608, .T. ) ;
#404 = DIRECTION ( 'NONE',  ( -8.673617379884041635E-17, 0.000000000000000000, 1.000000000000000000 ) ) ;
#405 = VECTOR ( 'NONE', #823, 1000.000000000000000 ) ;
#406 = DIRECTION ( 'NONE',  ( -7.885106708985482131E-16, -8.754227019941975975E-32, 1.000000000000000000 ) ) ;
#407 = ORIENTED_EDGE ( 'NONE', *, *, #720, .F. ) ;
#408 = CARTESIAN_POINT ( 'NONE',  ( -7.499999999999936939, 59.70999999999999375, 14.00000000000000000 ) ) ;
#409 = EDGE_CURVE ( 'NONE', #377, #1066, #981, .T. ) ;
#410 = ADVANCED_FACE ( 'NONE', ( #1255 ), #299, .F. ) ;
#411 = CARTESIAN_POINT ( 'NONE',  ( 20.50000000000006395, 61.71000000000000085, -8.000000000000000000 ) ) ;
#412 = LINE ( 'NONE', #137, #374 ) ;
#413 = EDGE_LOOP ( 'NONE', ( #1140, #881, #253, #1093 ) ) ;
#414 = ORIENTED_EDGE ( 'NONE', *, *, #1258, .F. ) ;
#415 = FACE_OUTER_BOUND ( 'NONE', #1332, .T. ) ;
#416 = VECTOR ( 'NONE', #92, 1000.000000000000000 ) ;
#417 = EDGE_CURVE ( 'NONE', #535, #798, #518, .T. ) ;
#418 = ORIENTED_EDGE ( 'NONE', *, *, #627, .T. ) ;
#419 = ORIENTED_EDGE ( 'NONE', *, *, #54, .T. ) ;
#420 = DIRECTION ( 'NONE',  ( 1.000000000000000000, 1.224646799147353207E-16, 0.000000000000000000 ) ) ;
#421 =( NAMED_UNIT ( * ) PLANE_ANGLE_UNIT ( ) SI_UNIT ( $, .RADIAN. ) );
#422 = EDGE_CURVE ( 'NONE', #1402, #754, #826, .T. ) ;
#423 = DIRECTION ( 'NONE',  ( -1.224646799147353454E-16, 1.000000000000000000, -9.022436721524165737E-33 ) ) ;
#424 = DIRECTION ( 'NONE',  ( 1.224646799147353207E-16, -1.000000000000000000, 0.000000000000000000 ) ) ;
#425 = AXIS2_PLACEMENT_3D ( 'NONE', #1320, #1323, #751 ) ;
#426 = ORIENTED_EDGE ( 'NONE', *, *, #1463, .F. ) ;
#427 = LINE ( 'NONE', #770, #376 ) ;
#428 = ORIENTED_EDGE ( 'NONE', *, *, #901, .T. ) ;
#429 = PLANE ( 'NONE',  #229 ) ;
#430 = VECTOR ( 'NONE', #194, 1000.000000000000000 ) ;
#431 = ORIENTED_EDGE ( 'NONE', *, *, #560, .F. ) ;
#432 = CARTESIAN_POINT ( 'NONE',  ( 1.131370849898528874, 57.84137084989848177, 8.000000000000000000 ) ) ;
#433 = CIRCLE ( 'NONE', #1260, 1.599999999999997202 ) ;
#434 = LINE ( 'NONE', #586, #828 ) ;
#435 = VECTOR ( 'NONE', #406, 1000.000000000000000 ) ;
#436 = VECTOR ( 'NONE', #241, 1000.000000000000000 ) ;
#437 = ORIENTED_EDGE ( 'NONE', *, *, #1145, .F. ) ;
#438 = EDGE_CURVE ( 'NONE', #714, #205, #1495, .T. ) ;
#439 = DIRECTION ( 'NONE',  ( 1.224646799147353207E-16, -1.000000000000000000, 0.000000000000000000 ) ) ;
#440 = DIRECTION ( 'NONE',  ( 0.7071067811865466846, -0.7071067811865483499, 0.000000000000000000 ) ) ;
#441 = ADVANCED_FACE ( 'NONE', ( #1273 ), #1471, .F. ) ;
#442 = DIRECTION ( 'NONE',  ( 0.000000000000000000, 0.000000000000000000, -1.000000000000000000 ) ) ;
#443 = DIRECTION ( 'NONE',  ( -1.000000000000000000, -1.224646799147353207E-16, 0.000000000000000000 ) ) ;
#444 = EDGE_CURVE ( 'NONE', #554, #1400, #1365, .T. ) ;
#445 = DIRECTION ( 'NONE',  ( 0.000000000000000000, 1.000000000000000000, 0.000000000000000000 ) ) ;
#446 = ORIENTED_EDGE ( 'NONE', *, *, #268, .T. ) ;
#447 = DIRECTION ( 'NONE',  ( 0.000000000000000000, 0.000000000000000000, 1.000000000000000000 ) ) ;
#448 = VERTEX_POINT ( 'NONE', #305 ) ;
#449 = DIRECTION ( 'NONE',  ( -0.7071067811865500152, -0.7071067811865450192, -0.000000000000000000 ) ) ;
#450 = ORIENTED_EDGE ( 'NONE', *, *, #772, .T. ) ;
#451 = DIRECTION ( 'NONE',  ( 2.529980762241332710E-16, -1.000000000000000000, 1.156482317317871478E-16 ) ) ;
#452 = DIRECTION ( 'NONE',  ( -0.000000000000000000, 1.000000000000000000, -0.000000000000000000 ) ) ;
#453 = FACE_OUTER_BOUND ( 'NONE', #1432, .T. ) ;
#454 = ORIENTED_EDGE ( 'NONE', *, *, #11, .F. ) ;
#455 = CARTESIAN_POINT ( 'NONE',  ( 5.500000000000060396, 8.000000000000000000, -23.00000000000001066 ) ) ;
#456 = ORIENTED_EDGE ( 'NONE', *, *, #666, .F. ) ;
#457 = PLANE ( 'NONE',  #1215 ) ;
#458 = AXIS2_PLACEMENT_3D ( 'NONE', #71, #424, #755 ) ;
#459 = CARTESIAN_POINT ( 'NONE',  ( 5.508109898640465263E-14, 58.97274169979694847, 14.00000000000000000 ) ) ;
#460 = CARTESIAN_POINT ( 'NONE',  ( 5.535820492440001213E-14, 56.71000000000000085, -7.999999999999998224 ) ) ;
#461 = CARTESIAN_POINT ( 'NONE',  ( 5.800088074389356002E-14, 8.000000000000000000, -20.00000000000000355 ) ) ;
#462 = ORIENTED_EDGE ( 'NONE', *, *, #180, .T. ) ;
#463 = AXIS2_PLACEMENT_3D ( 'NONE', #964, #956, #1182 ) ;
#464 = ORIENTED_EDGE ( 'NONE', *, *, #396, .T. ) ;
#465 = LINE ( 'NONE', #1486, #1329 ) ;
#466 = ORIENTED_EDGE ( 'NONE', *, *, #482, .T. ) ;
#467 = CARTESIAN_POINT ( 'NONE',  ( 1.131370849898528874, 57.84137084989848177, -14.00000000000000000 ) ) ;
#468 = ORIENTED_EDGE ( 'NONE', *, *, #870, .F. ) ;
#469 = CARTESIAN_POINT ( 'NONE',  ( -1.599999999999944134, 56.71000000000000085, -14.00000000000000000 ) ) ;
#470 = EDGE_CURVE ( 'NONE', #494, #387, #190, .T. ) ;
#471 = LINE ( 'NONE', #1281, #167 ) ;
#472 = CARTESIAN_POINT ( 'NONE',  ( 7.500000000000061284, 8.000000000000001776, 14.00000000000000000 ) ) ;
#473 = ORIENTED_EDGE ( 'NONE', *, *, #409, .T. ) ;
#474 = EDGE_CURVE ( 'NONE', #375, #297, #615, .T. ) ;
#475 = DIRECTION ( 'NONE',  ( -1.000000000000000000, -1.224646799147352961E-16, 0.000000000000000000 ) ) ;
#476 = ADVANCED_FACE ( 'NONE', ( #577 ), #544, .F. ) ;
#477 = DIRECTION ( 'NONE',  ( -1.000000000000000000, -1.224646799147353207E-16, 0.000000000000000000 ) ) ;
#478 = CARTESIAN_POINT ( 'NONE',  ( -4.500000000000045297, -14.29000000000002402, 4.999999999999997335 ) ) ;
#479 = DIRECTION ( 'NONE',  ( -2.529980762241332710E-16, 1.000000000000000000, 3.019191293025296003E-32 ) ) ;
#480 = ORIENTED_EDGE ( 'NONE', *, *, #991, .F. ) ;
#481 = ORIENTED_EDGE ( 'NONE', *, *, #752, .T. ) ;
#482 = EDGE_CURVE ( 'NONE', #349, #690, #920, .T. ) ;
#483 = VECTOR ( 'NONE', #1167, 1000.000000000000000 ) ;
#484 = CARTESIAN_POINT ( 'NONE',  ( 7.500000000000060396, 1.836970198721029194E-15, -6.000000000000000000 ) ) ;
#485 = DIRECTION ( 'NONE',  ( 0.000000000000000000, 0.000000000000000000, -1.000000000000000000 ) ) ;
#486 = ORIENTED_EDGE ( 'NONE', *, *, #37, .T. ) ;
#487 = CYLINDRICAL_SURFACE ( 'NONE', #1024, 1.000000000000000888 ) ;
#488 = VERTEX_POINT ( 'NONE', #771 ) ;
#489 = DIRECTION ( 'NONE',  ( 0.000000000000000000, 0.000000000000000000, -1.000000000000000000 ) ) ;
#490 = ORIENTED_EDGE ( 'NONE', *, *, #1310, .T. ) ;
#491 = EDGE_CURVE ( 'NONE', #714, #145, #806, .T. ) ;
#492 = ORIENTED_EDGE ( 'NONE', *, *, #470, .T. ) ;
#493 = DIRECTION ( 'NONE',  ( 0.000000000000000000, -1.156482317317871478E-16, -1.000000000000000000 ) ) ;
#494 = VERTEX_POINT ( 'NONE', #877 ) ;
#495 = DIRECTION ( 'NONE',  ( 0.000000000000000000, 0.000000000000000000, 1.000000000000000000 ) ) ;
#496 = EDGE_CURVE ( 'NONE', #1105, #304, #962, .T. ) ;
#497 = COLOUR_RGB ( '',0.8666666666666666963, 0.8509803921568627194, 0.9137254901960784048 ) ;
#498 = PRODUCT ( 'Ò¡¸Ë½ÂÁ´¹Ì¶¨×ù', 'Ò¡¸Ë½ÂÁ´¹Ì¶¨×ù', '', ( #593 ) ) ;
#499 = PLANE ( 'NONE',  #1016 ) ;
#500 = ORIENTED_EDGE ( 'NONE', *, *, #1359, .T. ) ;
#501 = AXIS2_PLACEMENT_3D ( 'NONE', #10, #1292, #475 ) ;
#502 = FACE_OUTER_BOUND ( 'NONE', #1257, .T. ) ;
#503 = VECTOR ( 'NONE', #1069, 1000.000000000000000 ) ;
#504 = FACE_OUTER_BOUND ( 'NONE', #931, .T. ) ;
#505 = ADVANCED_FACE ( 'NONE', ( #1 ), #195, .T. ) ;
#506 = ORIENTED_EDGE ( 'NONE', *, *, #21, .F. ) ;
#507 = CARTESIAN_POINT ( 'NONE',  ( -1.599999999999944134, 56.71000000000000085, -7.999999999999998224 ) ) ;
#508 = AXIS2_PLACEMENT_3D ( 'NONE', #710, #26, #44 ) ;
#509 = CARTESIAN_POINT ( 'NONE',  ( 5.500000000000062172, 1.734723475976807094E-15, -23.00000000000001066 ) ) ;
#510 = DIRECTION ( 'NONE',  ( 0.7071067811865450192, -0.7071067811865500152, 0.000000000000000000 ) ) ;
#511 = STYLED_ITEM ( 'NONE', ( #320 ), #960 ) ;
#512 = ADVANCED_FACE ( 'NONE', ( #737 ), #994, .F. ) ;
#513 = ORIENTED_EDGE ( 'NONE', *, *, #402, .F. ) ;
#514 = VECTOR ( 'NONE', #596, 1000.000000000000000 ) ;
#515 = ORIENTED_EDGE ( 'NONE', *, *, #1091, .F. ) ;
#516 = CARTESIAN_POINT ( 'NONE',  ( -7.499999999999936939, 59.70999999999999375, 14.00000000000000000 ) ) ;
#517 = EDGE_CURVE ( 'NONE', #549, #178, #1154, .T. ) ;
#518 = CIRCLE ( 'NONE', #1241, 1.600000000000000755 ) ;
#519 = FACE_OUTER_BOUND ( 'NONE', #1464, .T. ) ;
#520 = CIRCLE ( 'NONE', #1411, 1.600000000000000755 ) ;
#521 = DIRECTION ( 'NONE',  ( 0.000000000000000000, 0.000000000000000000, -1.000000000000000000 ) ) ;
#522 = ORIENTED_EDGE ( 'NONE', *, *, #763, .F. ) ;
#523 = ORIENTED_EDGE ( 'NONE', *, *, #1435, .F. ) ;
#524 = CARTESIAN_POINT ( 'NONE',  ( 5.535820492440001213E-14, 56.71000000000000085, 14.00000000000000000 ) ) ;
#525 = EDGE_CURVE ( 'NONE', #1109, #534, #365, .T. ) ;
#526 = ADVANCED_FACE ( 'NONE', ( #110 ), #429, .F. ) ;
#527 = CARTESIAN_POINT ( 'NONE',  ( -1.131370849898418296, 57.84137084989848177, 14.00000000000000000 ) ) ;
#528 = PRESENTATION_LAYER_ASSIGNMENT (  '', '', ( #146 ) ) ;
#529 = CARTESIAN_POINT ( 'NONE',  ( -7.499999999999937828, 59.70999999999999375, -7.999999999999998224 ) ) ;
#530 = LINE ( 'NONE', #1142, #910 ) ;
#531 = ORIENTED_EDGE ( 'NONE', *, *, #650, .T. ) ;
#532 = DIRECTION ( 'NONE',  ( 1.224646799147353207E-16, -1.000000000000000000, 0.000000000000000000 ) ) ;
#533 = CYLINDRICAL_SURFACE ( 'NONE', #612, 1.000000000000000888 ) ;
#534 = VERTEX_POINT ( 'NONE', #1116 ) ;
#535 = VERTEX_POINT ( 'NONE', #216 ) ;
#536 = CARTESIAN_POINT ( 'NONE',  ( 20.50000000000006395, 61.71000000000000085, 8.000000000000000000 ) ) ;
#537 = LINE ( 'NONE', #1045, #1067 ) ;
#538 =( NAMED_UNIT ( * ) SI_UNIT ( $, .STERADIAN. ) SOLID_ANGLE_UNIT ( ) );
#539 = EDGE_LOOP ( 'NONE', ( #211, #192, #1213, #431 ) ) ;
#540 = ADVANCED_FACE ( 'NONE', ( #1114 ), #566, .F. ) ;
#541 = ORIENTED_EDGE ( 'NONE', *, *, #1064, .T. ) ;
#542 = DIRECTION ( 'NONE',  ( -0.7071067811865465735, -0.7071067811865484609, 0.000000000000000000 ) ) ;
#543 = DIRECTION ( 'NONE',  ( -0.000000000000000000, -0.000000000000000000, -1.000000000000000000 ) ) ;
#544 = PLANE ( 'NONE',  #1300 ) ;
#545 = EDGE_CURVE ( 'NONE', #304, #674, #1405, .T. ) ;
#546 = DIRECTION ( 'NONE',  ( -1.000000000000000000, 0.000000000000000000, 9.637352644315495403E-17 ) ) ;
#547 = CARTESIAN_POINT ( 'NONE',  ( 5.508109898640465263E-14, 58.97274169979694847, 8.000000000000000000 ) ) ;
#548 = AXIS2_PLACEMENT_3D ( 'NONE', #1057, #810, #589 ) ;
#549 = VERTEX_POINT ( 'NONE', #1271 ) ;
#550 = ORIENTED_EDGE ( 'NONE', *, *, #835, .F. ) ;
#551 = DIRECTION ( 'NONE',  ( 1.224646799147353207E-16, -1.000000000000000000, 0.000000000000000000 ) ) ;
#552 = CIRCLE ( 'NONE', #1395, 1.599999999999999423 ) ;
#553 = ORIENTED_EDGE ( 'NONE', *, *, #1180, .F. ) ;
#554 = VERTEX_POINT ( 'NONE', #1392 ) ;
#555 = CARTESIAN_POINT ( 'NONE',  ( 5.635322953545430906E-14, 58.97274169979694847, -7.999999999999998224 ) ) ;
#556 = FACE_OUTER_BOUND ( 'NONE', #123, .T. ) ;
#557 = ORIENTED_EDGE ( 'NONE', *, *, #371, .T. ) ;
#558 = ORIENTED_EDGE ( 'NONE', *, *, #796, .F. ) ;
#559 = CARTESIAN_POINT ( 'NONE',  ( 5.535820492440001213E-14, 56.71000000000000085, 14.00000000000000000 ) ) ;
#560 = EDGE_CURVE ( 'NONE', #656, #995, #878, .T. ) ;
#561 = CARTESIAN_POINT ( 'NONE',  ( -5.499999999999914735, 61.71000000000000085, 14.00000000000000000 ) ) ;
#562 = ORIENTED_EDGE ( 'NONE', *, *, #727, .T. ) ;
#563 = DIRECTION ( 'NONE',  ( 1.000000000000000000, 0.000000000000000000, 0.000000000000000000 ) ) ;
#564 = EDGE_CURVE ( 'NONE', #995, #1438, #280, .T. ) ;
#565 = DIRECTION ( 'NONE',  ( -1.000000000000000000, 0.000000000000000000, -0.000000000000000000 ) ) ;
#566 = PLANE ( 'NONE',  #1077 ) ;
#567 = EDGE_CURVE ( 'NONE', #995, #984, #1385, .T. ) ;
#568 = CARTESIAN_POINT ( 'NONE',  ( -5.500000000000046185, 46.71000000000000085, 4.999999999999997335 ) ) ;
#569 = ORIENTED_EDGE ( 'NONE', *, *, #1337, .F. ) ;
#570 = CARTESIAN_POINT ( 'NONE',  ( -7.499999999999936939, 0.000000000000000000, -14.00000000000000000 ) ) ;
#571 = EDGE_LOOP ( 'NONE', ( #1095, #282, #6, #292, #989, #62, #958, #1027 ) ) ;
#572 = VECTOR ( 'NONE', #439, 1000.000000000000000 ) ;
#573 = DIRECTION ( 'NONE',  ( 0.000000000000000000, 0.000000000000000000, 1.000000000000000000 ) ) ;
#574 = CIRCLE ( 'NONE', #809, 1.600000000000000755 ) ;
#575 = CARTESIAN_POINT ( 'NONE',  ( 1.600000000000054712, 56.71000000000000085, -14.00000000000000000 ) ) ;
#576 = DIRECTION ( 'NONE',  ( 0.000000000000000000, 1.000000000000000000, -0.000000000000000000 ) ) ;
#577 = FACE_OUTER_BOUND ( 'NONE', #161, .T. ) ;
#578 = DIRECTION ( 'NONE',  ( 1.000000000000000000, 0.000000000000000000, 0.000000000000000000 ) ) ;
#579 = VERTEX_POINT ( 'NONE', #228 ) ;
#580 = EDGE_CURVE ( 'NONE', #579, #398, #1049, .T. ) ;
#581 = DIRECTION ( 'NONE',  ( -1.224646799147353207E-16, 1.000000000000000000, -0.000000000000000000 ) ) ;
#582 = ORIENTED_EDGE ( 'NONE', *, *, #903, .T. ) ;
#583 =( GEOMETRIC_REPRESENTATION_CONTEXT ( 3 ) GLOBAL_UNCERTAINTY_ASSIGNED_CONTEXT ( ( #886 ) ) GLOBAL_UNIT_ASSIGNED_CONTEXT ( ( #1120, #421, #538 ) ) REPRESENTATION_CONTEXT ( 'NONE', 'WORKASPACE' ) );
#584 = DIRECTION ( 'NONE',  ( 1.000000000000000000, 1.224646799147353454E-16, -2.312964634635744436E-16 ) ) ;
#585 = CARTESIAN_POINT ( 'NONE',  ( -5.499999999999937828, 7.999999999999998224, 25.00000000000000355 ) ) ;
#586 = CARTESIAN_POINT ( 'NONE',  ( 5.500000000000039080, 61.71000000000000085, -7.999999999999998224 ) ) ;
#587 = ADVANCED_FACE ( 'NONE', ( #453 ), #345, .F. ) ;
#588 = CARTESIAN_POINT ( 'NONE',  ( -7.499999999999936939, 61.71000000000000085, -14.00000000000000000 ) ) ;
#589 = DIRECTION ( 'NONE',  ( -1.000000000000000000, 0.000000000000000000, 0.000000000000000000 ) ) ;
#590 = VERTEX_POINT ( 'NONE', #1384 ) ;
#591 = ORIENTED_EDGE ( 'NONE', *, *, #1439, .T. ) ;
#592 = ADVANCED_FACE ( 'NONE', ( #519 ), #1378, .F. ) ;
#593 = PRODUCT_CONTEXT ( 'NONE', #603, 'mechanical' ) ;
#594 = CIRCLE ( 'NONE', #425, 1.599999999999997202 ) ;
#595 = ORIENTED_EDGE ( 'NONE', *, *, #867, .F. ) ;
#596 = DIRECTION ( 'NONE',  ( 0.7071067811865500152, 0.7071067811865450192, 8.177564888977967054E-17 ) ) ;
#597 = ORIENTED_EDGE ( 'NONE', *, *, #239, .T. ) ;
#598 = CARTESIAN_POINT ( 'NONE',  ( -5.499999999999937828, 7.999999999999998224, -25.00000000000000355 ) ) ;
#599 = CARTESIAN_POINT ( 'NONE',  ( 5.500000000000047962, -1.734723475976807094E-15, 4.999999999999997335 ) ) ;
#600 = VERTEX_POINT ( 'NONE', #790 ) ;
#601 = EDGE_CURVE ( 'NONE', #1298, #494, #126, .T. ) ;
#602 = DIRECTION ( 'NONE',  ( 0.000000000000000000, 0.000000000000000000, -1.000000000000000000 ) ) ;
#603 = APPLICATION_CONTEXT ( 'automotive_design' ) ;
#604 = CARTESIAN_POINT ( 'NONE',  ( -7.499999999999936939, 61.71000000000000085, 8.000000000000000000 ) ) ;
#605 = CARTESIAN_POINT ( 'NONE',  ( 7.500000000000062172, 1.836970198721029589E-15, 14.00000000000000000 ) ) ;
#606 = ADVANCED_FACE ( 'NONE', ( #1155 ), #38, .F. ) ;
#607 = CARTESIAN_POINT ( 'NONE',  ( 1.600000000000059597, 1.959434878635838200E-16, 20.00000000000000355 ) ) ;
#608 = EDGE_LOOP ( 'NONE', ( #324, #595, #558, #840 ) ) ;
#609 = CYLINDRICAL_SURFACE ( 'NONE', #1243, 2.000000000000000000 ) ;
#610 = ORIENTED_EDGE ( 'NONE', *, *, #1418, .T. ) ;
#611 = DIRECTION ( 'NONE',  ( -0.7071067811865483499, -0.7071067811865465735, 0.000000000000000000 ) ) ;
#612 = AXIS2_PLACEMENT_3D ( 'NONE', #1225, #1234, #1467 ) ;
#613 = DIRECTION ( 'NONE',  ( 0.000000000000000000, 1.000000000000000000, 0.000000000000000000 ) ) ;
#614 = ORIENTED_EDGE ( 'NONE', *, *, #1162, .F. ) ;
#615 = CIRCLE ( 'NONE', #813, 1.600000000000000755 ) ;
#616 = CARTESIAN_POINT ( 'NONE',  ( -7.499999999999937828, 7.999999999999998224, 23.00000000000000711 ) ) ;
#617 = ORIENTED_EDGE ( 'NONE', *, *, #176, .T. ) ;
#618 = EDGE_CURVE ( 'NONE', #393, #488, #231, .T. ) ;
#619 = EDGE_LOOP ( 'NONE', ( #913, #68, #851, #1508 ) ) ;
#620 = CARTESIAN_POINT ( 'NONE',  ( 1.131370849898528874, 57.84137084989848177, 14.00000000000000000 ) ) ;
#621 = EDGE_CURVE ( 'NONE', #65, #87, #1232, .T. ) ;
#622 = CARTESIAN_POINT ( 'NONE',  ( -1.131370849898411635, 57.84137084989848177, -14.00000000000000000 ) ) ;
#623 = EDGE_CURVE ( 'NONE', #754, #924, #1474, .T. ) ;
#624 = ORIENTED_EDGE ( 'NONE', *, *, #903, .F. ) ;
#625 = CARTESIAN_POINT ( 'NONE',  ( -5.499999999999936939, 2.449293598294705921E-16, -23.00000000000000711 ) ) ;
#626 = ORIENTED_EDGE ( 'NONE', *, *, #1494, .F. ) ;
#627 = EDGE_CURVE ( 'NONE', #398, #377, #805, .T. ) ;
#628 = ORIENTED_EDGE ( 'NONE', *, *, #1341, .F. ) ;
#629 = CARTESIAN_POINT ( 'NONE',  ( 5.800088074389356002E-14, 8.000000000000000000, -20.00000000000000355 ) ) ;
#630 = AXIS2_PLACEMENT_3D ( 'NONE', #149, #385, #1437 ) ;
#631 = FACE_OUTER_BOUND ( 'NONE', #898, .T. ) ;
#632 = LINE ( 'NONE', #588, #330 ) ;
#633 = VERTEX_POINT ( 'NONE', #240 ) ;
#634 = ADVANCED_FACE ( 'NONE', ( #847 ), #1333, .F. ) ;
#635 = CARTESIAN_POINT ( 'NONE',  ( -1.599999999999941691, -1.959434878635693740E-16, 20.00000000000000355 ) ) ;
#636 = AXIS2_PLACEMENT_3D ( 'NONE', #808, #685, #354 ) ;
#637 = DIRECTION ( 'NONE',  ( -0.000000000000000000, 1.000000000000000000, 1.156482317317871478E-16 ) ) ;
#638 = ORIENTED_EDGE ( 'NONE', *, *, #1188, .F. ) ;
#639 = ORIENTED_EDGE ( 'NONE', *, *, #580, .T. ) ;
#640 = CIRCLE ( 'NONE', #630, 1.600000000000000755 ) ;
#641 = EDGE_CURVE ( 'NONE', #1113, #1023, #434, .T. ) ;
#642 = ORIENTED_EDGE ( 'NONE', *, *, #988, .T. ) ;
#643 = FACE_BOUND ( 'NONE', #700, .T. ) ;
#644 = FACE_BOUND ( 'NONE', #1358, .T. ) ;
#645 = DIRECTION ( 'NONE',  ( 1.000000000000000000, 0.000000000000000000, 0.000000000000000000 ) ) ;
#646 = VERTEX_POINT ( 'NONE', #125 ) ;
#647 = VERTEX_POINT ( 'NONE', #706 ) ;
#648 = FILL_AREA_STYLE_COLOUR ( '', #497 ) ;
#649 = ADVANCED_FACE ( 'NONE', ( #1347 ), #382, .F. ) ;
#650 = EDGE_CURVE ( 'NONE', #145, #398, #537, .T. ) ;
#651 = AXIS2_PLACEMENT_3D ( 'NONE', #1015, #184, #1250 ) ;
#652 = VERTEX_POINT ( 'NONE', #1299 ) ;
#653 = VECTOR ( 'NONE', #1351, 1000.000000000000000 ) ;
#654 = EDGE_LOOP ( 'NONE', ( #582, #557, #1032, #739, #862 ) ) ;
#655 = CIRCLE ( 'NONE', #458, 1.600000000000000755 ) ;
#656 = VERTEX_POINT ( 'NONE', #1313 ) ;
#657 = CARTESIAN_POINT ( 'NONE',  ( -1.131370849898418296, 57.84137084989848177, 14.00000000000000000 ) ) ;
#658 = AXIS2_PLACEMENT_3D ( 'NONE', #411, #1220, #868 ) ;
#659 = FACE_OUTER_BOUND ( 'NONE', #1107, .T. ) ;
#660 = DIRECTION ( 'NONE',  ( 0.7071067811865483499, 0.7071067811865466846, 0.000000000000000000 ) ) ;
#661 = ORIENTED_EDGE ( 'NONE', *, *, #246, .F. ) ;
#662 = DIRECTION ( 'NONE',  ( 0.7071067811865450192, -0.7071067811865500152, 0.000000000000000000 ) ) ;
#663 = DIRECTION ( 'NONE',  ( 1.000000000000000000, -0.000000000000000000, -0.000000000000000000 ) ) ;
#664 = DIRECTION ( 'NONE',  ( 0.000000000000000000, 1.000000000000000000, 0.000000000000000000 ) ) ;
#665 = DIRECTION ( 'NONE',  ( -1.000000000000000000, 0.000000000000000000, 0.000000000000000000 ) ) ;
#666 = EDGE_CURVE ( 'NONE', #1007, #113, #1135, .T. ) ;
#667 = CARTESIAN_POINT ( 'NONE',  ( -4.500000000000045297, -1.734723475976807094E-15, 5.999999999999998224 ) ) ;
#668 = DIRECTION ( 'NONE',  ( 0.000000000000000000, 0.000000000000000000, -1.000000000000000000 ) ) ;
#669 = VERTEX_POINT ( 'NONE', #255 ) ;
#670 = CARTESIAN_POINT ( 'NONE',  ( 5.535820492440001213E-14, 56.71000000000000085, 14.00000000000000000 ) ) ;
#671 = VERTEX_POINT ( 'NONE', #361 ) ;
#672 = CARTESIAN_POINT ( 'NONE',  ( -1.599999999999944134, 56.71000000000000085, 8.000000000000000000 ) ) ;
#673 = LINE ( 'NONE', #555, #783 ) ;
#674 = VERTEX_POINT ( 'NONE', #469 ) ;
#675 = DIRECTION ( 'NONE',  ( -0.7071067811865484609, 0.7071067811865465735, 8.177564888977984310E-17 ) ) ;
#676 = VECTOR ( 'NONE', #1325, 1000.000000000000000 ) ;
#677 = ORIENTED_EDGE ( 'NONE', *, *, #1284, .F. ) ;
#678 = EDGE_LOOP ( 'NONE', ( #541, #1388, #624, #791 ) ) ;
#679 = CARTESIAN_POINT ( 'NONE',  ( -7.499999999999937828, 7.999999999999998224, 25.00000000000000355 ) ) ;
#680 = AXIS2_PLACEMENT_3D ( 'NONE', #339, #445, #1134 ) ;
#681 = CARTESIAN_POINT ( 'NONE',  ( -5.499999999999937828, 7.999999999999998224, -25.00000000000000355 ) ) ;
#682 = VERTEX_POINT ( 'NONE', #693 ) ;
#683 = DIRECTION ( 'NONE',  ( -1.000000000000000000, -1.224646799147353454E-16, -2.312964634635744436E-16 ) ) ;
#684 = EDGE_CURVE ( 'NONE', #1319, #669, #1030, .T. ) ;
#685 = DIRECTION ( 'NONE',  ( 0.000000000000000000, 1.000000000000000000, -2.832564736347691729E-32 ) ) ;
#686 = CARTESIAN_POINT ( 'NONE',  ( 5.500000000000060396, 8.000000000000001776, -23.00000000000001066 ) ) ;
#687 = ORIENTED_EDGE ( 'NONE', *, *, #21, .T. ) ;
#688 = LINE ( 'NONE', #527, #653 ) ;
#689 = ADVANCED_FACE ( 'NONE', ( #992, #502, #643, #919 ), #16, .F. ) ;
#690 = VERTEX_POINT ( 'NONE', #830 ) ;
#691 = FACE_OUTER_BOUND ( 'NONE', #678, .T. ) ;
#692 = ORIENTED_EDGE ( 'NONE', *, *, #741, .T. ) ;
#693 = CARTESIAN_POINT ( 'NONE',  ( -4.500000000000045297, -1.734723475976807094E-15, -5.999999999999998224 ) ) ;
#694 = ORIENTED_EDGE ( 'NONE', *, *, #1304, .T. ) ;
#695 = DIRECTION ( 'NONE',  ( 0.000000000000000000, 0.000000000000000000, 1.000000000000000000 ) ) ;
#696 = DIRECTION ( 'NONE',  ( -0.7071067811865485719, 0.7071067811865465735, -0.000000000000000000 ) ) ;
#697 = VECTOR ( 'NONE', #1454, 1000.000000000000000 ) ;
#698 = DIRECTION ( 'NONE',  ( 7.885106708985482131E-16, 8.754227019941975975E-32, 1.000000000000000000 ) ) ;
#699 = ADVANCED_FACE ( 'NONE', ( #938 ), #1414, .F. ) ;
#700 = EDGE_LOOP ( 'NONE', ( #522, #1270 ) ) ;
#701 = EDGE_CURVE ( 'NONE', #132, #236, #980, .T. ) ;
#702 = ORIENTED_EDGE ( 'NONE', *, *, #517, .F. ) ;
#703 = CARTESIAN_POINT ( 'NONE',  ( 20.50000000000006395, 46.71000000000000085, -7.999999999999998224 ) ) ;
#704 = DIRECTION ( 'NONE',  ( -0.7071067811865464625, 0.7071067811865486830, -0.000000000000000000 ) ) ;
#705 = CARTESIAN_POINT ( 'NONE',  ( 0.000000000000000000, 0.000000000000000000, 0.000000000000000000 ) ) ;
#706 = CARTESIAN_POINT ( 'NONE',  ( 1.600000000000054712, 56.71000000000000085, 8.000000000000000000 ) ) ;
#707 = AXIS2_PLACEMENT_3D ( 'NONE', #836, #489, #147 ) ;
#708 = LINE ( 'NONE', #372, #1455 ) ;
#709 = ORIENTED_EDGE ( 'NONE', *, *, #684, .T. ) ;
#710 = CARTESIAN_POINT ( 'NONE',  ( -7.499999999999937828, 7.999999999999998224, -25.00000000000000355 ) ) ;
#711 = ORIENTED_EDGE ( 'NONE', *, *, #151, .F. ) ;
#712 = DIRECTION ( 'NONE',  ( -0.000000000000000000, -0.000000000000000000, -1.000000000000000000 ) ) ;
#713 = DIRECTION ( 'NONE',  ( -1.000000000000000000, 0.000000000000000000, 9.637352644315494170E-17 ) ) ;
#714 = VERTEX_POINT ( 'NONE', #1303 ) ;
#715 = EDGE_CURVE ( 'NONE', #387, #669, #293, .T. ) ;
#716 = VECTOR ( 'NONE', #203, 1000.000000000000000 ) ;
#717 = CARTESIAN_POINT ( 'NONE',  ( 7.500000000000047073, 59.70999999999998664, 8.000000000000000000 ) ) ;
#718 = ORIENTED_EDGE ( 'NONE', *, *, #309, .T. ) ;
#719 = ORIENTED_EDGE ( 'NONE', *, *, #1451, .T. ) ;
#720 = EDGE_CURVE ( 'NONE', #671, #1119, #574, .T. ) ;
#721 = ADVANCED_FACE ( 'NONE', ( #415 ), #499, .F. ) ;
#722 = DIRECTION ( 'NONE',  ( 0.000000000000000000, 0.000000000000000000, 1.000000000000000000 ) ) ;
#723 = EDGE_CURVE ( 'NONE', #215, #554, #859, .T. ) ;
#724 = DIRECTION ( 'NONE',  ( -1.000000000000000000, -1.224646799147353454E-16, -2.312964634635744436E-16 ) ) ;
#725 = CARTESIAN_POINT ( 'NONE',  ( 5.500000000000047962, -14.29000000000002402, -4.999999999999998224 ) ) ;
#726 = ORIENTED_EDGE ( 'NONE', *, *, #296, .T. ) ;
#727 = EDGE_CURVE ( 'NONE', #1078, #1105, #825, .T. ) ;
#728 = ADVANCED_FACE ( 'NONE', ( #1153 ), #175, .F. ) ;
#729 = FACE_OUTER_BOUND ( 'NONE', #105, .T. ) ;
#730 = EDGE_LOOP ( 'NONE', ( #733, #1468, #1080, #973, #506, #1427 ) ) ;
#731 = AXIS2_PLACEMENT_3D ( 'NONE', #332, #1396, #1146 ) ;
#732 = FACE_OUTER_BOUND ( 'NONE', #730, .T. ) ;
#733 = ORIENTED_EDGE ( 'NONE', *, *, #265, .F. ) ;
#734 = CARTESIAN_POINT ( 'NONE',  ( 20.50000000000006395, 46.71000000000000085, -7.999999999999998224 ) ) ;
#735 = EDGE_LOOP ( 'NONE', ( #107, #591, #490, #614 ) ) ;
#736 = VECTOR ( 'NONE', #907, 1000.000000000000000 ) ;
#737 = FACE_OUTER_BOUND ( 'NONE', #1312, .T. ) ;
#738 = DIRECTION ( 'NONE',  ( -1.000000000000000000, -1.224646799147353454E-16, 0.000000000000000000 ) ) ;
#739 = ORIENTED_EDGE ( 'NONE', *, *, #883, .T. ) ;
#740 = AXIS2_PLACEMENT_3D ( 'NONE', #516, #510, #521 ) ;
#741 = EDGE_CURVE ( 'NONE', #1397, #1402, #784, .T. ) ;
#742 = LINE ( 'NONE', #1165, #854 ) ;
#743 = ORIENTED_EDGE ( 'NONE', *, *, #48, .T. ) ;
#744 = EDGE_CURVE ( 'NONE', #119, #1078, #327, .T. ) ;
#745 = CIRCLE ( 'NONE', #680, 1.000000000000000888 ) ;
#746 = ORIENTED_EDGE ( 'NONE', *, *, #168, .F. ) ;
#747 = ORIENTED_EDGE ( 'NONE', *, *, #1363, .T. ) ;
#748 = LINE ( 'NONE', #1202, #676 ) ;
#749 = VECTOR ( 'NONE', #1499, 1000.000000000000000 ) ;
#750 = LINE ( 'NONE', #773, #416 ) ;
#751 = DIRECTION ( 'NONE',  ( 0.000000000000000000, -1.000000000000000000, 0.000000000000000000 ) ) ;
#752 = EDGE_CURVE ( 'NONE', #855, #633, #748, .T. ) ;
#753 = ORIENTED_EDGE ( 'NONE', *, *, #224, .T. ) ;
#754 = VERTEX_POINT ( 'NONE', #616 ) ;
#755 = DIRECTION ( 'NONE',  ( -1.000000000000000000, 0.000000000000000000, 0.000000000000000000 ) ) ;
#756 = AXIS2_PLACEMENT_3D ( 'NONE', #460, #329, #1020 ) ;
#757 = DIRECTION ( 'NONE',  ( 1.000000000000000000, 0.000000000000000000, 0.000000000000000000 ) ) ;
#758 = ORIENTED_EDGE ( 'NONE', *, *, #701, .F. ) ;
#759 = ORIENTED_EDGE ( 'NONE', *, *, #727, .F. ) ;
#760 = DIRECTION ( 'NONE',  ( 1.000000000000000000, 1.224646799147353207E-16, 0.000000000000000000 ) ) ;
#761 = LINE ( 'NONE', #1199, #1043 ) ;
#762 = ORIENTED_EDGE ( 'NONE', *, *, #82, .T. ) ;
#763 = EDGE_CURVE ( 'NONE', #297, #375, #957, .T. ) ;
#764 = DIRECTION ( 'NONE',  ( -0.000000000000000000, -0.000000000000000000, -1.000000000000000000 ) ) ;
#765 = VECTOR ( 'NONE', #198, 1000.000000000000000 ) ;
#766 = CLOSED_SHELL ( 'NONE', ( #649, #634, #58, #606, #1204, #999, #866, #540, #728, #1354, #832, #368, #441, #689, #1318, #526, #1301, #505, #776, #193, #254, #373, #17, #1163, #1324, #313, #274, #1054, #162, #721, #45, #699, #587, #512, #1309, #1059, #381, #476, #592, #410, #1428, #846, #1484, #143 ) ) ;
#767 = VECTOR ( 'NONE', #704, 1000.000000000000000 ) ;
#768 = FACE_OUTER_BOUND ( 'NONE', #155, .T. ) ;
#769 = ORIENTED_EDGE ( 'NONE', *, *, #1439, .F. ) ;
#770 = CARTESIAN_POINT ( 'NONE',  ( 1.131370849898528874, 57.84137084989848177, 14.00000000000000000 ) ) ;
#771 = CARTESIAN_POINT ( 'NONE',  ( 5.508110410204882684E-14, 58.97274169979694847, -7.999999999999998224 ) ) ;
#772 = EDGE_CURVE ( 'NONE', #1070, #278, #69, .T. ) ;
#773 = CARTESIAN_POINT ( 'NONE',  ( 4.500000000000047962, -14.29000000000002402, 5.999999999999998224 ) ) ;
#774 = AXIS2_PLACEMENT_3D ( 'NONE', #350, #1144, #443 ) ;
#775 = DIRECTION ( 'NONE',  ( 0.000000000000000000, -1.156482317317871478E-16, -1.000000000000000000 ) ) ;
#776 = ADVANCED_FACE ( 'NONE', ( #1065 ), #797, .T. ) ;
#777 = CARTESIAN_POINT ( 'NONE',  ( 5.898059818321144121E-14, 7.223040077686607663E-30, 20.00000000000000355 ) ) ;
#778 = DIRECTION ( 'NONE',  ( 1.224646799147353207E-16, -1.000000000000000000, 0.000000000000000000 ) ) ;
#779 = CARTESIAN_POINT ( 'NONE',  ( -4.500000000000045297, 46.71000000000000085, 4.999999999999997335 ) ) ;
#780 = ORIENTED_EDGE ( 'NONE', *, *, #1064, .F. ) ;
#781 = PLANE ( 'NONE',  #322 ) ;
#782 = ORIENTED_EDGE ( 'NONE', *, *, #1494, .T. ) ;
#783 = VECTOR ( 'NONE', #348, 1000.000000000000000 ) ;
#784 = CIRCLE ( 'NONE', #1367, 2.000000000000000000 ) ;
#785 = DIRECTION ( 'NONE',  ( -0.000000000000000000, -1.000000000000000000, -0.000000000000000000 ) ) ;
#786 = EDGE_CURVE ( 'NONE', #245, #164, #343, .T. ) ;
#787 = LINE ( 'NONE', #196, #1087 ) ;
#788 = DIRECTION ( 'NONE',  ( 0.7071067811865464625, -0.7071067811865486830, -0.000000000000000000 ) ) ;
#789 = ORIENTED_EDGE ( 'NONE', *, *, #496, .T. ) ;
#790 = CARTESIAN_POINT ( 'NONE',  ( 1.131370849898528874, 57.84137084989848177, -7.999999999999998224 ) ) ;
#791 = ORIENTED_EDGE ( 'NONE', *, *, #444, .F. ) ;
#792 = CARTESIAN_POINT ( 'NONE',  ( 5.535820492440001213E-14, 56.71000000000000085, 14.00000000000000000 ) ) ;
#793 = EDGE_CURVE ( 'NONE', #488, #600, #673, .T. ) ;
#794 = CARTESIAN_POINT ( 'NONE',  ( 7.500000000000047073, 59.70999999999998664, 14.00000000000000000 ) ) ;
#795 = DIRECTION ( 'NONE',  ( -0.000000000000000000, 1.000000000000000000, -0.000000000000000000 ) ) ;
#796 = EDGE_CURVE ( 'NONE', #652, #169, #1382, .T. ) ;
#797 = PLANE ( 'NONE',  #1422 ) ;
#798 = VERTEX_POINT ( 'NONE', #1504 ) ;
#799 = FACE_OUTER_BOUND ( 'NONE', #1357, .T. ) ;
#800 = VERTEX_POINT ( 'NONE', #906 ) ;
#801 = DIRECTION ( 'NONE',  ( 0.000000000000000000, 0.000000000000000000, 1.000000000000000000 ) ) ;
#802 = ORIENTED_EDGE ( 'NONE', *, *, #438, .T. ) ;
#803 = CARTESIAN_POINT ( 'NONE',  ( 5.500000000000059508, 8.000000000000001776, 25.00000000000000711 ) ) ;
#804 = EDGE_CURVE ( 'NONE', #855, #1007, #1444, .T. ) ;
#805 = LINE ( 'NONE', #209, #1315 ) ;
#806 = LINE ( 'NONE', #536, #1406 ) ;
#807 = VECTOR ( 'NONE', #663, 1000.000000000000000 ) ;
#808 = CARTESIAN_POINT ( 'NONE',  ( -5.499999999999936939, -1.048048952448645989E-30, -23.00000000000000711 ) ) ;
#809 = AXIS2_PLACEMENT_3D ( 'NONE', #629, #36, #1336 ) ;
#810 = DIRECTION ( 'NONE',  ( -0.000000000000000000, -0.000000000000000000, -1.000000000000000000 ) ) ;
#811 = EDGE_LOOP ( 'NONE', ( #1235, #694, #158, #515 ) ) ;
#812 = DIRECTION ( 'NONE',  ( -0.000000000000000000, 1.000000000000000000, -0.000000000000000000 ) ) ;
#813 = AXIS2_PLACEMENT_3D ( 'NONE', #777, #882, #420 ) ;
#814 = DIRECTION ( 'NONE',  ( -0.000000000000000000, 1.000000000000000000, -0.000000000000000000 ) ) ;
#815 = FILL_AREA_STYLE ('',( #1048 ) ) ;
#816 = CARTESIAN_POINT ( 'NONE',  ( 7.500000000000060396, 8.000000000000001776, -23.00000000000001066 ) ) ;
#817 = ORIENTED_EDGE ( 'NONE', *, *, #470, .F. ) ;
#818 = LINE ( 'NONE', #725, #51 ) ;
#819 = ORIENTED_EDGE ( 'NONE', *, *, #54, .F. ) ;
#820 = CARTESIAN_POINT ( 'NONE',  ( -5.500000000000046185, -14.29000000000002402, 4.999999999999997335 ) ) ;
#821 = LINE ( 'NONE', #118, #483 ) ;
#822 = ORIENTED_EDGE ( 'NONE', *, *, #1304, .F. ) ;
#823 = DIRECTION ( 'NONE',  ( 0.000000000000000000, 0.000000000000000000, 1.000000000000000000 ) ) ;
#824 = SURFACE_STYLE_USAGE ( .BOTH. , #932 ) ;
#825 = LINE ( 'NONE', #287, #1272 ) ;
#826 = LINE ( 'NONE', #1090, #1050 ) ;
#827 = CARTESIAN_POINT ( 'NONE',  ( 1.600000000000054712, 56.71000000000000085, 14.00000000000000000 ) ) ;
#828 = VECTOR ( 'NONE', #1409, 1000.000000000000000 ) ;
#829 = LINE ( 'NONE', #1149, #1461 ) ;
#830 = CARTESIAN_POINT ( 'NONE',  ( -7.499999999999936939, 59.70999999999999375, -8.000000000000000000 ) ) ;
#831 = ORIENTED_EDGE ( 'NONE', *, *, #201, .T. ) ;
#832 = ADVANCED_FACE ( 'NONE', ( #1082 ), #1254, .T. ) ;
#833 = CARTESIAN_POINT ( 'NONE',  ( -5.499999999999914735, 61.71000000000000085, -8.000000000000000000 ) ) ;
#834 = ORIENTED_EDGE ( 'NONE', *, *, #580, .F. ) ;
#835 = EDGE_CURVE ( 'NONE', #80, #395, #433, .T. ) ;
#836 = CARTESIAN_POINT ( 'NONE',  ( 0.000000000000000000, 0.000000000000000000, 14.00000000000000000 ) ) ;
#837 = DIRECTION ( 'NONE',  ( -2.529980762241332710E-16, 1.000000000000000000, 0.000000000000000000 ) ) ;
#838 = EDGE_LOOP ( 'NONE', ( #916, #1089 ) ) ;
#839 = LINE ( 'NONE', #243, #1307 ) ;
#840 = ORIENTED_EDGE ( 'NONE', *, *, #78, .F. ) ;
#841 = CARTESIAN_POINT ( 'NONE',  ( -7.499999999999936939, 46.71000000000000085, -7.999999999999998224 ) ) ;
#842 = CYLINDRICAL_SURFACE ( 'NONE', #187, 1.599999999999999423 ) ;
#843 = ORIENTED_EDGE ( 'NONE', *, *, #901, .F. ) ;
#844 = DIRECTION ( 'NONE',  ( 1.000000000000000000, 0.000000000000000000, 0.000000000000000000 ) ) ;
#845 = ORIENTED_EDGE ( 'NONE', *, *, #567, .T. ) ;
#846 = ADVANCED_FACE ( 'NONE', ( #1331 ), #1425, .T. ) ;
#847 = FACE_OUTER_BOUND ( 'NONE', #1181, .T. ) ;
#848 = CIRCLE ( 'NONE', #463, 1.000000000000000888 ) ;
#849 = DIRECTION ( 'NONE',  ( -1.000000000000000000, -1.224646799147353454E-16, 0.000000000000000000 ) ) ;
#850 = EDGE_LOOP ( 'NONE', ( #234, #1277 ) ) ;
#851 = ORIENTED_EDGE ( 'NONE', *, *, #1086, .F. ) ;
#852 = PRODUCT_RELATED_PRODUCT_CATEGORY ( 'part', '', ( #498 ) ) ;
#853 = ORIENTED_EDGE ( 'NONE', *, *, #1284, .T. ) ;
#854 = VECTOR ( 'NONE', #1412, 1000.000000000000000 ) ;
#855 = VERTEX_POINT ( 'NONE', #94 ) ;
#856 = VECTOR ( 'NONE', #959, 1000.000000000000000 ) ;
#857 = ORIENTED_EDGE ( 'NONE', *, *, #491, .F. ) ;
#858 = VECTOR ( 'NONE', #1137, 1000.000000000000000 ) ;
#859 = LINE ( 'NONE', #979, #1196 ) ;
#860 = LINE ( 'NONE', #734, #1156 ) ;
#861 = LINE ( 'NONE', #928, #436 ) ;
#862 = ORIENTED_EDGE ( 'NONE', *, *, #319, .T. ) ;
#863 = AXIS2_PLACEMENT_3D ( 'NONE', #1449, #1184, #46 ) ;
#864 = DIRECTION ( 'NONE',  ( 0.000000000000000000, -1.156482317317871478E-16, 1.000000000000000000 ) ) ;
#865 = CARTESIAN_POINT ( 'NONE',  ( 1.131370849898528874, 57.84137084989848177, 14.00000000000000000 ) ) ;
#866 = ADVANCED_FACE ( 'NONE', ( #1252, #1026 ), #781, .T. ) ;
#867 = EDGE_CURVE ( 'NONE', #169, #1113, #86, .T. ) ;
#868 = DIRECTION ( 'NONE',  ( 0.000000000000000000, 1.000000000000000000, -1.156482317317871478E-16 ) ) ;
#869 = ORIENTED_EDGE ( 'NONE', *, *, #1465, .T. ) ;
#870 = EDGE_CURVE ( 'NONE', #1380, #124, #252, .T. ) ;
#871 = CARTESIAN_POINT ( 'NONE',  ( 5.800088074389356002E-14, 8.000000000000000000, 20.00000000000000355 ) ) ;
#872 = VECTOR ( 'NONE', #801, 1000.000000000000000 ) ;
#873 = ORIENTED_EDGE ( 'NONE', *, *, #879, .F. ) ;
#874 = FACE_OUTER_BOUND ( 'NONE', #413, .T. ) ;
#875 = EDGE_LOOP ( 'NONE', ( #782, #492, #337, #1431 ) ) ;
#876 =( GEOMETRIC_REPRESENTATION_CONTEXT ( 3 ) GLOBAL_UNCERTAINTY_ASSIGNED_CONTEXT ( ( #1280 ) ) GLOBAL_UNIT_ASSIGNED_CONTEXT ( ( #943, #355, #1161 ) ) REPRESENTATION_CONTEXT ( 'NONE', 'WORKASPACE' ) );
#877 = CARTESIAN_POINT ( 'NONE',  ( 5.500000000000059508, 8.000000000000000000, -25.00000000000000711 ) ) ;
#878 = CIRCLE ( 'NONE', #1452, 1.000000000000000444 ) ;
#879 = EDGE_CURVE ( 'NONE', #1237, #1013, #1063, .T. ) ;
#880 = ORIENTED_EDGE ( 'NONE', *, *, #723, .F. ) ;
#881 = ORIENTED_EDGE ( 'NONE', *, *, #1219, .F. ) ;
#882 = DIRECTION ( 'NONE',  ( 1.224646799147353207E-16, -1.000000000000000000, 0.000000000000000000 ) ) ;
#883 = EDGE_CURVE ( 'NONE', #1275, #1283, #1459, .T. ) ;
#884 = CARTESIAN_POINT ( 'NONE',  ( 7.500000000000054179, 8.000000000000001776, -23.00000000000001066 ) ) ;
#885 = AXIS2_PLACEMENT_3D ( 'NONE', #779, #576, #98 ) ;
#886 = UNCERTAINTY_MEASURE_WITH_UNIT (LENGTH_MEASURE( 1.000000000000000082E-05 ), #1120, 'distance_accuracy_value', 'NONE');
#887 = DIRECTION ( 'NONE',  ( 0.000000000000000000, -0.000000000000000000, -1.000000000000000000 ) ) ;
#888 = DIRECTION ( 'NONE',  ( 1.000000000000000000, 0.000000000000000000, 0.000000000000000000 ) ) ;
#889 = VERTEX_POINT ( 'NONE', #1261 ) ;
#890 = ORIENTED_EDGE ( 'NONE', *, *, #641, .T. ) ;
#891 = CARTESIAN_POINT ( 'NONE',  ( 5.500000000000047962, -14.29000000000002402, 4.999999999999997335 ) ) ;
#892 = EDGE_LOOP ( 'NONE', ( #1211, #890, #347, #466, #20, #661 ) ) ;
#893 = EDGE_CURVE ( 'NONE', #1013, #1109, #400, .T. ) ;
#894 = CARTESIAN_POINT ( 'NONE',  ( 7.500000000000049738, 46.71000000000000085, 7.999999999999998224 ) ) ;
#895 = ORIENTED_EDGE ( 'NONE', *, *, #78, .T. ) ;
#896 = DIRECTION ( 'NONE',  ( -0.000000000000000000, -0.000000000000000000, -1.000000000000000000 ) ) ;
#897 = FACE_BOUND ( 'NONE', #838, .T. ) ;
#898 = EDGE_LOOP ( 'NONE', ( #275, #899, #626, #366, #1201, #1028 ) ) ;
#899 = ORIENTED_EDGE ( 'NONE', *, *, #601, .T. ) ;
#900 = CARTESIAN_POINT ( 'NONE',  ( -7.499999999999936939, 0.000000000000000000, 23.00000000000000711 ) ) ;
#901 = EDGE_CURVE ( 'NONE', #1377, #169, #325, .T. ) ;
#902 = CARTESIAN_POINT ( 'NONE',  ( 4.500000000000047962, 46.71000000000000085, -4.999999999999998224 ) ) ;
#903 = EDGE_CURVE ( 'NONE', #1400, #124, #936, .T. ) ;
#904 = DIRECTION ( 'NONE',  ( -1.000000000000000000, -1.224646799147353454E-16, 0.000000000000000000 ) ) ;
#905 = AXIS2_PLACEMENT_3D ( 'NONE', #1175, #248, #260 ) ;
#906 = CARTESIAN_POINT ( 'NONE',  ( 4.500000000000047962, -1.734723475976807094E-15, -5.999999999999998224 ) ) ;
#907 = DIRECTION ( 'NONE',  ( -0.000000000000000000, 1.000000000000000000, -0.000000000000000000 ) ) ;
#908 = EDGE_CURVE ( 'NONE', #1023, #349, #821, .T. ) ;
#909 = DIRECTION ( 'NONE',  ( 0.000000000000000000, 0.000000000000000000, 1.000000000000000000 ) ) ;
#910 = VECTOR ( 'NONE', #452, 1000.000000000000000 ) ;
#911 = ORIENTED_EDGE ( 'NONE', *, *, #268, .F. ) ;
#912 = DIRECTION ( 'NONE',  ( 0.000000000000000000, 1.000000000000000000, 2.832564736347691729E-32 ) ) ;
#913 = ORIENTED_EDGE ( 'NONE', *, *, #246, .T. ) ;
#914 = ORIENTED_EDGE ( 'NONE', *, *, #618, .T. ) ;
#915 = DIRECTION ( 'NONE',  ( -1.224646799147353207E-16, 1.000000000000000000, 0.000000000000000000 ) ) ;
#916 = ORIENTED_EDGE ( 'NONE', *, *, #1219, .T. ) ;
#917 = DIRECTION ( 'NONE',  ( 1.000000000000000000, 0.000000000000000000, 2.312964634635744929E-16 ) ) ;
#918 = DIRECTION ( 'NONE',  ( -0.7071067811865465735, -0.7071067811865484609, 0.000000000000000000 ) ) ;
#919 = FACE_BOUND ( 'NONE', #79, .T. ) ;
#920 = LINE ( 'NONE', #529, #310 ) ;
#921 = CARTESIAN_POINT ( 'NONE',  ( 5.535820492440001213E-14, 56.71000000000000085, -7.999999999999998224 ) ) ;
#922 = ORIENTED_EDGE ( 'NONE', *, *, #1387, .F. ) ;
#923 = DIRECTION ( 'NONE',  ( 0.000000000000000000, 0.000000000000000000, -1.000000000000000000 ) ) ;
#924 = VERTEX_POINT ( 'NONE', #585 ) ;
#925 = CARTESIAN_POINT ( 'NONE',  ( 5.500000000000038192, 61.71000000000000085, 14.00000000000000000 ) ) ;
#926 = CARTESIAN_POINT ( 'NONE',  ( -7.499999999999936939, -9.184850993605073003E-16, 25.00000000000000355 ) ) ;
#927 = PLANE ( 'NONE',  #136 ) ;
#928 = CARTESIAN_POINT ( 'NONE',  ( 7.500000000000062172, 1.836970198721029589E-15, 5.999999999999998224 ) ) ;
#929 = DIRECTION ( 'NONE',  ( 1.224646799147353207E-16, -1.000000000000000000, 0.000000000000000000 ) ) ;
#930 = VERTEX_POINT ( 'NONE', #935 ) ;
#931 = EDGE_LOOP ( 'NONE', ( #953, #446, #1350, #480 ) ) ;
#932 = SURFACE_SIDE_STYLE ('',( #61 ) ) ;
#933 = LINE ( 'NONE', #1239, #572 ) ;
#934 = ORIENTED_EDGE ( 'NONE', *, *, #409, .F. ) ;
#935 = CARTESIAN_POINT ( 'NONE',  ( -7.499999999999936939, 46.71000000000000085, 7.999999999999998224 ) ) ;
#936 = CIRCLE ( 'NONE', #59, 1.599999999999997202 ) ;
#937 = EDGE_CURVE ( 'NONE', #1458, #132, #1457, .T. ) ;
#938 = FACE_OUTER_BOUND ( 'NONE', #1200, .T. ) ;
#939 = LINE ( 'NONE', #31, #1214 ) ;
#940 = CIRCLE ( 'NONE', #1346, 2.000000000000000000 ) ;
#941 = DIRECTION ( 'NONE',  ( 0.000000000000000000, -1.000000000000000000, 0.000000000000000000 ) ) ;
#942 = AXIS2_PLACEMENT_3D ( 'NONE', #902, #664, #447 ) ;
#943 =( LENGTH_UNIT ( ) NAMED_UNIT ( * ) SI_UNIT ( .MILLI., .METRE. ) );
#944 = ORIENTED_EDGE ( 'NONE', *, *, #28, .F. ) ;
#945 = CARTESIAN_POINT ( 'NONE',  ( -7.499999999999936939, 8.000000000000000000, -14.00000000000000000 ) ) ;
#946 = DIRECTION ( 'NONE',  ( 1.000000000000000000, 0.000000000000000000, 0.000000000000000000 ) ) ;
#947 = AXIS2_PLACEMENT_3D ( 'NONE', #1493, #542, #95 ) ;
#948 =( NAMED_UNIT ( * ) PLANE_ANGLE_UNIT ( ) SI_UNIT ( $, .RADIAN. ) );
#949 = CARTESIAN_POINT ( 'NONE',  ( 7.500000000000047073, 59.70999999999998664, -7.999999999999998224 ) ) ;
#950 = ORIENTED_EDGE ( 'NONE', *, *, #627, .F. ) ;
#951 = PRODUCT_DEFINITION_CONTEXT ( 'detailed design', #364, 'design' ) ;
#952 = CIRCLE ( 'NONE', #756, 1.599999999999997202 ) ;
#953 = ORIENTED_EDGE ( 'NONE', *, *, #1463, .T. ) ;
#954 = CARTESIAN_POINT ( 'NONE',  ( 7.500000000000062172, 1.836970198721029589E-15, 14.00000000000000000 ) ) ;
#955 = LINE ( 'NONE', #1314, #1079 ) ;
#956 = DIRECTION ( 'NONE',  ( 0.000000000000000000, 1.000000000000000000, 0.000000000000000000 ) ) ;
#957 = CIRCLE ( 'NONE', #1236, 1.600000000000000755 ) ;
#958 = ORIENTED_EDGE ( 'NONE', *, *, #336, .T. ) ;
#959 = DIRECTION ( 'NONE',  ( -2.529980762241332710E-16, 1.000000000000000000, -3.019191293025296003E-32 ) ) ;
#960 = ADVANCED_BREP_SHAPE_REPRESENTATION ( 'Ò¡¸Ë½ÂÁ´¹Ì¶¨×ù', ( #1263, #1443 ), #270 ) ;
#961 = VECTOR ( 'NONE', #1419, 1000.000000000000000 ) ;
#962 = LINE ( 'NONE', #1482, #1085 ) ;
#963 = ORIENTED_EDGE ( 'NONE', *, *, #650, .F. ) ;
#964 = CARTESIAN_POINT ( 'NONE',  ( -4.500000000000045297, 46.71000000000000085, -4.999999999999997335 ) ) ;
#965 = PRODUCT_DEFINITION ( 'Î´Öª', '', #1355, #951 ) ;
#966 = ORIENTED_EDGE ( 'NONE', *, *, #666, .T. ) ;
#967 = CARTESIAN_POINT ( 'NONE',  ( -9.797174393178825657E-16, 8.000000000000000000, 2.974510045154551540E-64 ) ) ;
#968 = EDGE_CURVE ( 'NONE', #798, #297, #379, .T. ) ;
#969 = CARTESIAN_POINT ( 'NONE',  ( 7.500000000000047073, 59.70999999999998664, 14.00000000000000000 ) ) ;
#970 = EDGE_CURVE ( 'NONE', #669, #1298, #1210, .T. ) ;
#971 = DIRECTION ( 'NONE',  ( 1.224646799147353207E-16, -1.000000000000000000, -0.000000000000000000 ) ) ;
#972 = AXIS2_PLACEMENT_3D ( 'NONE', #459, #918, #1126 ) ;
#973 = ORIENTED_EDGE ( 'NONE', *, *, #937, .F. ) ;
#974 = CARTESIAN_POINT ( 'NONE',  ( 4.500000000000047962, 46.71000000000000085, -5.999999999999998224 ) ) ;
#975 = CYLINDRICAL_SURFACE ( 'NONE', #651, 1.599999999999999423 ) ;
#976 = ORIENTED_EDGE ( 'NONE', *, *, #1118, .F. ) ;
#977 = LINE ( 'NONE', #24, #1170 ) ;
#978 = ORIENTED_EDGE ( 'NONE', *, *, #11, .T. ) ;
#979 = CARTESIAN_POINT ( 'NONE',  ( 5.508109898640465263E-14, 58.97274169979694847, 14.00000000000000000 ) ) ;
#980 = LINE ( 'NONE', #954, #1096 ) ;
#981 = LINE ( 'NONE', #399, #294 ) ;
#982 = PLANE ( 'NONE',  #658 ) ;
#983 = LINE ( 'NONE', #108, #807 ) ;
#984 = VERTEX_POINT ( 'NONE', #261 ) ;
#985 = AXIS2_PLACEMENT_3D ( 'NONE', #478, #812, #695 ) ;
#986 = DIRECTION ( 'NONE',  ( -0.000000000000000000, 1.000000000000000000, 2.832564736347691729E-32 ) ) ;
#987 = DIRECTION ( 'NONE',  ( 0.000000000000000000, -1.000000000000000000, 0.000000000000000000 ) ) ;
#988 = EDGE_CURVE ( 'NONE', #1298, #1377, #977, .T. ) ;
#989 = ORIENTED_EDGE ( 'NONE', *, *, #564, .T. ) ;
#990 = ORIENTED_EDGE ( 'NONE', *, *, #336, .F. ) ;
#991 = EDGE_CURVE ( 'NONE', #682, #855, #397, .T. ) ;
#992 = FACE_BOUND ( 'NONE', #571, .T. ) ;
#993 = ORIENTED_EDGE ( 'NONE', *, *, #621, .T. ) ;
#994 = PLANE ( 'NONE',  #1100 ) ;
#995 = VERTEX_POINT ( 'NONE', #599 ) ;
#996 = ORIENTED_EDGE ( 'NONE', *, *, #715, .T. ) ;
#997 = CARTESIAN_POINT ( 'NONE',  ( 7.500000000000062172, 1.836970198721029589E-15, 14.00000000000000000 ) ) ;
#998 = AXIS2_PLACEMENT_3D ( 'NONE', #1262, #344, #1394 ) ;
#999 = ADVANCED_FACE ( 'NONE', ( #691 ), #1108, .F. ) ;
#1000 = CARTESIAN_POINT ( 'NONE',  ( 5.800088074389356002E-14, 8.000000000000000000, 20.00000000000000355 ) ) ;
#1001 = CARTESIAN_POINT ( 'NONE',  ( 5.500000000000061284, 1.734723475976807094E-15, -25.00000000000000711 ) ) ;
#1002 = ORIENTED_EDGE ( 'NONE', *, *, #741, .F. ) ;
#1003 = CARTESIAN_POINT ( 'NONE',  ( 5.898059818321144121E-14, 7.223040077686607663E-30, 20.00000000000000355 ) ) ;
#1004 = AXIS2_PLACEMENT_3D ( 'NONE', #183, #172, #1088 ) ;
#1005 = ORIENTED_EDGE ( 'NONE', *, *, #796, .T. ) ;
#1006 = VECTOR ( 'NONE', #93, 1000.000000000000000 ) ;
#1007 = VERTEX_POINT ( 'NONE', #357 ) ;
#1008 = VECTOR ( 'NONE', #1390, 1000.000000000000000 ) ;
#1009 = ORIENTED_EDGE ( 'NONE', *, *, #1169, .F. ) ;
#1010 = CIRCLE ( 'NONE', #1159, 2.000000000000000000 ) ;
#1011 = DIRECTION ( 'NONE',  ( -0.000000000000000000, -0.000000000000000000, -1.000000000000000000 ) ) ;
#1012 = VECTOR ( 'NONE', #814, 1000.000000000000000 ) ;
#1013 = VERTEX_POINT ( 'NONE', #945 ) ;
#1014 = EDGE_CURVE ( 'NONE', #1066, #145, #1128, .T. ) ;
#1015 = CARTESIAN_POINT ( 'NONE',  ( 5.535820492440001213E-14, 56.71000000000000085, 14.00000000000000000 ) ) ;
#1016 = AXIS2_PLACEMENT_3D ( 'NONE', #163, #380, #404 ) ;
#1017 = DIRECTION ( 'NONE',  ( 0.000000000000000000, 0.000000000000000000, -1.000000000000000000 ) ) ;
#1018 = DIRECTION ( 'NONE',  ( 0.000000000000000000, 0.000000000000000000, 1.000000000000000000 ) ) ;
#1019 = CARTESIAN_POINT ( 'NONE',  ( -7.499999999999936939, 46.71000000000000085, -7.999999999999998224 ) ) ;
#1020 = DIRECTION ( 'NONE',  ( 0.000000000000000000, 1.000000000000000000, 0.000000000000000000 ) ) ;
#1021 = ORIENTED_EDGE ( 'NONE', *, *, #723, .T. ) ;
#1022 = VECTOR ( 'NONE', #5, 1000.000000000000000 ) ;
#1023 = VERTEX_POINT ( 'NONE', #1177 ) ;
#1024 = AXIS2_PLACEMENT_3D ( 'NONE', #1133, #212, #909 ) ;
#1025 = DIRECTION ( 'NONE',  ( -0.000000000000000000, -0.000000000000000000, -1.000000000000000000 ) ) ;
#1026 = FACE_OUTER_BOUND ( 'NONE', #1490, .T. ) ;
#1027 = ORIENTED_EDGE ( 'NONE', *, *, #991, .T. ) ;
#1028 = ORIENTED_EDGE ( 'NONE', *, *, #1465, .F. ) ;
#1029 = CARTESIAN_POINT ( 'NONE',  ( 5.500000000000047962, 1.592040838891557123E-15, 14.00000000000000000 ) ) ;
#1030 = LINE ( 'NONE', #1433, #961 ) ;
#1031 = FACE_OUTER_BOUND ( 'NONE', #1138, .T. ) ;
#1032 = ORIENTED_EDGE ( 'NONE', *, *, #1162, .T. ) ;
#1033 = PLANE ( 'NONE',  #972 ) ;
#1034 = EDGE_LOOP ( 'NONE', ( #1147, #1083, #102, #822 ) ) ;
#1035 = CARTESIAN_POINT ( 'NONE',  ( 4.500000000000047962, -14.29000000000002402, -4.999999999999998224 ) ) ;
#1036 = AXIS2_PLACEMENT_3D ( 'NONE', #279, #1073, #166 ) ;
#1037 = DIRECTION ( 'NONE',  ( 0.000000000000000000, 1.000000000000000000, 0.000000000000000000 ) ) ;
#1038 = DIRECTION ( 'NONE',  ( -0.000000000000000000, -0.000000000000000000, -1.000000000000000000 ) ) ;
#1039 = ORIENTED_EDGE ( 'NONE', *, *, #970, .F. ) ;
#1040 = DIRECTION ( 'NONE',  ( 1.000000000000000000, 0.000000000000000000, -0.000000000000000000 ) ) ;
#1041 = FACE_OUTER_BOUND ( 'NONE', #539, .T. ) ;
#1042 = VERTEX_POINT ( 'NONE', #827 ) ;
#1043 = VECTOR ( 'NONE', #495, 1000.000000000000000 ) ;
#1044 = ORIENTED_EDGE ( 'NONE', *, *, #1206, .T. ) ;
#1045 = CARTESIAN_POINT ( 'NONE',  ( -5.499999999999914735, 61.71000000000000085, 14.00000000000000000 ) ) ;
#1046 = ORIENTED_EDGE ( 'NONE', *, *, #1387, .T. ) ;
#1047 = AXIS2_PLACEMENT_3D ( 'NONE', #334, #116, #904 ) ;
#1048 = FILL_AREA_STYLE_COLOUR ( '', #1244 ) ;
#1049 = LINE ( 'NONE', #220, #749 ) ;
#1050 = VECTOR ( 'NONE', #986, 1000.000000000000000 ) ;
#1051 = LINE ( 'NONE', #1287, #405 ) ;
#1052 = DIRECTION ( 'NONE',  ( 1.000000000000000000, 0.000000000000000000, 0.000000000000000000 ) ) ;
#1053 = DIRECTION ( 'NONE',  ( 1.224646799147353207E-16, -1.000000000000000000, 0.000000000000000000 ) ) ;
#1054 = ADVANCED_FACE ( 'NONE', ( #874 ), #323, .F. ) ;
#1055 = DIRECTION ( 'NONE',  ( -1.224646799147353207E-16, 1.000000000000000000, -0.000000000000000000 ) ) ;
#1056 = DIRECTION ( 'NONE',  ( 1.000000000000000000, 0.000000000000000000, 0.000000000000000000 ) ) ;
#1057 = CARTESIAN_POINT ( 'NONE',  ( 5.535820492440001213E-14, 56.71000000000000085, 14.00000000000000000 ) ) ;
#1058 = EDGE_LOOP ( 'NONE', ( #857, #802, #944, #174, #1097, #302 ) ) ;
#1059 = ADVANCED_FACE ( 'NONE', ( #67 ), #927, .F. ) ;
#1060 = DIRECTION ( 'NONE',  ( 0.000000000000000000, 0.000000000000000000, 1.000000000000000000 ) ) ;
#1061 = CYLINDRICAL_SURFACE ( 'NONE', #351, 1.600000000000000755 ) ;
#1062 = ORIENTED_EDGE ( 'NONE', *, *, #1206, .F. ) ;
#1063 = LINE ( 'NONE', #570, #1008 ) ;
#1064 = EDGE_CURVE ( 'NONE', #554, #1380, #359, .T. ) ;
#1065 = FACE_OUTER_BOUND ( 'NONE', #811, .T. ) ;
#1066 = VERTEX_POINT ( 'NONE', #131 ) ;
#1067 = VECTOR ( 'NONE', #235, 1000.000000000000000 ) ;
#1068 = ORIENTED_EDGE ( 'NONE', *, *, #319, .F. ) ;
#1069 = DIRECTION ( 'NONE',  ( -1.000000000000000000, -1.224646799147353207E-16, 9.637352644315494170E-17 ) ) ;
#1070 = VERTEX_POINT ( 'NONE', #353 ) ;
#1071 = ORIENTED_EDGE ( 'NONE', *, *, #2, .F. ) ;
#1072 = EDGE_CURVE ( 'NONE', #1148, #549, #226, .T. ) ;
#1073 = DIRECTION ( 'NONE',  ( 1.224646799147353207E-16, -1.000000000000000000, 0.000000000000000000 ) ) ;
#1074 = CARTESIAN_POINT ( 'NONE',  ( 5.508109898640465263E-14, 58.97274169979694847, 14.00000000000000000 ) ) ;
#1075 = PRODUCT_DEFINITION_SHAPE ( 'NONE', 'NONE',  #965 ) ;
#1076 = DIRECTION ( 'NONE',  ( -1.000000000000000000, 0.000000000000000000, 0.000000000000000000 ) ) ;
#1077 = AXIS2_PLACEMENT_3D ( 'NONE', #1276, #114, #120 ) ;
#1078 = VERTEX_POINT ( 'NONE', #467 ) ;
#1079 = VECTOR ( 'NONE', #1430, 1000.000000000000000 ) ;
#1080 = ORIENTED_EDGE ( 'NONE', *, *, #389, .F. ) ;
#1081 = CARTESIAN_POINT ( 'NONE',  ( -5.499999999999937828, -1.734723475976807094E-15, 25.00000000000000355 ) ) ;
#1082 = FACE_OUTER_BOUND ( 'NONE', #1268, .T. ) ;
#1083 = ORIENTED_EDGE ( 'NONE', *, *, #1435, .T. ) ;
#1084 = DIRECTION ( 'NONE',  ( -1.000000000000000000, -0.000000000000000000, -0.000000000000000000 ) ) ;
#1085 = VECTOR ( 'NONE', #81, 1000.000000000000114 ) ;
#1086 = EDGE_CURVE ( 'NONE', #1267, #930, #1290, .T. ) ;
#1087 = VECTOR ( 'NONE', #1264, 1000.000000000000000 ) ;
#1088 = DIRECTION ( 'NONE',  ( 0.000000000000000000, 0.000000000000000000, -1.000000000000000000 ) ) ;
#1089 = ORIENTED_EDGE ( 'NONE', *, *, #720, .T. ) ;
#1090 = CARTESIAN_POINT ( 'NONE',  ( -7.499999999999936939, 7.999999999999998224, 23.00000000000000711 ) ) ;
#1091 = EDGE_CURVE ( 'NONE', #488, #1105, #249, .T. ) ;
#1092 = AXIS2_PLACEMENT_3D ( 'NONE', #1266, #1018, #106 ) ;
#1093 = ORIENTED_EDGE ( 'NONE', *, *, #2, .T. ) ;
#1094 = FACE_OUTER_BOUND ( 'NONE', #13, .T. ) ;
#1095 = ORIENTED_EDGE ( 'NONE', *, *, #804, .T. ) ;
#1096 = VECTOR ( 'NONE', #837, 1000.000000000000000 ) ;
#1097 = ORIENTED_EDGE ( 'NONE', *, *, #1145, .T. ) ;
#1098 = VECTOR ( 'NONE', #221, 1000.000000000000000 ) ;
#1099 = ORIENTED_EDGE ( 'NONE', *, *, #309, .F. ) ;
#1100 = AXIS2_PLACEMENT_3D ( 'NONE', #891, #645, #442 ) ;
#1101 = ORIENTED_EDGE ( 'NONE', *, *, #564, .F. ) ;
#1102 = CARTESIAN_POINT ( 'NONE',  ( 5.535820492440001213E-14, 56.71000000000000085, 14.00000000000000000 ) ) ;
#1103 = EDGE_CURVE ( 'NONE', #47, #930, #277, .T. ) ;
#1104 = SURFACE_STYLE_USAGE ( .BOTH. , #77 ) ;
#1105 = VERTEX_POINT ( 'NONE', #181 ) ;
#1106 = VECTOR ( 'NONE', #543, 1000.000000000000000 ) ;
#1107 = EDGE_LOOP ( 'NONE', ( #550, #419, #115, #523 ) ) ;
#1108 = CYLINDRICAL_SURFACE ( 'NONE', #548, 1.599999999999999423 ) ;
#1109 = VERTEX_POINT ( 'NONE', #1185 ) ;
#1110 = FILL_AREA_STYLE ('',( #648 ) ) ;
#1111 = EDGE_CURVE ( 'NONE', #674, #119, #552, .T. ) ;
#1112 = VECTOR ( 'NONE', #788, 1000.000000000000000 ) ;
#1113 = VERTEX_POINT ( 'NONE', #949 ) ;
#1114 = FACE_OUTER_BOUND ( 'NONE', #1130, .T. ) ;
#1115 = LINE ( 'NONE', #484, #503 ) ;
#1116 = CARTESIAN_POINT ( 'NONE',  ( -7.499999999999936939, 0.000000000000000000, -23.00000000000000711 ) ) ;
#1117 = VECTOR ( 'NONE', #1370, 1000.000000000000000 ) ;
#1118 = EDGE_CURVE ( 'NONE', #600, #1078, #1472, .T. ) ;
#1119 = VERTEX_POINT ( 'NONE', #40 ) ;
#1120 =( LENGTH_UNIT ( ) NAMED_UNIT ( * ) SI_UNIT ( .MILLI., .METRE. ) );
#1121 = AXIS2_PLACEMENT_3D ( 'NONE', #1372, #1376, #660 ) ;
#1122 = DIRECTION ( 'NONE',  ( -0.000000000000000000, -0.000000000000000000, -1.000000000000000000 ) ) ;
#1123 = CARTESIAN_POINT ( 'NONE',  ( 7.500000000000062172, -7.072908993782865297E-16, -7.999999999999991118 ) ) ;
#1124 = CARTESIAN_POINT ( 'NONE',  ( -7.499999999999936939, -9.184850993605073003E-16, -25.00000000000000355 ) ) ;
#1125 = CARTESIAN_POINT ( 'NONE',  ( 7.500000000000062172, 2.530859589111753610E-15, 7.999999999999992895 ) ) ;
#1126 = DIRECTION ( 'NONE',  ( 0.7071067811865484609, -0.7071067811865465735, 0.000000000000000000 ) ) ;
#1127 = ORIENTED_EDGE ( 'NONE', *, *, #937, .T. ) ;
#1128 = LINE ( 'NONE', #1297, #514 ) ;
#1129 = ORIENTED_EDGE ( 'NONE', *, *, #417, .F. ) ;
#1130 = EDGE_LOOP ( 'NONE', ( #834, #718, #321, #531 ) ) ;
#1131 = DIRECTION ( 'NONE',  ( 1.224646799147353207E-16, -1.000000000000000000, 0.000000000000000000 ) ) ;
#1132 = VECTOR ( 'NONE', #390, 1000.000000000000000 ) ;
#1133 = CARTESIAN_POINT ( 'NONE',  ( -4.500000000000045297, -14.29000000000002402, -4.999999999999997335 ) ) ;
#1134 = DIRECTION ( 'NONE',  ( 0.000000000000000000, 0.000000000000000000, 1.000000000000000000 ) ) ;
#1135 = LINE ( 'NONE', #820, #144 ) ;
#1136 = CYLINDRICAL_SURFACE ( 'NONE', #985, 1.000000000000000888 ) ;
#1137 = DIRECTION ( 'NONE',  ( -2.529980762241332710E-16, 1.000000000000000000, 0.000000000000000000 ) ) ;
#1138 = EDGE_LOOP ( 'NONE', ( #186, #1505, #262, #753 ) ) ;
#1139 = CARTESIAN_POINT ( 'NONE',  ( 5.500000000000047962, -14.29000000000002402, 4.999999999999997335 ) ) ;
#1140 = ORIENTED_EDGE ( 'NONE', *, *, #1480, .F. ) ;
#1141 = EDGE_CURVE ( 'NONE', #690, #47, #955, .T. ) ;
#1142 = CARTESIAN_POINT ( 'NONE',  ( -4.500000000000045297, -14.29000000000002402, -5.999999999999998224 ) ) ;
#1143 = CARTESIAN_POINT ( 'NONE',  ( -5.500000000000046185, 2.449293598294571815E-16, 13.99999999999999822 ) ) ;
#1144 = DIRECTION ( 'NONE',  ( 1.224646799147353207E-16, -1.000000000000000000, 0.000000000000000000 ) ) ;
#1145 = EDGE_CURVE ( 'NONE', #930, #1066, #1442, .T. ) ;
#1146 = DIRECTION ( 'NONE',  ( -1.000000000000000000, -1.224646799147353947E-16, 0.000000000000000000 ) ) ;
#1147 = ORIENTED_EDGE ( 'NONE', *, *, #1339, .F. ) ;
#1148 = VERTEX_POINT ( 'NONE', #153 ) ;
#1149 = CARTESIAN_POINT ( 'NONE',  ( 5.500000000000047962, 46.71000000000000085, 4.999999999999997335 ) ) ;
#1150 = AXIS2_PLACEMENT_3D ( 'NONE', #1501, #1293, #1172 ) ;
#1151 = CARTESIAN_POINT ( 'NONE',  ( 5.535820492440001213E-14, 56.71000000000000085, 14.00000000000000000 ) ) ;
#1152 = VECTOR ( 'NONE', #1158, 1000.000000000000000 ) ;
#1153 = FACE_OUTER_BOUND ( 'NONE', #735, .T. ) ;
#1154 = CIRCLE ( 'NONE', #1375, 2.000000000000000000 ) ;
#1155 = FACE_OUTER_BOUND ( 'NONE', #1034, .T. ) ;
#1156 = VECTOR ( 'NONE', #1322, 1000.000000000000000 ) ;
#1157 = ORIENTED_EDGE ( 'NONE', *, *, #82, .F. ) ;
#1158 = DIRECTION ( 'NONE',  ( -2.529980762241332710E-16, 1.000000000000000000, 3.019191293025296003E-32 ) ) ;
#1159 = AXIS2_PLACEMENT_3D ( 'NONE', #625, #1466, #171 ) ;
#1160 = CARTESIAN_POINT ( 'NONE',  ( 7.500000000000060396, 8.000000000000000000, 14.00000000000000000 ) ) ;
#1161 =( NAMED_UNIT ( * ) SI_UNIT ( $, .STERADIAN. ) SOLID_ANGLE_UNIT ( ) );
#1162 = EDGE_CURVE ( 'NONE', #647, #1275, #594, .T. ) ;
#1163 = ADVANCED_FACE ( 'NONE', ( #83, #732 ), #286, .T. ) ;
#1164 = PLANE ( 'NONE',  #288 ) ;
#1165 = CARTESIAN_POINT ( 'NONE',  ( 7.500000000000061284, 8.000000000000001776, -14.00000000000000000 ) ) ;
#1166 = ORIENTED_EDGE ( 'NONE', *, *, #438, .F. ) ;
#1167 = DIRECTION ( 'NONE',  ( -1.000000000000000000, -0.000000000000000000, -0.000000000000000000 ) ) ;
#1168 = ORIENTED_EDGE ( 'NONE', *, *, #744, .T. ) ;
#1169 = EDGE_CURVE ( 'NONE', #205, #236, #761, .T. ) ;
#1170 = VECTOR ( 'NONE', #698, 1000.000000000000000 ) ;
#1171 = ORIENTED_EDGE ( 'NONE', *, *, #1072, .F. ) ;
#1172 = DIRECTION ( 'NONE',  ( -1.000000000000000000, 0.000000000000000000, 0.000000000000000000 ) ) ;
#1173 = VECTOR ( 'NONE', #1017, 1000.000000000000000 ) ;
#1174 = AXIS2_PLACEMENT_3D ( 'NONE', #670, #1038, #665 ) ;
#1175 = CARTESIAN_POINT ( 'NONE',  ( 5.500000000000062172, 1.592040838891558898E-15, 23.00000000000001066 ) ) ;
#1176 = VECTOR ( 'NONE', #1205, 1000.000000000000000 ) ;
#1177 = CARTESIAN_POINT ( 'NONE',  ( 5.500000000000038192, 61.71000000000000085, -8.000000000000000000 ) ) ;
#1178 = LINE ( 'NONE', #4, #1012 ) ;
#1179 = DIRECTION ( 'NONE',  ( -0.000000000000000000, 1.000000000000000000, -0.000000000000000000 ) ) ;
#1180 = EDGE_CURVE ( 'NONE', #798, #535, #640, .T. ) ;
#1181 = EDGE_LOOP ( 'NONE', ( #1129, #1361, #1424, #1218 ) ) ;
#1182 = DIRECTION ( 'NONE',  ( 0.000000000000000000, 0.000000000000000000, 1.000000000000000000 ) ) ;
#1183 = DIRECTION ( 'NONE',  ( 0.000000000000000000, 0.000000000000000000, 1.000000000000000000 ) ) ;
#1184 = DIRECTION ( 'NONE',  ( 0.000000000000000000, -1.156482317317871478E-16, 1.000000000000000000 ) ) ;
#1185 = CARTESIAN_POINT ( 'NONE',  ( -7.499999999999937828, 7.999999999999998224, -23.00000000000000711 ) ) ;
#1186 = SHAPE_DEFINITION_REPRESENTATION ( #1075, #960 ) ;
#1187 = ORIENTED_EDGE ( 'NONE', *, *, #1091, .T. ) ;
#1188 = EDGE_CURVE ( 'NONE', #1438, #1070, #818, .T. ) ;
#1189 = CARTESIAN_POINT ( 'NONE',  ( 5.500000000000038192, 61.71000000000000085, 14.00000000000000000 ) ) ;
#1190 = ORIENTED_EDGE ( 'NONE', *, *, #1203, .T. ) ;
#1191 = CARTESIAN_POINT ( 'NONE',  ( 20.50000000000006395, 46.71000000000000085, 7.999999999999998224 ) ) ;
#1192 = VECTOR ( 'NONE', #1053, 1000.000000000000000 ) ;
#1193 = VERTEX_POINT ( 'NONE', #865 ) ;
#1194 = AXIS2_PLACEMENT_3D ( 'NONE', #60, #864, #987 ) ;
#1195 = DIRECTION ( 'NONE',  ( -1.000000000000000000, -1.224646799147353207E-16, -1.734723475976807094E-15 ) ) ;
#1196 = VECTOR ( 'NONE', #611, 1000.000000000000114 ) ;
#1197 = CIRCLE ( 'NONE', #1194, 1.599999999999997202 ) ;
#1198 = DIRECTION ( 'NONE',  ( 1.224646799147353207E-16, -1.000000000000000000, 0.000000000000000000 ) ) ;
#1199 = CARTESIAN_POINT ( 'NONE',  ( 7.500000000000047073, 59.70999999999998664, 14.00000000000000000 ) ) ;
#1200 = EDGE_LOOP ( 'NONE', ( #90, #291, #426, #990 ) ) ;
#1201 = ORIENTED_EDGE ( 'NONE', *, *, #893, .F. ) ;
#1202 = CARTESIAN_POINT ( 'NONE',  ( -5.500000000000046185, -14.29000000000002402, -4.999999999999997335 ) ) ;
#1203 = EDGE_CURVE ( 'NONE', #1410, #889, #340, .T. ) ;
#1204 = ADVANCED_FACE ( 'NONE', ( #1511 ), #842, .F. ) ;
#1205 = DIRECTION ( 'NONE',  ( -0.000000000000000000, -0.000000000000000000, -1.000000000000000000 ) ) ;
#1206 = EDGE_CURVE ( 'NONE', #215, #1283, #465, .T. ) ;
#1207 = AXIS2_PLACEMENT_3D ( 'NONE', #1151, #222, #213 ) ;
#1208 = EDGE_LOOP ( 'NONE', ( #726, #3, #335, #914, #30 ) ) ;
#1209 = ORIENTED_EDGE ( 'NONE', *, *, #1203, .F. ) ;
#1210 = LINE ( 'NONE', #816, #1152 ) ;
#1211 = ORIENTED_EDGE ( 'NONE', *, *, #37, .F. ) ;
#1212 = CARTESIAN_POINT ( 'NONE',  ( -1.131370849898418296, 57.84137084989848177, -7.999999999999998224 ) ) ;
#1213 = ORIENTED_EDGE ( 'NONE', *, *, #567, .F. ) ;
#1214 = VECTOR ( 'NONE', #724, 1000.000000000000000 ) ;
#1215 = AXIS2_PLACEMENT_3D ( 'NONE', #679, #1509, #917 ) ;
#1216 = CYLINDRICAL_SURFACE ( 'NONE', #315, 1.599999999999999423 ) ;
#1217 = CARTESIAN_POINT ( 'NONE',  ( -33.60499999999994003, 33.60500000000017451, -14.00000000000000000 ) ) ;
#1218 = ORIENTED_EDGE ( 'NONE', *, *, #968, .F. ) ;
#1219 = EDGE_CURVE ( 'NONE', #1119, #671, #655, .T. ) ;
#1220 = DIRECTION ( 'NONE',  ( 0.000000000000000000, -1.156482317317871478E-16, -1.000000000000000000 ) ) ;
#1221 = AXIS2_PLACEMENT_3D ( 'NONE', #686, #479, #1302 ) ;
#1222 = PLANE ( 'NONE',  #1004 ) ;
#1223 = FACE_OUTER_BOUND ( 'NONE', #1420, .T. ) ;
#1224 = ORIENTED_EDGE ( 'NONE', *, *, #1447, .F. ) ;
#1225 = CARTESIAN_POINT ( 'NONE',  ( 4.500000000000047962, -14.29000000000002402, 4.999999999999997335 ) ) ;
#1226 = CIRCLE ( 'NONE', #905, 2.000000000000000000 ) ;
#1227 = ORIENTED_EDGE ( 'NONE', *, *, #402, .T. ) ;
#1228 = VECTOR ( 'NONE', #1084, 1000.000000000000000 ) ;
#1229 = UNCERTAINTY_MEASURE_WITH_UNIT (LENGTH_MEASURE( 1.000000000000000082E-05 ), #23, 'distance_accuracy_value', 'NONE');
#1230 = VECTOR ( 'NONE', #1500, 1000.000000000000000 ) ;
#1231 = CARTESIAN_POINT ( 'NONE',  ( 5.500000000000038192, 61.71000000000000085, 8.000000000000000000 ) ) ;
#1232 = CIRCLE ( 'NONE', #774, 1.600000000000000755 ) ;
#1233 = FACE_BOUND ( 'NONE', #1208, .T. ) ;
#1234 = DIRECTION ( 'NONE',  ( -0.000000000000000000, 1.000000000000000000, -0.000000000000000000 ) ) ;
#1235 = ORIENTED_EDGE ( 'NONE', *, *, #618, .F. ) ;
#1236 = AXIS2_PLACEMENT_3D ( 'NONE', #1003, #1198, #760 ) ;
#1237 = VERTEX_POINT ( 'NONE', #1371 ) ;
#1238 = DIRECTION ( 'NONE',  ( -1.000000000000000000, 0.000000000000000000, 0.000000000000000000 ) ) ;
#1239 = CARTESIAN_POINT ( 'NONE',  ( -1.599999999999942801, 8.000000000000000000, 20.00000000000000355 ) ) ;
#1240 = CARTESIAN_POINT ( 'NONE',  ( -7.499999999999936939, 61.71000000000000085, 14.00000000000000000 ) ) ;
#1241 = AXIS2_PLACEMENT_3D ( 'NONE', #1000, #551, #317 ) ;
#1242 = ORIENTED_EDGE ( 'NONE', *, *, #879, .T. ) ;
#1243 = AXIS2_PLACEMENT_3D ( 'NONE', #1503, #109, #1279 ) ;
#1244 = COLOUR_RGB ( '',1.000000000000000000, 1.000000000000000000, 1.000000000000000000 ) ;
#1245 = ORIENTED_EDGE ( 'NONE', *, *, #621, .F. ) ;
#1246 = DIRECTION ( 'NONE',  ( 0.000000000000000000, 0.000000000000000000, -1.000000000000000000 ) ) ;
#1247 = LINE ( 'NONE', #197, #1106 ) ;
#1248 = ORIENTED_EDGE ( 'NONE', *, *, #1014, .F. ) ;
#1249 = CARTESIAN_POINT ( 'NONE',  ( -7.499999999999936939, 0.000000000000000000, 14.00000000000000000 ) ) ;
#1250 = DIRECTION ( 'NONE',  ( -1.000000000000000000, 0.000000000000000000, 0.000000000000000000 ) ) ;
#1251 = EDGE_CURVE ( 'NONE', #245, #387, #306, .T. ) ;
#1252 = FACE_BOUND ( 'NONE', #74, .T. ) ;
#1253 = ORIENTED_EDGE ( 'NONE', *, *, #1118, .T. ) ;
#1254 = PLANE ( 'NONE',  #1121 ) ;
#1255 = FACE_OUTER_BOUND ( 'NONE', #1470, .T. ) ;
#1256 = CARTESIAN_POINT ( 'NONE',  ( -7.499999999999936939, 0.000000000000000000, 14.00000000000000000 ) ) ;
#1257 = EDGE_LOOP ( 'NONE', ( #1335, #148, #500, #692, #853, #464, #202, #996 ) ) ;
#1258 = EDGE_CURVE ( 'NONE', #535, #375, #933, .T. ) ;
#1259 = ORIENTED_EDGE ( 'NONE', *, *, #134, .F. ) ;
#1260 = AXIS2_PLACEMENT_3D ( 'NONE', #921, #775, #1037 ) ;
#1261 = CARTESIAN_POINT ( 'NONE',  ( -4.500000000000041744, 46.71000000000000085, 5.999999999999998224 ) ) ;
#1262 = CARTESIAN_POINT ( 'NONE',  ( 5.500000000000038192, 61.71000000000000085, 14.00000000000000000 ) ) ;
#1263 = MANIFOLD_SOLID_BREP ( 'Ô²½Ç1', #766 ) ;
#1264 = DIRECTION ( 'NONE',  ( 2.529980762241332710E-16, -1.000000000000000000, 3.019191293025296003E-32 ) ) ;
#1265 = DIRECTION ( 'NONE',  ( -8.673617379884041635E-17, -1.062211776130384330E-32, 1.000000000000000000 ) ) ;
#1266 = CARTESIAN_POINT ( 'NONE',  ( 5.535820492440001213E-14, 56.71000000000000085, -14.00000000000000000 ) ) ;
#1267 = VERTEX_POINT ( 'NONE', #894 ) ;
#1268 = EDGE_LOOP ( 'NONE', ( #1068, #1062, #1021, #41 ) ) ;
#1269 = VECTOR ( 'NONE', #1306, 1000.000000000000000 ) ;
#1270 = ORIENTED_EDGE ( 'NONE', *, *, #474, .F. ) ;
#1271 = CARTESIAN_POINT ( 'NONE',  ( 5.500000000000059508, 8.000000000000000000, 25.00000000000000711 ) ) ;
#1272 = VECTOR ( 'NONE', #388, 1000.000000000000000 ) ;
#1273 = FACE_OUTER_BOUND ( 'NONE', #401, .T. ) ;
#1274 = CARTESIAN_POINT ( 'NONE',  ( -1.599999999999944134, 56.71000000000000085, 14.00000000000000000 ) ) ;
#1275 = VERTEX_POINT ( 'NONE', #432 ) ;
#1276 = CARTESIAN_POINT ( 'NONE',  ( -7.499999999999936939, 61.71000000000000085, 14.00000000000000000 ) ) ;
#1277 = ORIENTED_EDGE ( 'NONE', *, *, #417, .T. ) ;
#1278 = CARTESIAN_POINT ( 'NONE',  ( 5.500000000000038192, 61.71000000000000085, 14.00000000000000000 ) ) ;
#1279 = DIRECTION ( 'NONE',  ( -1.000000000000000000, -2.529980762241332710E-16, 0.000000000000000000 ) ) ;
#1280 = UNCERTAINTY_MEASURE_WITH_UNIT (LENGTH_MEASURE( 1.000000000000000082E-05 ), #943, 'distance_accuracy_value', 'NONE');
#1281 = CARTESIAN_POINT ( 'NONE',  ( 1.600000000000058709, 8.000000000000000000, -20.00000000000000355 ) ) ;
#1282 = APPLICATION_PROTOCOL_DEFINITION ( 'draft international standard', 'automotive_design', 1998, #603 ) ;
#1283 = VERTEX_POINT ( 'NONE', #547 ) ;
#1284 = EDGE_CURVE ( 'NONE', #1402, #534, #1247, .T. ) ;
#1285 = CIRCLE ( 'NONE', #731, 1.000000000000000444 ) ;
#1286 = ORIENTED_EDGE ( 'NONE', *, *, #28, .T. ) ;
#1287 = CARTESIAN_POINT ( 'NONE',  ( 7.500000000000049738, 46.71000000000000085, 14.00000000000000000 ) ) ;
#1288 = AXIS2_PLACEMENT_3D ( 'NONE', #1426, #264, #713 ) ;
#1289 = APPLICATION_PROTOCOL_DEFINITION ( 'draft international standard', 'automotive_design', 1998, #364 ) ;
#1290 = LINE ( 'NONE', #1191, #1228 ) ;
#1291 = ORIENTED_EDGE ( 'NONE', *, *, #296, .F. ) ;
#1292 = DIRECTION ( 'NONE',  ( -1.224646799147353207E-16, 1.000000000000000000, 0.000000000000000000 ) ) ;
#1293 = DIRECTION ( 'NONE',  ( -1.224646799147353454E-16, 1.000000000000000000, -9.022436721524165737E-33 ) ) ;
#1294 = LINE ( 'NONE', #925, #767 ) ;
#1295 = LINE ( 'NONE', #96, #716 ) ;
#1296 = CARTESIAN_POINT ( 'NONE',  ( -5.499999999999936939, 8.000000000000000000, -23.00000000000000711 ) ) ;
#1297 = CARTESIAN_POINT ( 'NONE',  ( -7.499999999999936939, 59.70999999999999375, 8.000000000000000000 ) ) ;
#1298 = VERTEX_POINT ( 'NONE', #884 ) ;
#1299 = CARTESIAN_POINT ( 'NONE',  ( 5.500000000000038192, 61.71000000000000085, -14.00000000000000000 ) ) ;
#1300 = AXIS2_PLACEMENT_3D ( 'NONE', #1373, #662, #75 ) ;
#1301 = ADVANCED_FACE ( 'NONE', ( #1379 ), #975, .F. ) ;
#1302 = DIRECTION ( 'NONE',  ( -1.000000000000000000, 0.000000000000000000, 0.000000000000000000 ) ) ;
#1303 = CARTESIAN_POINT ( 'NONE',  ( 5.500000000000038192, 61.71000000000000085, 8.000000000000000000 ) ) ;
#1304 = EDGE_CURVE ( 'NONE', #393, #304, #688, .T. ) ;
#1305 = CARTESIAN_POINT ( 'NONE',  ( 1.600000000000054712, 56.71000000000000085, 14.00000000000000000 ) ) ;
#1306 = DIRECTION ( 'NONE',  ( 0.000000000000000000, 0.000000000000000000, 1.000000000000000000 ) ) ;
#1307 = VECTOR ( 'NONE', #696, 1000.000000000000000 ) ;
#1308 = ORIENTED_EDGE ( 'NONE', *, *, #7, .F. ) ;
#1309 = ADVANCED_FACE ( 'NONE', ( #1041 ), #533, .F. ) ;
#1310 = EDGE_CURVE ( 'NONE', #1193, #1275, #427, .T. ) ;
#1311 = LINE ( 'NONE', #100, #303 ) ;
#1312 = EDGE_LOOP ( 'NONE', ( #845, #762, #638, #1101 ) ) ;
#1313 = CARTESIAN_POINT ( 'NONE',  ( 4.500000000000047073, 1.469576158976821975E-15, 5.999999999999998224 ) ) ;
#1314 = CARTESIAN_POINT ( 'NONE',  ( -7.499999999999936939, 61.71000000000000085, -8.000000000000000000 ) ) ;
#1315 = VECTOR ( 'NONE', #449, 1000.000000000000000 ) ;
#1316 = VECTOR ( 'NONE', #451, 1000.000000000000000 ) ;
#1317 = ORIENTED_EDGE ( 'NONE', *, *, #970, .T. ) ;
#1318 = ADVANCED_FACE ( 'NONE', ( #729 ), #1481, .F. ) ;
#1319 = VERTEX_POINT ( 'NONE', #185 ) ;
#1320 = CARTESIAN_POINT ( 'NONE',  ( 5.535820492440001213E-14, 56.71000000000000085, 8.000000000000000000 ) ) ;
#1321 = AXIS2_PLACEMENT_3D ( 'NONE', #455, #581, #563 ) ;
#1322 = DIRECTION ( 'NONE',  ( -1.000000000000000000, -0.000000000000000000, -0.000000000000000000 ) ) ;
#1323 = DIRECTION ( 'NONE',  ( 0.000000000000000000, -1.156482317317871478E-16, 1.000000000000000000 ) ) ;
#1324 = ADVANCED_FACE ( 'NONE', ( #799 ), #1061, .F. ) ;
#1325 = DIRECTION ( 'NONE',  ( -0.000000000000000000, 1.000000000000000000, -0.000000000000000000 ) ) ;
#1326 = EDGE_LOOP ( 'NONE', ( #407, #139, #993, #84 ) ) ;
#1327 = CARTESIAN_POINT ( 'NONE',  ( 5.535820492440001213E-14, 56.71000000000000085, -7.999999999999998224 ) ) ;
#1328 = ORIENTED_EDGE ( 'NONE', *, *, #1188, .T. ) ;
#1329 = VECTOR ( 'NONE', #764, 1000.000000000000000 ) ;
#1330 = ORIENTED_EDGE ( 'NONE', *, *, #1418, .F. ) ;
#1331 = FACE_OUTER_BOUND ( 'NONE', #52, .T. ) ;
#1332 = EDGE_LOOP ( 'NONE', ( #481, #747, #456, #367 ) ) ;
#1333 = CYLINDRICAL_SURFACE ( 'NONE', #88, 1.600000000000000755 ) ;
#1334 = CYLINDRICAL_SURFACE ( 'NONE', #636, 2.000000000000001776 ) ;
#1335 = ORIENTED_EDGE ( 'NONE', *, *, #684, .F. ) ;
#1336 = DIRECTION ( 'NONE',  ( -1.000000000000000000, 0.000000000000000000, 0.000000000000000000 ) ) ;
#1337 = EDGE_CURVE ( 'NONE', #590, #984, #745, .T. ) ;
#1338 = CARTESIAN_POINT ( 'NONE',  ( -5.499999999999914735, 61.71000000000000085, 14.00000000000000000 ) ) ;
#1339 = EDGE_CURVE ( 'NONE', #395, #393, #952, .T. ) ;
#1340 = AXIS2_PLACEMENT_3D ( 'NONE', #1035, #795, #573 ) ;
#1341 = EDGE_CURVE ( 'NONE', #1438, #800, #1285, .T. ) ;
#1342 = ORIENTED_EDGE ( 'NONE', *, *, #1111, .T. ) ;
#1343 = FACE_OUTER_BOUND ( 'NONE', #250, .T. ) ;
#1344 = ORIENTED_EDGE ( 'NONE', *, *, #1310, .F. ) ;
#1345 = CARTESIAN_POINT ( 'NONE',  ( 5.500000000000060396, 6.735557395310517951E-16, -25.00000000000000711 ) ) ;
#1346 = AXIS2_PLACEMENT_3D ( 'NONE', #1296, #1055, #369 ) ;
#1347 = FACE_OUTER_BOUND ( 'NONE', #1326, .T. ) ;
#1348 = VECTOR ( 'NONE', #785, 1000.000000000000000 ) ;
#1349 = ORIENTED_EDGE ( 'NONE', *, *, #1488, .F. ) ;
#1350 = ORIENTED_EDGE ( 'NONE', *, *, #752, .F. ) ;
#1351 = DIRECTION ( 'NONE',  ( -0.000000000000000000, -0.000000000000000000, -1.000000000000000000 ) ) ;
#1352 = EDGE_CURVE ( 'NONE', #1483, #349, #1423, .T. ) ;
#1353 = DIRECTION ( 'NONE',  ( -0.000000000000000000, -0.000000000000000000, -1.000000000000000000 ) ) ;
#1354 = ADVANCED_FACE ( 'NONE', ( #1094 ), #1033, .T. ) ;
#1355 = PRODUCT_DEFINITION_FORMATION_WITH_SPECIFIED_SOURCE ( 'ÈÎºÎ', '', #498, .NOT_KNOWN. ) ;
#1356 = CARTESIAN_POINT ( 'NONE',  ( -7.499999999999936939, -9.184850993605073003E-16, -23.00000000000000711 ) ) ;
#1357 = EDGE_LOOP ( 'NONE', ( #414, #553, #1398, #225 ) ) ;
#1358 = EDGE_LOOP ( 'NONE', ( #780, #880, #1456, #769, #1330 ) ) ;
#1359 = EDGE_CURVE ( 'NONE', #1148, #1397, #1469, .T. ) ;
#1360 = EDGE_LOOP ( 'NONE', ( #360, #1187, #759, #976 ) ) ;
#1361 = ORIENTED_EDGE ( 'NONE', *, *, #1258, .T. ) ;
#1362 = DIRECTION ( 'NONE',  ( 0.000000000000000000, -1.000000000000000000, 0.000000000000000000 ) ) ;
#1363 = EDGE_CURVE ( 'NONE', #633, #113, #394, .T. ) ;
#1364 = VECTOR ( 'NONE', #1401, 1000.000000000000000 ) ;
#1365 = LINE ( 'NONE', #657, #70 ) ;
#1366 = VECTOR ( 'NONE', #1421, 1000.000000000000000 ) ;
#1367 = AXIS2_PLACEMENT_3D ( 'NONE', #150, #276, #1195 ) ;
#1368 = ORIENTED_EDGE ( 'NONE', *, *, #224, .F. ) ;
#1369 = DIRECTION ( 'NONE',  ( -0.7071067811865500152, -0.7071067811865450192, 8.177564888977967054E-17 ) ) ;
#1370 = DIRECTION ( 'NONE',  ( -0.000000000000000000, -0.000000000000000000, -1.000000000000000000 ) ) ;
#1371 = CARTESIAN_POINT ( 'NONE',  ( -7.499999999999936939, 59.70999999999999375, -14.00000000000000000 ) ) ;
#1372 = CARTESIAN_POINT ( 'NONE',  ( 5.508109898640465263E-14, 58.97274169979694847, 14.00000000000000000 ) ) ;
#1373 = CARTESIAN_POINT ( 'NONE',  ( -7.499999999999936939, 59.70999999999999375, 14.00000000000000000 ) ) ;
#1374 = DIRECTION ( 'NONE',  ( -1.000000000000000000, -1.224646799147353207E-16, 0.000000000000000000 ) ) ;
#1375 = AXIS2_PLACEMENT_3D ( 'NONE', #1479, #423, #1238 ) ;
#1376 = DIRECTION ( 'NONE',  ( 0.7071067811865466846, -0.7071067811865483499, 0.000000000000000000 ) ) ;
#1377 = VERTEX_POINT ( 'NONE', #230 ) ;
#1378 = PLANE ( 'NONE',  #998 ) ;
#1379 = FACE_OUTER_BOUND ( 'NONE', #1440, .T. ) ;
#1380 = VERTEX_POINT ( 'NONE', #1381 ) ;
#1381 = CARTESIAN_POINT ( 'NONE',  ( -1.599999999999944134, 56.71000000000000085, 14.00000000000000000 ) ) ;
#1382 = LINE ( 'NONE', #1393, #1112 ) ;
#1383 = CARTESIAN_POINT ( 'NONE',  ( 5.473415429120929121E-14, 58.97274169979694847, 8.000000000000000000 ) ) ;
#1384 = CARTESIAN_POINT ( 'NONE',  ( 4.500000000000047962, 46.71000000000000085, 5.999999999999998224 ) ) ;
#1385 = LINE ( 'NONE', #1139, #736 ) ;
#1386 = LINE ( 'NONE', #1123, #1316 ) ;
#1387 = EDGE_CURVE ( 'NONE', #113, #889, #140, .T. ) ;
#1388 = ORIENTED_EDGE ( 'NONE', *, *, #870, .T. ) ;
#1389 = CARTESIAN_POINT ( 'NONE',  ( 1.600000000000054712, 56.71000000000000085, 14.00000000000000000 ) ) ;
#1390 = DIRECTION ( 'NONE',  ( -0.000000000000000000, -1.000000000000000000, -0.000000000000000000 ) ) ;
#1391 = ORIENTED_EDGE ( 'NONE', *, *, #25, .F. ) ;
#1392 = CARTESIAN_POINT ( 'NONE',  ( -1.131370849898418296, 57.84137084989848177, 14.00000000000000000 ) ) ;
#1393 = CARTESIAN_POINT ( 'NONE',  ( 33.60500000000002530, 33.60499999999991871, -14.00000000000000000 ) ) ;
#1394 = DIRECTION ( 'NONE',  ( 0.000000000000000000, 0.000000000000000000, -1.000000000000000000 ) ) ;
#1395 = AXIS2_PLACEMENT_3D ( 'NONE', #392, #159, #378 ) ;
#1396 = DIRECTION ( 'NONE',  ( -1.224646799147353207E-16, 1.000000000000000000, 0.000000000000000000 ) ) ;
#1397 = VERTEX_POINT ( 'NONE', #219 ) ;
#1398 = ORIENTED_EDGE ( 'NONE', *, *, #968, .T. ) ;
#1399 = PRESENTATION_STYLE_ASSIGNMENT (( #1104 ) ) ;
#1400 = VERTEX_POINT ( 'NONE', #1510 ) ;
#1401 = DIRECTION ( 'NONE',  ( 0.7071067811865483499, 0.7071067811865466846, -8.177564888977985542E-17 ) ) ;
#1402 = VERTEX_POINT ( 'NONE', #900 ) ;
#1403 = CARTESIAN_POINT ( 'NONE',  ( -5.500000000000046185, 46.71000000000000085, 4.999999999999997335 ) ) ;
#1404 =( NAMED_UNIT ( * ) SI_UNIT ( $, .STERADIAN. ) SOLID_ANGLE_UNIT ( ) );
#1405 = CIRCLE ( 'NONE', #1092, 1.599999999999999423 ) ;
#1406 = VECTOR ( 'NONE', #316, 1000.000000000000000 ) ;
#1407 = DIRECTION ( 'NONE',  ( 0.000000000000000000, -1.156482317317871478E-16, 1.000000000000000000 ) ) ;
#1408 = VECTOR ( 'NONE', #546, 1000.000000000000000 ) ;
#1409 = DIRECTION ( 'NONE',  ( -0.7071067811865464625, 0.7071067811865486830, -8.177564888978008962E-17 ) ) ;
#1410 = VERTEX_POINT ( 'NONE', #667 ) ;
#1411 = AXIS2_PLACEMENT_3D ( 'NONE', #1485, #778, #1374 ) ;
#1412 = DIRECTION ( 'NONE',  ( -1.000000000000000000, -1.224646799147353207E-16, 0.000000000000000000 ) ) ;
#1413 = DIRECTION ( 'NONE',  ( 0.000000000000000000, 0.000000000000000000, 1.000000000000000000 ) ) ;
#1414 = PLANE ( 'NONE',  #1288 ) ;
#1415 = EDGE_CURVE ( 'NONE', #1007, #1410, #64, .T. ) ;
#1416 = CARTESIAN_POINT ( 'NONE',  ( -7.499999999999937828, 7.999999999999998224, 14.00000000000000000 ) ) ;
#1417 = DIRECTION ( 'NONE',  ( 0.000000000000000000, -1.000000000000000000, 0.000000000000000000 ) ) ;
#1418 = EDGE_CURVE ( 'NONE', #1380, #1042, #104, .T. ) ;
#1419 = DIRECTION ( 'NONE',  ( -0.000000000000000000, -0.000000000000000000, -1.000000000000000000 ) ) ;
#1420 = EDGE_LOOP ( 'NONE', ( #308, #1039, #1450, #817 ) ) ;
#1421 = DIRECTION ( 'NONE',  ( 0.000000000000000000, 0.000000000000000000, -1.000000000000000000 ) ) ;
#1422 = AXIS2_PLACEMENT_3D ( 'NONE', #103, #440, #112 ) ;
#1423 = LINE ( 'NONE', #561, #872 ) ;
#1424 = ORIENTED_EDGE ( 'NONE', *, *, #474, .T. ) ;
#1425 = CYLINDRICAL_SURFACE ( 'NONE', #43, 2.000000000000001776 ) ;
#1426 = CARTESIAN_POINT ( 'NONE',  ( 4.500000000000047962, -14.29000000000002402, -5.999999999999999112 ) ) ;
#1427 = ORIENTED_EDGE ( 'NONE', *, *, #623, .T. ) ;
#1428 = ADVANCED_FACE ( 'NONE', ( #1343 ), #609, .T. ) ;
#1429 = VECTOR ( 'NONE', #923, 1000.000000000000000 ) ;
#1430 = DIRECTION ( 'NONE',  ( 0.000000000000000000, -1.000000000000000000, 1.156482317317871478E-16 ) ) ;
#1431 = ORIENTED_EDGE ( 'NONE', *, *, #786, .T. ) ;
#1432 = EDGE_LOOP ( 'NONE', ( #1328, #450, #746, #628 ) ) ;
#1433 = CARTESIAN_POINT ( 'NONE',  ( 7.500000000000062172, 1.836970198721029589E-15, 14.00000000000000000 ) ) ;
#1434 = AXIS2_PLACEMENT_3D ( 'NONE', #967, #27, #849 ) ;
#1435 = EDGE_CURVE ( 'NONE', #395, #674, #1311, .T. ) ;
#1436 = DIRECTION ( 'NONE',  ( 0.000000000000000000, -1.000000000000000000, -2.832564736347691729E-32 ) ) ;
#1437 = DIRECTION ( 'NONE',  ( 1.000000000000000000, 0.000000000000000000, 0.000000000000000000 ) ) ;
#1438 = VERTEX_POINT ( 'NONE', #204 ) ;
#1439 = EDGE_CURVE ( 'NONE', #1042, #1193, #1507, .T. ) ;
#1440 = EDGE_LOOP ( 'NONE', ( #819, #1291, #1253, #285 ) ) ;
#1441 = CARTESIAN_POINT ( 'NONE',  ( 5.535820492440001213E-14, 56.71000000000000085, -14.00000000000000000 ) ) ;
#1442 = LINE ( 'NONE', #604, #14 ) ;
#1443 = AXIS2_PLACEMENT_3D ( 'NONE', #705, #1060, #9 ) ;
#1444 = LINE ( 'NONE', #1143, #53 ) ;
#1445 = VECTOR ( 'NONE', #76, 1000.000000000000000 ) ;
#1446 = FACE_OUTER_BOUND ( 'NONE', #1058, .T. ) ;
#1447 = EDGE_CURVE ( 'NONE', #1319, #1148, #1226, .T. ) ;
#1448 = LINE ( 'NONE', #1249, #1348 ) ;
#1449 = CARTESIAN_POINT ( 'NONE',  ( 20.50000000000006395, 61.71000000000000085, 8.000000000000000000 ) ) ;
#1450 = ORIENTED_EDGE ( 'NONE', *, *, #715, .F. ) ;
#1451 = EDGE_CURVE ( 'NONE', #1193, #215, #839, .T. ) ;
#1452 = AXIS2_PLACEMENT_3D ( 'NONE', #1506, #915, #333 ) ;
#1453 = DIRECTION ( 'NONE',  ( -0.000000000000000000, -0.000000000000000000, -1.000000000000000000 ) ) ;
#1454 = DIRECTION ( 'NONE',  ( 0.7071067811865500152, 0.7071067811865450192, -0.000000000000000000 ) ) ;
#1455 = VECTOR ( 'NONE', #584, 1000.000000000000000 ) ;
#1456 = ORIENTED_EDGE ( 'NONE', *, *, #1451, .F. ) ;
#1457 = LINE ( 'NONE', #472, #34 ) ;
#1458 = VERTEX_POINT ( 'NONE', #1416 ) ;
#1459 = LINE ( 'NONE', #1383, #362 ) ;
#1460 = LINE ( 'NONE', #1217, #697 ) ;
#1461 = VECTOR ( 'NONE', #129, 1000.000000000000000 ) ;
#1462 = ORIENTED_EDGE ( 'NONE', *, *, #371, .F. ) ;
#1463 = EDGE_CURVE ( 'NONE', #682, #646, #530, .T. ) ;
#1464 = EDGE_LOOP ( 'NONE', ( #263, #1009, #1166, #1099 ) ) ;
#1465 = EDGE_CURVE ( 'NONE', #1377, #1013, #742, .T. ) ;
#1466 = DIRECTION ( 'NONE',  ( 1.224646799147353207E-16, -1.000000000000000000, -0.000000000000000000 ) ) ;
#1467 = DIRECTION ( 'NONE',  ( 0.000000000000000000, 0.000000000000000000, 1.000000000000000000 ) ) ;
#1468 = ORIENTED_EDGE ( 'NONE', *, *, #517, .T. ) ;
#1469 = LINE ( 'NONE', #926, #358 ) ;
#1470 = EDGE_LOOP ( 'NONE', ( #950, #963, #1248, #934 ) ) ;
#1471 = PLANE ( 'NONE',  #257 ) ;
#1472 = LINE ( 'NONE', #620, #188 ) ;
#1473 = AXIS2_PLACEMENT_3D ( 'NONE', #1441, #722, #844 ) ;
#1474 = CIRCLE ( 'NONE', #1150, 2.000000000000000000 ) ;
#1475 = LINE ( 'NONE', #1305, #1176 ) ;
#1476 = ORIENTED_EDGE ( 'NONE', *, *, #176, .F. ) ;
#1477 = ORIENTED_EDGE ( 'NONE', *, *, #701, .T. ) ;
#1478 = DIRECTION ( 'NONE',  ( -1.000000000000000000, 0.000000000000000000, 0.000000000000000000 ) ) ;
#1479 = CARTESIAN_POINT ( 'NONE',  ( 5.500000000000060396, 8.000000000000000000, 23.00000000000001066 ) ) ;
#1480 = EDGE_CURVE ( 'NONE', #671, #65, #101, .T. ) ;
#1481 = PLANE ( 'NONE',  #206 ) ;
#1482 = CARTESIAN_POINT ( 'NONE',  ( 5.508109898640465263E-14, 58.97274169979694847, -14.00000000000000000 ) ) ;
#1483 = VERTEX_POINT ( 'NONE', #370 ) ;
#1484 = ADVANCED_FACE ( 'NONE', ( #1223 ), #272, .T. ) ;
#1485 = CARTESIAN_POINT ( 'NONE',  ( 5.898059818321144121E-14, 7.223040077686607663E-30, -20.00000000000000355 ) ) ;
#1486 = CARTESIAN_POINT ( 'NONE',  ( 5.508109898640465263E-14, 58.97274169979694847, 14.00000000000000000 ) ) ;
#1487 = ORIENTED_EDGE ( 'NONE', *, *, #623, .F. ) ;
#1488 = EDGE_CURVE ( 'NONE', #690, #1237, #412, .T. ) ;
#1489 = CARTESIAN_POINT ( 'NONE',  ( 0.000000000000000000, 0.000000000000000000, -14.00000000000000000 ) ) ;
#1490 = EDGE_LOOP ( 'NONE', ( #1476, #1005, #843, #869, #873, #1227 ) ) ;
#1491 = VECTOR ( 'NONE', #896, 1000.000000000000000 ) ;
#1492 = ORIENTED_EDGE ( 'NONE', *, *, #7, .T. ) ;
#1493 = CARTESIAN_POINT ( 'NONE',  ( 5.508109898640465263E-14, 58.97274169979694847, 14.00000000000000000 ) ) ;
#1494 = EDGE_CURVE ( 'NONE', #164, #494, #708, .T. ) ;
#1495 = LINE ( 'NONE', #1231, #208 ) ;
#1496 = LINE ( 'NONE', #1389, #1117 ) ;
#1497 = DIRECTION ( 'NONE',  ( 0.000000000000000000, 0.000000000000000000, 1.000000000000000000 ) ) ;
#1498 = ORIENTED_EDGE ( 'NONE', *, *, #57, .F. ) ;
#1499 = DIRECTION ( 'NONE',  ( -1.000000000000000000, -0.000000000000000000, -0.000000000000000000 ) ) ;
#1500 = DIRECTION ( 'NONE',  ( -0.000000000000000000, 1.000000000000000000, -2.832564736347691729E-32 ) ) ;
#1501 = CARTESIAN_POINT ( 'NONE',  ( -5.499999999999936939, 8.000000000000000000, 23.00000000000000711 ) ) ;
#1502 = CARTESIAN_POINT ( 'NONE',  ( 4.500000000000047962, 46.71000000000000085, -5.999999999999999112 ) ) ;
#1503 = CARTESIAN_POINT ( 'NONE',  ( 5.500000000000062172, 1.330974046272763244E-15, 23.00000000000001066 ) ) ;
#1504 = CARTESIAN_POINT ( 'NONE',  ( 1.600000000000058709, 8.000000000000000000, 20.00000000000000355 ) ) ;
#1505 = ORIENTED_EDGE ( 'NONE', *, *, #1072, .T. ) ;
#1506 = CARTESIAN_POINT ( 'NONE',  ( 4.500000000000047962, 1.734723475976807094E-15, 4.999999999999997335 ) ) ;
#1507 = CIRCLE ( 'NONE', #182, 1.599999999999999423 ) ;
#1508 = ORIENTED_EDGE ( 'NONE', *, *, #180, .F. ) ;
#1509 = DIRECTION ( 'NONE',  ( -2.312964634635744929E-16, -2.832564736347691729E-32, 1.000000000000000000 ) ) ;
#1510 = CARTESIAN_POINT ( 'NONE',  ( -1.131370849898418296, 57.84137084989848177, 8.000000000000000000 ) ) ;
#1511 = FACE_OUTER_BOUND ( 'NONE', #35, .T. ) ;
#1512 = ORIENTED_EDGE ( 'NONE', *, *, #422, .T. ) ;
ENDSEC;
END-ISO-10303-21;
