ISO-10303-21;
HEADER;
FILE_DESCRIPTION (( 'STEP AP214' ),
    '1' );
FILE_NAME ('Çú±ú.STEP',
    '2026-07-29T04:05:11',
    ( 'HXX' ),
    ( '' ),
    'SwSTEP 2.0',
    'SolidWorks 2018',
    '' );
FILE_SCHEMA (( 'AUTOMOTIVE_DESIGN' ));
ENDSEC;

DATA;
#1 = DIRECTION ( 'NONE',  ( 8.177564888977948565E-17, -0.7071067811865434649, 0.7071067811865515695 ) ) ;
#2 = DIRECTION ( 'NONE',  ( -0.000000000000000000, -0.000000000000000000, -1.000000000000000000 ) ) ;
#3 = ORIENTED_EDGE ( 'NONE', *, *, #1493, .T. ) ;
#4 = EDGE_LOOP ( 'NONE', ( #1600, #2519, #242, #1737 ) ) ;
#5 = AXIS2_PLACEMENT_3D ( 'NONE', #1179, #188, #391 ) ;
#6 = ORIENTED_EDGE ( 'NONE', *, *, #1152, .F. ) ;
#7 = FACE_OUTER_BOUND ( 'NONE', #553, .T. ) ;
#8 = VECTOR ( 'NONE', #769, 1000.000000000000000 ) ;
#9 = VERTEX_POINT ( 'NONE', #2240 ) ;
#10 = LINE ( 'NONE', #1757, #1488 ) ;
#11 = EDGE_LOOP ( 'NONE', ( #2132, #1446, #1771 ) ) ;
#12 = VECTOR ( 'NONE', #175, 1000.000000000000000 ) ;
#13 = DIRECTION ( 'NONE',  ( -0.000000000000000000, -0.000000000000000000, -1.000000000000000000 ) ) ;
#14 = DIRECTION ( 'NONE',  ( -0.000000000000000000, -0.000000000000000000, -1.000000000000000000 ) ) ;
#15 = EDGE_CURVE ( 'NONE', #249, #2259, #810, .T. ) ;
#16 = ORIENTED_EDGE ( 'NONE', *, *, #348, .F. ) ;
#17 = DIRECTION ( 'NONE',  ( 0.000000000000000000, 0.000000000000000000, 1.000000000000000000 ) ) ;
#18 = VERTEX_POINT ( 'NONE', #291 ) ;
#19 = PLANE ( 'NONE',  #2500 ) ;
#20 = CARTESIAN_POINT ( 'NONE',  ( -6.919238815542517074, -7.199999999999998401, 0.9192388155425104124 ) ) ;
#21 = AXIS2_PLACEMENT_3D ( 'NONE', #416, #1005, #1804 ) ;
#22 = ORIENTED_EDGE ( 'NONE', *, *, #743, .F. ) ;
#23 = ORIENTED_EDGE ( 'NONE', *, *, #1920, .F. ) ;
#24 = EDGE_CURVE ( 'NONE', #1421, #2063, #2444, .T. ) ;
#25 = FACE_OUTER_BOUND ( 'NONE', #367, .T. ) ;
#26 = LINE ( 'NONE', #2292, #1469 ) ;
#27 = LINE ( 'NONE', #1438, #2052 ) ;
#28 = EDGE_CURVE ( 'NONE', #903, #62, #1938, .T. ) ;
#29 = DIRECTION ( 'NONE',  ( -1.000000000000000000, 0.000000000000000000, 0.000000000000000000 ) ) ;
#30 = CARTESIAN_POINT ( 'NONE',  ( -7.131370849898473807, 0.5999999999999920952, 1.131370849898479802 ) ) ;
#31 = LINE ( 'NONE', #329, #2056 ) ;
#32 = LINE ( 'NONE', #211, #269 ) ;
#33 = CONICAL_SURFACE ( 'NONE', #676, 7.500000000000000888, 0.7853981633974482790 ) ;
#34 = DIRECTION ( 'NONE',  ( -0.000000000000000000, -1.000000000000000000, 0.000000000000000000 ) ) ;
#35 = ORIENTED_EDGE ( 'NONE', *, *, #1116, .F. ) ;
#36 = ORIENTED_EDGE ( 'NONE', *, *, #1027, .F. ) ;
#37 = CARTESIAN_POINT ( 'NONE',  ( -5.999999999999995559, -7.199999999999998401, 1.838477631085038144 ) ) ;
#38 = ORIENTED_EDGE ( 'NONE', *, *, #1166, .F. ) ;
#39 = FACE_OUTER_BOUND ( 'NONE', #891, .T. ) ;
#40 = AXIS2_PLACEMENT_3D ( 'NONE', #830, #805, #988 ) ;
#41 = VECTOR ( 'NONE', #1148, 1000.000000000000114 ) ;
#42 = LINE ( 'NONE', #637, #1684 ) ;
#43 = EDGE_LOOP ( 'NONE', ( #2362, #789, #800, #2264 ) ) ;
#44 = CARTESIAN_POINT ( 'NONE',  ( -5.999999999999997335, 3.526058197684002415, -1.875329487660735373 ) ) ;
#45 = DIRECTION ( 'NONE',  ( 0.000000000000000000, 0.000000000000000000, 1.000000000000000000 ) ) ;
#46 = CARTESIAN_POINT ( 'NONE',  ( -31.89999999999998437, 0.000000000000000000, -5.000000000000000000 ) ) ;
#47 = DIRECTION ( 'NONE',  ( 0.7071067811865489050, -8.177564888978011427E-17, 0.7071067811865460184 ) ) ;
#48 = AXIS2_PLACEMENT_3D ( 'NONE', #2143, #187, #2309 ) ;
#49 = CARTESIAN_POINT ( 'NONE',  ( 3.673940397442058882E-17, -0.2999999999999999889, -4.699999999999998401 ) ) ;
#50 = ORIENTED_EDGE ( 'NONE', *, *, #629, .F. ) ;
#51 = CARTESIAN_POINT ( 'NONE',  ( 5.799483444426114392E-14, 7.199999999999999289, -5.000000000000000000 ) ) ;
#52 = CARTESIAN_POINT ( 'NONE',  ( -29.99999999999997158, 7.200000000000002842, -5.000000000000000000 ) ) ;
#53 = VECTOR ( 'NONE', #939, 1000.000000000000000 ) ;
#54 = ORIENTED_EDGE ( 'NONE', *, *, #1378, .T. ) ;
#55 = CARTESIAN_POINT ( 'NONE',  ( -11.30000000000000071, 0.6999999999999987343, 4.699999999999998401 ) ) ;
#56 = CARTESIAN_POINT ( 'NONE',  ( -11.70000000000000107, 1.299999999999998712, -5.000000000000000000 ) ) ;
#57 = AXIS2_PLACEMENT_3D ( 'NONE', #1475, #1235, #1443 ) ;
#58 = CARTESIAN_POINT ( 'NONE',  ( -29.99999999999997158, 0.000000000000000000, -4.699999999999998401 ) ) ;
#59 = CARTESIAN_POINT ( 'NONE',  ( -29.99999999999993605, 7.199999999999999289, 5.000000000000000000 ) ) ;
#60 = VECTOR ( 'NONE', #2258, 1000.000000000000114 ) ;
#61 = ORIENTED_EDGE ( 'NONE', *, *, #2017, .F. ) ;
#62 = VERTEX_POINT ( 'NONE', #1880 ) ;
#63 = ORIENTED_EDGE ( 'NONE', *, *, #2249, .T. ) ;
#64 = EDGE_LOOP ( 'NONE', ( #625, #149, #89, #195 ) ) ;
#65 = CARTESIAN_POINT ( 'NONE',  ( -13.29999999999999893, 6.500000000000002665, -5.000000000000000000 ) ) ;
#66 = CARTESIAN_POINT ( 'NONE',  ( 1.499999999999999334, 2.000000000000000444, -4.699999999999998401 ) ) ;
#67 = AXIS2_PLACEMENT_3D ( 'NONE', #1866, #1046, #2071 ) ;
#68 = ORIENTED_EDGE ( 'NONE', *, *, #71, .T. ) ;
#69 = LINE ( 'NONE', #398, #1651 ) ;
#70 = CARTESIAN_POINT ( 'NONE',  ( -1.499999999999999334, 2.000000000000000444, 4.699999999999998401 ) ) ;
#71 = EDGE_CURVE ( 'NONE', #72, #744, #1270, .T. ) ;
#72 = VERTEX_POINT ( 'NONE', #1494 ) ;
#73 = VECTOR ( 'NONE', #1752, 1000.000000000000114 ) ;
#74 = CARTESIAN_POINT ( 'NONE',  ( -29.99999999999997158, 0.000000000000000000, -5.000000000000000000 ) ) ;
#75 = ORIENTED_EDGE ( 'NONE', *, *, #1404, .F. ) ;
#76 = DIRECTION ( 'NONE',  ( -0.000000000000000000, -0.000000000000000000, -1.000000000000000000 ) ) ;
#77 = CARTESIAN_POINT ( 'NONE',  ( -5.999999999999998224, -7.199999999999998401, 1.734723475976807094E-15 ) ) ;
#78 = DIRECTION ( 'NONE',  ( 0.000000000000000000, 0.000000000000000000, 1.000000000000000000 ) ) ;
#79 = ORIENTED_EDGE ( 'NONE', *, *, #281, .F. ) ;
#80 = CARTESIAN_POINT ( 'NONE',  ( 0.000000000000000000, 0.000000000000000000, 4.699999999999998401 ) ) ;
#81 = DIRECTION ( 'NONE',  ( 0.000000000000000000, 0.000000000000000000, 1.000000000000000000 ) ) ;
#82 = EDGE_LOOP ( 'NONE', ( #233, #36, #1700, #2190 ) ) ;
#83 = VERTEX_POINT ( 'NONE', #697 ) ;
#84 = FACE_OUTER_BOUND ( 'NONE', #159, .T. ) ;
#85 = CARTESIAN_POINT ( 'NONE',  ( 5.966479205445898438E-14, -7.199999999999995737, 5.000000000000000000 ) ) ;
#86 = LINE ( 'NONE', #37, #1568 ) ;
#87 = VECTOR ( 'NONE', #1426, 1000.000000000000114 ) ;
#88 = AXIS2_PLACEMENT_3D ( 'NONE', #921, #316, #1706 ) ;
#89 = ORIENTED_EDGE ( 'NONE', *, *, #878, .F. ) ;
#90 =( NAMED_UNIT ( * ) SI_UNIT ( $, .STERADIAN. ) SOLID_ANGLE_UNIT ( ) );
#91 = VECTOR ( 'NONE', #1035, 1000.000000000000114 ) ;
#92 = CARTESIAN_POINT ( 'NONE',  ( 0.000000000000000000, 0.000000000000000000, 4.699999999999998401 ) ) ;
#93 = DIRECTION ( 'NONE',  ( -0.7071067811865489050, 8.177564888978011427E-17, 0.7071067811865461294 ) ) ;
#94 = VERTEX_POINT ( 'NONE', #2254 ) ;
#95 = ORIENTED_EDGE ( 'NONE', *, *, #849, .T. ) ;
#96 = CIRCLE ( 'NONE', #2511, 7.199999999999999289 ) ;
#97 = PLANE ( 'NONE',  #1855 ) ;
#98 = ORIENTED_EDGE ( 'NONE', *, *, #153, .T. ) ;
#99 = DIRECTION ( 'NONE',  ( -1.000000000000000000, 0.000000000000000000, 0.000000000000000000 ) ) ;
#100 = LINE ( 'NONE', #1108, #2273 ) ;
#101 = AXIS2_PLACEMENT_3D ( 'NONE', #230, #626, #2218 ) ;
#102 = LINE ( 'NONE', #1883, #2154 ) ;
#103 = ORIENTED_EDGE ( 'NONE', *, *, #723, .F. ) ;
#104 = EDGE_CURVE ( 'NONE', #1666, #1718, #359, .T. ) ;
#105 = CARTESIAN_POINT ( 'NONE',  ( 0.000000000000000000, 0.000000000000000000, 4.699999999999998401 ) ) ;
#106 = CARTESIAN_POINT ( 'NONE',  ( -13.29999999999999893, 6.500000000000002665, -5.000000000000000000 ) ) ;
#107 = AXIS2_PLACEMENT_3D ( 'NONE', #296, #2238, #2448 ) ;
#108 = DIRECTION ( 'NONE',  ( 1.000000000000000000, 0.000000000000000000, 0.000000000000000000 ) ) ;
#109 = DIRECTION ( 'NONE',  ( 0.5000000000000031086, -0.7071067811865473507, 0.4999999999999972244 ) ) ;
#110 = LINE ( 'NONE', #1342, #582 ) ;
#111 = AXIS2_PLACEMENT_3D ( 'NONE', #1928, #355, #2114 ) ;
#112 = CARTESIAN_POINT ( 'NONE',  ( -2.441927559138811432, 0.5357142857142854764, 5.000000000000000000 ) ) ;
#113 = ADVANCED_FACE ( 'NONE', ( #1409 ), #2066, .T. ) ;
#114 = DIRECTION ( 'NONE',  ( 0.000000000000000000, 0.7071067811865484609, -0.7071067811865465735 ) ) ;
#115 = CARTESIAN_POINT ( 'NONE',  ( 6.037659140991916754E-14, 7.199999999999995737, 5.000000000000000000 ) ) ;
#116 = CIRCLE ( 'NONE', #244, 1.300000000000002487 ) ;
#117 = ORIENTED_EDGE ( 'NONE', *, *, #1634, .T. ) ;
#118 = DIRECTION ( 'NONE',  ( 1.000000000000000000, 0.000000000000000000, 0.000000000000000000 ) ) ;
#119 = DIRECTION ( 'NONE',  ( 0.000000000000000000, 0.7071067811865474617, -0.7071067811865476838 ) ) ;
#120 = ORIENTED_EDGE ( 'NONE', *, *, #643, .T. ) ;
#121 = AXIS2_PLACEMENT_3D ( 'NONE', #1813, #2003, #29 ) ;
#122 = ORIENTED_EDGE ( 'NONE', *, *, #1389, .T. ) ;
#123 = ORIENTED_EDGE ( 'NONE', *, *, #2017, .T. ) ;
#124 = LINE ( 'NONE', #49, #2005 ) ;
#125 = CARTESIAN_POINT ( 'NONE',  ( -31.59999999999997655, 1.959434878635766956E-16, 4.699999999999999289 ) ) ;
#126 = ORIENTED_EDGE ( 'NONE', *, *, #363, .F. ) ;
#127 = APPLICATION_CONTEXT ( 'automotive_design' ) ;
#128 = FACE_OUTER_BOUND ( 'NONE', #1255, .T. ) ;
#129 = CARTESIAN_POINT ( 'NONE',  ( -10.70000000000000107, 7.500000000000001776, 4.699999999999998401 ) ) ;
#130 = ORIENTED_EDGE ( 'NONE', *, *, #1860, .F. ) ;
#131 = ADVANCED_FACE ( 'NONE', ( #758 ), #1567, .F. ) ;
#132 = FACE_OUTER_BOUND ( 'NONE', #1031, .T. ) ;
#133 = CARTESIAN_POINT ( 'NONE',  ( 1.499999999999999334, 2.000000000000000444, -4.699999999999998401 ) ) ;
#134 = ORIENTED_EDGE ( 'NONE', *, *, #554, .T. ) ;
#135 = DIRECTION ( 'NONE',  ( 1.000000000000000000, 0.000000000000000000, 0.000000000000000000 ) ) ;
#136 = AXIS2_PLACEMENT_3D ( 'NONE', #1912, #551, #2102 ) ;
#137 = SURFACE_SIDE_STYLE ('',( #222 ) ) ;
#138 = CARTESIAN_POINT ( 'NONE',  ( -2.734958866235468466, -0.3000000000000003220, -4.699999999999998401 ) ) ;
#139 = CARTESIAN_POINT ( 'NONE',  ( -29.99999999999993605, 7.199999999999999289, 5.000000000000000000 ) ) ;
#140 = ORIENTED_EDGE ( 'NONE', *, *, #1783, .F. ) ;
#141 = CARTESIAN_POINT ( 'NONE',  ( -1.596871942267738431, 2.300000000000002043, -5.000000000000000000 ) ) ;
#142 = ORIENTED_EDGE ( 'NONE', *, *, #1388, .F. ) ;
#143 = ORIENTED_EDGE ( 'NONE', *, *, #2044, .T. ) ;
#144 = VECTOR ( 'NONE', #1081, 1000.000000000000114 ) ;
#145 = ADVANCED_FACE ( 'NONE', ( #634 ), #97, .F. ) ;
#146 = VERTEX_POINT ( 'NONE', #1464 ) ;
#147 = VECTOR ( 'NONE', #962, 1000.000000000000000 ) ;
#148 = VECTOR ( 'NONE', #2410, 1000.000000000000000 ) ;
#149 = ORIENTED_EDGE ( 'NONE', *, *, #2447, .T. ) ;
#150 = AXIS2_PLACEMENT_3D ( 'NONE', #440, #1824, #34 ) ;
#151 = FILL_AREA_STYLE ('',( #753 ) ) ;
#152 = LINE ( 'NONE', #1858, #1376 ) ;
#153 = EDGE_CURVE ( 'NONE', #1352, #146, #1371, .T. ) ;
#154 = CARTESIAN_POINT ( 'NONE',  ( -2.734958866235468466, -0.6000000000000003109, -4.699999999999998401 ) ) ;
#155 = VERTEX_POINT ( 'NONE', #670 ) ;
#156 = EDGE_CURVE ( 'NONE', #1323, #2387, #1724, .T. ) ;
#157 = EDGE_LOOP ( 'NONE', ( #259, #1779, #1881, #722 ) ) ;
#158 = DIRECTION ( 'NONE',  ( 1.000000000000000000, -1.156482317317871478E-16, -0.000000000000000000 ) ) ;
#159 = EDGE_LOOP ( 'NONE', ( #1026, #2173, #880, #860 ) ) ;
#160 = PRODUCT_RELATED_PRODUCT_CATEGORY ( 'part', '', ( #1805 ) ) ;
#161 = DIRECTION ( 'NONE',  ( -0.000000000000000000, -0.000000000000000000, 1.000000000000000000 ) ) ;
#162 = ORIENTED_EDGE ( 'NONE', *, *, #237, .T. ) ;
#163 = CARTESIAN_POINT ( 'NONE',  ( -4.868629150101525305, 7.200000000000005507, 1.131370849898479580 ) ) ;
#164 = ORIENTED_EDGE ( 'NONE', *, *, #365, .T. ) ;
#165 = DIRECTION ( 'NONE',  ( 0.7071067811865454633, 0.000000000000000000, 0.7071067811865495711 ) ) ;
#166 = LINE ( 'NONE', #1154, #1682 ) ;
#167 = EDGE_LOOP ( 'NONE', ( #2545, #3, #430, #1003, #767 ) ) ;
#168 = CARTESIAN_POINT ( 'NONE',  ( -6.919238815542517074, -7.199999999999997513, 0.9192388155425101903 ) ) ;
#169 = DIRECTION ( 'NONE',  ( 1.000000000000000000, 0.000000000000000000, 0.000000000000000000 ) ) ;
#170 = FACE_OUTER_BOUND ( 'NONE', #1869, .T. ) ;
#171 = DIRECTION ( 'NONE',  ( 0.7071067811865474617, 0.000000000000000000, 0.7071067811865474617 ) ) ;
#172 = AXIS2_PLACEMENT_3D ( 'NONE', #407, #1631, #47 ) ;
#173 = EDGE_CURVE ( 'NONE', #1290, #1945, #1022, .T. ) ;
#174 = EDGE_LOOP ( 'NONE', ( #773, #1769, #2228, #1319 ) ) ;
#175 = DIRECTION ( 'NONE',  ( 0.000000000000000000, -0.7071067811865474617, -0.7071067811865476838 ) ) ;
#176 = AXIS2_PLACEMENT_3D ( 'NONE', #1763, #1160, #2509 ) ;
#177 = CARTESIAN_POINT ( 'NONE',  ( -2.441927559138810988, 0.5357142857142853654, -4.699999999999998401 ) ) ;
#178 = DIRECTION ( 'NONE',  ( 0.000000000000000000, 0.000000000000000000, -1.000000000000000000 ) ) ;
#179 = CIRCLE ( 'NONE', #783, 1.300000000000002487 ) ;
#180 = CARTESIAN_POINT ( 'NONE',  ( -4.868629150101510206, -0.3000000000000005440, 1.131370849898472697 ) ) ;
#181 = CARTESIAN_POINT ( 'NONE',  ( -7.343502884254431429, 7.500000000000001776, 1.343502884254439200 ) ) ;
#182 = FACE_BOUND ( 'NONE', #423, .T. ) ;
#183 = ORIENTED_EDGE ( 'NONE', *, *, #1362, .T. ) ;
#184 = ORIENTED_EDGE ( 'NONE', *, *, #895, .F. ) ;
#185 = EDGE_CURVE ( 'NONE', #1678, #1906, #2232, .T. ) ;
#186 = FACE_OUTER_BOUND ( 'NONE', #905, .T. ) ;
#187 = DIRECTION ( 'NONE',  ( -0.000000000000000000, -0.000000000000000000, -1.000000000000000000 ) ) ;
#188 = DIRECTION ( 'NONE',  ( 0.7071067811865519026, 8.845923557788751469E-17, 0.7071067811865432429 ) ) ;
#189 = ORIENTED_EDGE ( 'NONE', *, *, #2334, .T. ) ;
#190 =( GEOMETRIC_REPRESENTATION_CONTEXT ( 3 ) GLOBAL_UNCERTAINTY_ASSIGNED_CONTEXT ( ( #1852 ) ) GLOBAL_UNIT_ASSIGNED_CONTEXT ( ( #2425, #1244, #90 ) ) REPRESENTATION_CONTEXT ( 'NONE', 'WORKASPACE' ) );
#191 = EDGE_CURVE ( 'NONE', #426, #1588, #2541, .T. ) ;
#192 = CONICAL_SURFACE ( 'NONE', #1428, 1.900000000000012790, 0.7853981633974609355 ) ;
#193 = ORIENTED_EDGE ( 'NONE', *, *, #1246, .F. ) ;
#194 = VECTOR ( 'NONE', #2310, 1000.000000000000114 ) ;
#195 = ORIENTED_EDGE ( 'NONE', *, *, #885, .T. ) ;
#196 = B_SPLINE_CURVE_WITH_KNOTS ( 'NONE', 3,
 ( #874, #1271, #472, #1466 ),
 .UNSPECIFIED., .F., .F.,
 ( 4, 4 ),
 ( 0.000000000000000000, 0.0004351829192402587769 ),
 .UNSPECIFIED. ) ;
#197 = DIRECTION ( 'NONE',  ( 0.000000000000000000, 0.000000000000000000, 1.000000000000000000 ) ) ;
#198 = AXIS2_PLACEMENT_3D ( 'NONE', #899, #2289, #1111 ) ;
#199 = DIRECTION ( 'NONE',  ( 1.000000000000000000, 0.000000000000000000, -0.000000000000000000 ) ) ;
#200 = EDGE_CURVE ( 'NONE', #851, #1181, #2443, .T. ) ;
#201 = VERTEX_POINT ( 'NONE', #129 ) ;
#202 = DIRECTION ( 'NONE',  ( 1.000000000000000000, 0.000000000000000000, 0.000000000000000000 ) ) ;
#203 = ORIENTED_EDGE ( 'NONE', *, *, #762, .F. ) ;
#204 = ADVANCED_FACE ( 'NONE', ( #2146 ), #331, .F. ) ;
#205 = ORIENTED_EDGE ( 'NONE', *, *, #1810, .T. ) ;
#206 = CARTESIAN_POINT ( 'NONE',  ( -10.70000000000000107, 6.500000000000001776, 5.000000000000000000 ) ) ;
#207 = CARTESIAN_POINT ( 'NONE',  ( -6.000000000000000888, 1.734723475976807094E-15, 1.734723475976807094E-15 ) ) ;
#208 = CIRCLE ( 'NONE', #1303, 7.500000000000003553 ) ;
#209 = EDGE_LOOP ( 'NONE', ( #1590, #379, #974, #1401 ) ) ;
#210 = LINE ( 'NONE', #1124, #1247 ) ;
#211 = CARTESIAN_POINT ( 'NONE',  ( -10.70000000000000107, 0.2999999999999986566, -5.000000000000000000 ) ) ;
#212 = PLANE ( 'NONE',  #900 ) ;
#213 = CARTESIAN_POINT ( 'NONE',  ( -4.656497115745567683, 7.500000000000001776, 1.343502884254437868 ) ) ;
#214 = EDGE_LOOP ( 'NONE', ( #1302, #248, #2456, #1926 ) ) ;
#215 = ADVANCED_FACE ( 'NONE', ( #1965 ), #2319, .F. ) ;
#216 = ORIENTED_EDGE ( 'NONE', *, *, #2169, .T. ) ;
#217 = AXIS2_PLACEMENT_3D ( 'NONE', #814, #2031, #826 ) ;
#218 = ORIENTED_EDGE ( 'NONE', *, *, #1748, .F. ) ;
#219 = CIRCLE ( 'NONE', #2294, 0.6999999999999940714 ) ;
#220 = ORIENTED_EDGE ( 'NONE', *, *, #2517, .F. ) ;
#221 = DIRECTION ( 'NONE',  ( -0.000000000000000000, -0.000000000000000000, -1.000000000000000000 ) ) ;
#222 = SURFACE_STYLE_FILL_AREA ( #1087 ) ;
#223 = DIRECTION ( 'NONE',  ( 1.000000000000000000, -1.156482317317871478E-16, 0.000000000000000000 ) ) ;
#224 = VERTEX_POINT ( 'NONE', #1703 ) ;
#225 = FACE_OUTER_BOUND ( 'NONE', #866, .T. ) ;
#226 = CARTESIAN_POINT ( 'NONE',  ( 1.533279269596184324, 2.099837808785359972, 4.799837808785357041 ) ) ;
#227 = ORIENTED_EDGE ( 'NONE', *, *, #761, .F. ) ;
#228 = DIRECTION ( 'NONE',  ( 0.000000000000000000, 1.000000000000000000, -0.000000000000000000 ) ) ;
#229 = CARTESIAN_POINT ( 'NONE',  ( 6.037659140991916754E-14, 7.199999999999995737, 5.000000000000000000 ) ) ;
#230 = CARTESIAN_POINT ( 'NONE',  ( -11.30000000000000071, 0.6999999999999987343, 5.000000000000000000 ) ) ;
#231 = CARTESIAN_POINT ( 'NONE',  ( 1.499999999999999334, 2.000000000000000444, 4.699999999999998401 ) ) ;
#232 = PLANE ( 'NONE',  #572 ) ;
#233 = ORIENTED_EDGE ( 'NONE', *, *, #185, .F. ) ;
#234 = DIRECTION ( 'NONE',  ( 1.000000000000000000, -1.156482317317871478E-16, -0.000000000000000000 ) ) ;
#235 = EDGE_CURVE ( 'NONE', #224, #794, #358, .T. ) ;
#236 = DIRECTION ( 'NONE',  ( 0.000000000000000000, 0.000000000000000000, 1.000000000000000000 ) ) ;
#237 = EDGE_CURVE ( 'NONE', #2259, #1617, #809, .T. ) ;
#238 = AXIS2_PLACEMENT_3D ( 'NONE', #2389, #654, #1640 ) ;
#239 = DIRECTION ( 'NONE',  ( 0.7071067811865489050, 0.000000000000000000, 0.7071067811865460184 ) ) ;
#240 = CARTESIAN_POINT ( 'NONE',  ( -4.699999999999996625, -0.6000000000000067502, 1.893927559865963103E-15 ) ) ;
#241 = VECTOR ( 'NONE', #1659, 1000.000000000000000 ) ;
#242 = ORIENTED_EDGE ( 'NONE', *, *, #314, .T. ) ;
#243 = ORIENTED_EDGE ( 'NONE', *, *, #477, .F. ) ;
#244 = AXIS2_PLACEMENT_3D ( 'NONE', #77, #1449, #540 ) ;
#245 = CONICAL_SURFACE ( 'NONE', #549, 0.6999999999999975131, 0.7853981633974498333 ) ;
#246 = PLANE ( 'NONE',  #1994 ) ;
#247 = DIRECTION ( 'NONE',  ( 0.000000000000000000, 0.000000000000000000, -1.000000000000000000 ) ) ;
#248 = ORIENTED_EDGE ( 'NONE', *, *, #643, .F. ) ;
#249 = VERTEX_POINT ( 'NONE', #138 ) ;
#250 = CARTESIAN_POINT ( 'NONE',  ( -10.70000000000000107, 1.299999999999998712, -4.699999999999998401 ) ) ;
#251 = FACE_OUTER_BOUND ( 'NONE', #1563, .T. ) ;
#252 = ORIENTED_EDGE ( 'NONE', *, *, #1915, .T. ) ;
#253 = CARTESIAN_POINT ( 'NONE',  ( -11.30000000000000071, 0.6999999999999987343, -5.000000000000000000 ) ) ;
#254 = DIRECTION ( 'NONE',  ( -0.000000000000000000, -0.000000000000000000, -1.000000000000000000 ) ) ;
#255 = VECTOR ( 'NONE', #537, 1000.000000000000000 ) ;
#256 = ORIENTED_EDGE ( 'NONE', *, *, #444, .T. ) ;
#257 = EDGE_CURVE ( 'NONE', #94, #2387, #26, .T. ) ;
#258 = DIRECTION ( 'NONE',  ( -0.000000000000000000, -0.000000000000000000, -1.000000000000000000 ) ) ;
#259 = ORIENTED_EDGE ( 'NONE', *, *, #616, .F. ) ;
#260 = DIRECTION ( 'NONE',  ( 1.156482317317871725E-16, 1.000000000000000000, -0.000000000000000000 ) ) ;
#261 = ORIENTED_EDGE ( 'NONE', *, *, #776, .T. ) ;
#262 = CARTESIAN_POINT ( 'NONE',  ( -12.30000000000000071, -0.3000000000000014877, -5.000000000000000000 ) ) ;
#263 = CARTESIAN_POINT ( 'NONE',  ( 0.000000000000000000, 0.000000000000000000, 4.699999999999998401 ) ) ;
#264 = AXIS2_PLACEMENT_3D ( 'NONE', #1161, #197, #1187 ) ;
#265 = LINE ( 'NONE', #115, #1086 ) ;
#266 = ORIENTED_EDGE ( 'NONE', *, *, #328, .T. ) ;
#267 = DIRECTION ( 'NONE',  ( 0.000000000000000000, 0.000000000000000000, 1.000000000000000000 ) ) ;
#268 = CIRCLE ( 'NONE', #2178, 7.500000000000003553 ) ;
#269 = VECTOR ( 'NONE', #221, 1000.000000000000000 ) ;
#270 = ORIENTED_EDGE ( 'NONE', *, *, #760, .T. ) ;
#271 = CARTESIAN_POINT ( 'NONE',  ( -29.99999999999997158, 0.5999999999999979794, -5.000000000000000000 ) ) ;
#272 = ORIENTED_EDGE ( 'NONE', *, *, #2547, .F. ) ;
#273 = EDGE_LOOP ( 'NONE', ( #686, #203, #2037, #103 ) ) ;
#274 = DIRECTION ( 'NONE',  ( -1.000000000000000000, 0.000000000000000000, 0.000000000000000000 ) ) ;
#275 = DIRECTION ( 'NONE',  ( -0.000000000000000000, -1.000000000000000000, -0.000000000000000000 ) ) ;
#276 = AXIS2_PLACEMENT_3D ( 'NONE', #917, #1692, #318 ) ;
#277 = ORIENTED_EDGE ( 'NONE', *, *, #2062, .T. ) ;
#278 = ADVANCED_FACE ( 'NONE', ( #449 ), #1306, .F. ) ;
#279 = CYLINDRICAL_SURFACE ( 'NONE', #1727, 1.300000000000002487 ) ;
#280 = DIRECTION ( 'NONE',  ( 0.000000000000000000, 1.000000000000000000, 0.000000000000000000 ) ) ;
#281 = EDGE_CURVE ( 'NONE', #1425, #665, #265, .T. ) ;
#282 = ORIENTED_EDGE ( 'NONE', *, *, #410, .F. ) ;
#283 = DIRECTION ( 'NONE',  ( -0.000000000000000000, -0.000000000000000000, -1.000000000000000000 ) ) ;
#284 = LINE ( 'NONE', #2523, #1039 ) ;
#285 = DIRECTION ( 'NONE',  ( 0.000000000000000000, -1.000000000000000000, 0.000000000000000000 ) ) ;
#286 = EDGE_CURVE ( 'NONE', #1165, #376, #1786, .T. ) ;
#287 = VERTEX_POINT ( 'NONE', #749 ) ;
#288 = DIRECTION ( 'NONE',  ( -0.000000000000000000, -0.000000000000000000, -1.000000000000000000 ) ) ;
#289 = DIRECTION ( 'NONE',  ( 8.726060094946034145E-17, -0.7071067811865476838, 0.7071067811865474617 ) ) ;
#290 = DIRECTION ( 'NONE',  ( 1.000000000000000000, 0.000000000000000000, 0.000000000000000000 ) ) ;
#291 = CARTESIAN_POINT ( 'NONE',  ( -5.999999999999998224, -7.500000000000001776, -1.600000000000004086 ) ) ;
#292 = ORIENTED_EDGE ( 'NONE', *, *, #2298, .F. ) ;
#293 = PLANE ( 'NONE',  #67 ) ;
#294 = CARTESIAN_POINT ( 'NONE',  ( -7.131370849898484465, -0.3000000000000008216, 1.131370849898475583 ) ) ;
#295 = VECTOR ( 'NONE', #2166, 1000.000000000000000 ) ;
#296 = CARTESIAN_POINT ( 'NONE',  ( -2.734958866235468466, -0.6000000000000003109, 4.699999999999998401 ) ) ;
#297 = DIRECTION ( 'NONE',  ( 0.000000000000000000, -1.000000000000000000, 0.000000000000000000 ) ) ;
#298 = CARTESIAN_POINT ( 'NONE',  ( -7.343502884254432317, 0.2999999999999991007, 1.343502884254438978 ) ) ;
#299 = AXIS2_PLACEMENT_3D ( 'NONE', #2337, #2149, #958 ) ;
#300 = VECTOR ( 'NONE', #853, 1000.000000000000114 ) ;
#301 = CARTESIAN_POINT ( 'NONE',  ( -11.40000000000000036, 6.500000000000001776, -5.000000000000000000 ) ) ;
#302 = LINE ( 'NONE', #1477, #144 ) ;
#303 = SURFACE_STYLE_USAGE ( .BOTH. , #137 ) ;
#304 = ORIENTED_EDGE ( 'NONE', *, *, #1862, .F. ) ;
#305 = DIRECTION ( 'NONE',  ( 0.000000000000000000, -0.7071067811865475727, -0.7071067811865474617 ) ) ;
#306 = ORIENTED_EDGE ( 'NONE', *, *, #1664, .T. ) ;
#307 = ADVANCED_FACE ( 'NONE', ( #2019 ), #911, .F. ) ;
#308 = DIRECTION ( 'NONE',  ( 1.000000000000000000, 1.204669080539449344E-16, -0.000000000000000000 ) ) ;
#309 = LINE ( 'NONE', #30, #466 ) ;
#310 = VERTEX_POINT ( 'NONE', #1089 ) ;
#311 = PLANE ( 'NONE',  #1573 ) ;
#312 = ORIENTED_EDGE ( 'NONE', *, *, #1826, .T. ) ;
#313 = DIRECTION ( 'NONE',  ( -0.000000000000000000, -0.000000000000000000, -1.000000000000000000 ) ) ;
#314 = EDGE_CURVE ( 'NONE', #2000, #62, #989, .T. ) ;
#315 = ADVANCED_FACE ( 'NONE', ( #1436 ), #709, .T. ) ;
#316 = DIRECTION ( 'NONE',  ( -0.000000000000000000, -0.000000000000000000, -1.000000000000000000 ) ) ;
#317 = VECTOR ( 'NONE', #2096, 1000.000000000000000 ) ;
#318 = DIRECTION ( 'NONE',  ( 0.000000000000000000, 0.000000000000000000, -1.000000000000000000 ) ) ;
#319 = ORIENTED_EDGE ( 'NONE', *, *, #2383, .F. ) ;
#320 = ADVANCED_FACE ( 'NONE', ( #2147 ), #2499, .T. ) ;
#321 = ORIENTED_EDGE ( 'NONE', *, *, #1768, .T. ) ;
#322 = DIRECTION ( 'NONE',  ( -0.000000000000000000, -0.000000000000000000, -1.000000000000000000 ) ) ;
#323 = VECTOR ( 'NONE', #2099, 999.9999999999998863 ) ;
#324 = CIRCLE ( 'NONE', #121, 1.600000000000005862 ) ;
#325 = AXIS2_PLACEMENT_3D ( 'NONE', #1843, #2438, #657 ) ;
#326 = CARTESIAN_POINT ( 'NONE',  ( -12.60000000000000142, 6.500000000000002665, -5.000000000000000000 ) ) ;
#327 = ORIENTED_EDGE ( 'NONE', *, *, #685, .T. ) ;
#328 = EDGE_CURVE ( 'NONE', #794, #836, #110, .T. ) ;
#329 = CARTESIAN_POINT ( 'NONE',  ( -12.30000000000000071, 6.500000000000002665, 4.699999999999998401 ) ) ;
#330 = CIRCLE ( 'NONE', #1660, 0.2999999999999999334 ) ;
#331 = PLANE ( 'NONE',  #622 ) ;
#332 = CARTESIAN_POINT ( 'NONE',  ( -29.99999999999997158, 0.000000000000000000, 5.000000000000000000 ) ) ;
#333 = CONICAL_SURFACE ( 'NONE', #101, 1.300000000000006040, 0.7853981633974554954 ) ;
#334 = ADVANCED_FACE ( 'NONE', ( #1966 ), #698, .F. ) ;
#335 = ORIENTED_EDGE ( 'NONE', *, *, #465, .T. ) ;
#336 = DIRECTION ( 'NONE',  ( 0.000000000000000000, 0.000000000000000000, -1.000000000000000000 ) ) ;
#337 = PLANE ( 'NONE',  #1834 ) ;
#338 = ORIENTED_EDGE ( 'NONE', *, *, #235, .T. ) ;
#339 = EDGE_LOOP ( 'NONE', ( #400, #2097, #405, #1597 ) ) ;
#340 = DIRECTION ( 'NONE',  ( -1.000000000000000000, 0.000000000000000000, 0.000000000000000000 ) ) ;
#341 = ORIENTED_EDGE ( 'NONE', *, *, #1709, .T. ) ;
#342 = CIRCLE ( 'NONE', #1478, 1.600000000000005862 ) ;
#343 = DIRECTION ( 'NONE',  ( -1.000000000000000000, 0.000000000000000000, 0.000000000000000000 ) ) ;
#344 = CARTESIAN_POINT ( 'NONE',  ( -10.70000000000000107, 6.500000000000001776, -4.699999999999998401 ) ) ;
#345 = LINE ( 'NONE', #139, #255 ) ;
#346 = ORIENTED_EDGE ( 'NONE', *, *, #1888, .F. ) ;
#347 = AXIS2_PLACEMENT_3D ( 'NONE', #2243, #483, #1853 ) ;
#348 = EDGE_CURVE ( 'NONE', #2110, #836, #2233, .T. ) ;
#349 = ADVANCED_FACE ( 'NONE', ( #1694 ), #925, .T. ) ;
#350 = DIRECTION ( 'NONE',  ( 1.000000000000000000, 0.000000000000000000, 0.000000000000000000 ) ) ;
#351 = DIRECTION ( 'NONE',  ( -0.7071067811865495711, 0.000000000000000000, -0.7071067811865454633 ) ) ;
#352 = EDGE_CURVE ( 'NONE', #1728, #1062, #666, .T. ) ;
#353 = CARTESIAN_POINT ( 'NONE',  ( -13.29999999999999893, 7.500000000000002665, -4.699999999999998401 ) ) ;
#354 = ORIENTED_EDGE ( 'NONE', *, *, #237, .F. ) ;
#355 = DIRECTION ( 'NONE',  ( -0.000000000000000000, -0.000000000000000000, -1.000000000000000000 ) ) ;
#356 = CONICAL_SURFACE ( 'NONE', #1140, 0.3000000000000055400, 0.7853981633974547183 ) ;
#357 = CIRCLE ( 'NONE', #1041, 1.300000000000002487 ) ;
#358 = CIRCLE ( 'NONE', #2367, 1.599999999999999867 ) ;
#359 = LINE ( 'NONE', #683, #2380 ) ;
#360 = PLANE ( 'NONE',  #2288 ) ;
#361 = CARTESIAN_POINT ( 'NONE',  ( -6.000000000000000888, 0.5999999999999920952, 1.734723475976807094E-15 ) ) ;
#362 = DIRECTION ( 'NONE',  ( 0.000000000000000000, 0.000000000000000000, 1.000000000000000000 ) ) ;
#363 = EDGE_CURVE ( 'NONE', #287, #589, #388, .T. ) ;
#364 = CARTESIAN_POINT ( 'NONE',  ( -11.30000000000000071, 0.6999999999999987343, 5.000000000000000000 ) ) ;
#365 = EDGE_CURVE ( 'NONE', #768, #1425, #2286, .T. ) ;
#366 = EDGE_CURVE ( 'NONE', #1429, #9, #2413, .T. ) ;
#367 = EDGE_LOOP ( 'NONE', ( #661, #1559, #2209, #2516, #95 ) ) ;
#368 = DIRECTION ( 'NONE',  ( -8.726060094945977446E-17, 0.7071067811865431318, 0.7071067811865520136 ) ) ;
#369 = CIRCLE ( 'NONE', #111, 2.800000000000005596 ) ;
#370 = ORIENTED_EDGE ( 'NONE', *, *, #696, .T. ) ;
#371 = CARTESIAN_POINT ( 'NONE',  ( -10.70000000000000107, 7.200000000000000178, -5.000000000000000000 ) ) ;
#372 = CARTESIAN_POINT ( 'NONE',  ( -4.868629150101526193, 1.734723475976807094E-15, 1.131370849898479580 ) ) ;
#373 = ORIENTED_EDGE ( 'NONE', *, *, #956, .F. ) ;
#374 = DIRECTION ( 'NONE',  ( 1.000000000000000000, 0.000000000000000000, 0.000000000000000000 ) ) ;
#375 = LINE ( 'NONE', #2236, #594 ) ;
#376 = VERTEX_POINT ( 'NONE', #390 ) ;
#377 = DIRECTION ( 'NONE',  ( -1.251002506714043540E-16, 1.000000000000000000, -0.000000000000000000 ) ) ;
#378 = AXIS2_PLACEMENT_3D ( 'NONE', #918, #1125, #948 ) ;
#379 = ORIENTED_EDGE ( 'NONE', *, *, #1328, .F. ) ;
#380 = EDGE_CURVE ( 'NONE', #2008, #565, #1505, .T. ) ;
#381 = LINE ( 'NONE', #890, #1859 ) ;
#382 = CARTESIAN_POINT ( 'NONE',  ( -10.70000000000000107, 6.500000000000001776, -5.000000000000000000 ) ) ;
#383 = ADVANCED_FACE ( 'NONE', ( #2115, #1636 ), #1940, .F. ) ;
#384 = EDGE_LOOP ( 'NONE', ( #514, #2469, #2341, #605 ) ) ;
#385 = DIRECTION ( 'NONE',  ( 1.000000000000000000, 0.000000000000000000, 0.000000000000000000 ) ) ;
#386 = PLANE ( 'NONE',  #1753 ) ;
#387 = LINE ( 'NONE', #904, #1019 ) ;
#388 = CIRCLE ( 'NONE', #752, 0.6999999999999940714 ) ;
#389 = CARTESIAN_POINT ( 'NONE',  ( -29.99999999999997158, 0.5999999999999979794, -5.000000000000000000 ) ) ;
#390 = CARTESIAN_POINT ( 'NONE',  ( -11.70000000000000107, 6.500000000000001776, 4.699999999999998401 ) ) ;
#391 = DIRECTION ( 'NONE',  ( 0.7071067811865431318, 0.000000000000000000, -0.7071067811865517916 ) ) ;
#392 = AXIS2_PLACEMENT_3D ( 'NONE', #1091, #2493, #1726 ) ;
#393 = VECTOR ( 'NONE', #2192, 1000.000000000000000 ) ;
#394 = ORIENTED_EDGE ( 'NONE', *, *, #1013, .F. ) ;
#395 = CARTESIAN_POINT ( 'NONE',  ( -28.39999999999997016, 1.959434878635767449E-16, 5.000000000000000000 ) ) ;
#396 = ORIENTED_EDGE ( 'NONE', *, *, #813, .T. ) ;
#397 = ORIENTED_EDGE ( 'NONE', *, *, #1295, .F. ) ;
#398 = CARTESIAN_POINT ( 'NONE',  ( -6.843502884254419882, 0.2999999999999991562, 1.843502884254449414 ) ) ;
#399 = EDGE_CURVE ( 'NONE', #2008, #2405, #2177, .T. ) ;
#400 = ORIENTED_EDGE ( 'NONE', *, *, #1937, .F. ) ;
#401 = CYLINDRICAL_SURFACE ( 'NONE', #906, 1.599999999999999867 ) ;
#402 = DIRECTION ( 'NONE',  ( 0.000000000000000000, 0.000000000000000000, -1.000000000000000000 ) ) ;
#403 = EDGE_LOOP ( 'NONE', ( #470, #854, #261, #1118, #567 ) ) ;
#404 = CIRCLE ( 'NONE', #530, 7.500000000000000888 ) ;
#405 = ORIENTED_EDGE ( 'NONE', *, *, #946, .F. ) ;
#406 = PLANE ( 'NONE',  #485 ) ;
#407 = CARTESIAN_POINT ( 'NONE',  ( -7.131370849898473807, 7.200000000000005507, 1.131370849898479802 ) ) ;
#408 = AXIS2_PLACEMENT_3D ( 'NONE', #1145, #2518, #1329 ) ;
#409 = FACE_BOUND ( 'NONE', #875, .T. ) ;
#410 = EDGE_CURVE ( 'NONE', #653, #451, #1725, .T. ) ;
#411 = ORIENTED_EDGE ( 'NONE', *, *, #156, .F. ) ;
#412 = FACE_OUTER_BOUND ( 'NONE', #2524, .T. ) ;
#413 = EDGE_CURVE ( 'NONE', #2063, #1784, #179, .T. ) ;
#414 = CARTESIAN_POINT ( 'NONE',  ( -7.300000000000000711, -7.199999999999998401, 1.734723475976807094E-15 ) ) ;
#415 = EDGE_LOOP ( 'NONE', ( #570, #1314, #1090, #397 ) ) ;
#416 = CARTESIAN_POINT ( 'NONE',  ( 0.000000000000000000, 0.000000000000000000, -4.699999999999998401 ) ) ;
#417 = DIRECTION ( 'NONE',  ( -1.000000000000000000, 0.000000000000000000, 0.000000000000000000 ) ) ;
#418 = VECTOR ( 'NONE', #640, 1000.000000000000114 ) ;
#419 = CARTESIAN_POINT ( 'NONE',  ( -28.39999999999997016, 1.959434878635768681E-16, 4.699999999999999289 ) ) ;
#420 = CIRCLE ( 'NONE', #2237, 1.900000000000012790 ) ;
#421 = VECTOR ( 'NONE', #297, 1000.000000000000000 ) ;
#422 = DIRECTION ( 'NONE',  ( 5.859635980526877664E-15, -0.7071067811865515695, -0.7071067811865434649 ) ) ;
#423 = EDGE_LOOP ( 'NONE', ( #122, #1647 ) ) ;
#424 = LINE ( 'NONE', #2208, #1093 ) ;
#425 = CARTESIAN_POINT ( 'NONE',  ( -4.868629150101509317, -7.500000000000001776, 1.131370849898473363 ) ) ;
#426 = VERTEX_POINT ( 'NONE', #181 ) ;
#427 = AXIS2_PLACEMENT_3D ( 'NONE', #106, #1044, #490 ) ;
#428 = EDGE_CURVE ( 'NONE', #888, #1074, #86, .T. ) ;
#429 = EDGE_LOOP ( 'NONE', ( #306, #2021 ) ) ;
#430 = ORIENTED_EDGE ( 'NONE', *, *, #257, .T. ) ;
#431 = ORIENTED_EDGE ( 'NONE', *, *, #1295, .T. ) ;
#432 = DIRECTION ( 'NONE',  ( 1.000000000000000000, 0.000000000000000000, 0.000000000000000000 ) ) ;
#433 = CIRCLE ( 'NONE', #2210, 2.500000000000000000 ) ;
#434 = VERTEX_POINT ( 'NONE', #951 ) ;
#435 = PLANE ( 'NONE',  #1030 ) ;
#436 = CARTESIAN_POINT ( 'NONE',  ( -29.99999999999997158, 0.000000000000000000, 4.699999999999998401 ) ) ;
#437 = ORIENTED_EDGE ( 'NONE', *, *, #1835, .F. ) ;
#438 = CARTESIAN_POINT ( 'NONE',  ( -2.441927559138811432, -0.5357142857142860315, 4.699999999999998401 ) ) ;
#439 = DIRECTION ( 'NONE',  ( 1.000000000000000000, 1.204669080539449344E-16, 0.000000000000000000 ) ) ;
#440 = CARTESIAN_POINT ( 'NONE',  ( -11.70000000000000107, 0.2999999999999985456, 4.699999999999998401 ) ) ;
#441 = CARTESIAN_POINT ( 'NONE',  ( -5.999999999999995559, -7.199999999999998401, 1.838477631085038144 ) ) ;
#442 = ORIENTED_EDGE ( 'NONE', *, *, #723, .T. ) ;
#443 = DIRECTION ( 'NONE',  ( 0.7071067811865413555, 0.000000000000000000, 0.7071067811865536790 ) ) ;
#444 = EDGE_CURVE ( 'NONE', #967, #957, #840, .T. ) ;
#445 = VECTOR ( 'NONE', #171, 1000.000000000000114 ) ;
#446 = DIRECTION ( 'NONE',  ( -1.000000000000000000, -1.204669080539449344E-16, 0.000000000000000000 ) ) ;
#447 = CARTESIAN_POINT ( 'NONE',  ( -28.09999999999995879, 2.326828918379986649E-16, -5.000000000000000000 ) ) ;
#448 = LINE ( 'NONE', #915, #2276 ) ;
#449 = FACE_OUTER_BOUND ( 'NONE', #473, .T. ) ;
#450 = DIRECTION ( 'NONE',  ( -0.000000000000000000, -0.000000000000000000, -1.000000000000000000 ) ) ;
#451 = VERTEX_POINT ( 'NONE', #1592 ) ;
#452 = FACE_OUTER_BOUND ( 'NONE', #763, .T. ) ;
#453 = CARTESIAN_POINT ( 'NONE',  ( -29.99999999999993605, 7.200000000000002842, -5.000000000000000000 ) ) ;
#454 = ORIENTED_EDGE ( 'NONE', *, *, #1047, .F. ) ;
#455 = AXIS2_PLACEMENT_3D ( 'NONE', #2140, #944, #2322 ) ;
#456 = ADVANCED_FACE ( 'NONE', ( #635 ), #19, .T. ) ;
#457 = CARTESIAN_POINT ( 'NONE',  ( -6.919238815542517074, -0.6000000000000067502, 0.9192388155425104124 ) ) ;
#458 = DIRECTION ( 'NONE',  ( -0.000000000000000000, -0.000000000000000000, -1.000000000000000000 ) ) ;
#459 = EDGE_LOOP ( 'NONE', ( #143, #1548, #1132, #319 ) ) ;
#460 = ORIENTED_EDGE ( 'NONE', *, *, #352, .T. ) ;
#461 = EDGE_CURVE ( 'NONE', #2004, #2239, #1023, .T. ) ;
#462 = DIRECTION ( 'NONE',  ( -0.4999999999999986122, -0.7071067811865483499, 0.5000000000000002220 ) ) ;
#463 = ORIENTED_EDGE ( 'NONE', *, *, #2062, .F. ) ;
#464 = EDGE_CURVE ( 'NONE', #957, #83, #1604, .T. ) ;
#465 = EDGE_CURVE ( 'NONE', #1666, #2004, #1963, .T. ) ;
#466 = VECTOR ( 'NONE', #1807, 1000.000000000000114 ) ;
#467 = EDGE_LOOP ( 'NONE', ( #609, #2172, #1482, #821 ) ) ;
#468 = DIRECTION ( 'NONE',  ( -0.000000000000000000, -0.000000000000000000, -1.000000000000000000 ) ) ;
#469 = CYLINDRICAL_SURFACE ( 'NONE', #1809, 1.599999999999999867 ) ;
#470 = ORIENTED_EDGE ( 'NONE', *, *, #2252, .T. ) ;
#471 = CARTESIAN_POINT ( 'NONE',  ( -29.99999999999997158, 0.000000000000000000, -5.000000000000000000 ) ) ;
#472 = CARTESIAN_POINT ( 'NONE',  ( 1.565514278453073782, 2.199851652956615666, -4.899851652956613179 ) ) ;
#473 = EDGE_LOOP ( 'NONE', ( #312, #98, #2358, #1554 ) ) ;
#474 = ORIENTED_EDGE ( 'NONE', *, *, #2120, .F. ) ;
#475 = DIRECTION ( 'NONE',  ( 0.000000000000000000, 0.000000000000000000, -1.000000000000000000 ) ) ;
#476 = AXIS2_PLACEMENT_3D ( 'NONE', #1309, #505, #118 ) ;
#477 = EDGE_CURVE ( 'NONE', #18, #2405, #324, .T. ) ;
#478 = LINE ( 'NONE', #1063, #607 ) ;
#479 = DIRECTION ( 'NONE',  ( 1.000000000000000000, 0.000000000000000000, 0.000000000000000000 ) ) ;
#480 = CIRCLE ( 'NONE', #1403, 2.500000000000000000 ) ;
#481 = CONICAL_SURFACE ( 'NONE', #1024, 0.6999999999999992895, 0.7853981633974482790 ) ;
#482 = VERTEX_POINT ( 'NONE', #1178 ) ;
#483 = DIRECTION ( 'NONE',  ( -8.177564888977996636E-17, -0.7071067811865475727, 0.7071067811865475727 ) ) ;
#484 = DIRECTION ( 'NONE',  ( 1.000000000000000000, 0.000000000000000000, 0.000000000000000000 ) ) ;
#485 = AXIS2_PLACEMENT_3D ( 'NONE', #1797, #1379, #239 ) ;
#486 = VECTOR ( 'NONE', #109, 1000.000000000000000 ) ;
#487 = CARTESIAN_POINT ( 'NONE',  ( -13.29999999999999893, 7.200000000000001066, -5.000000000000000000 ) ) ;
#488 = DIRECTION ( 'NONE',  ( -0.000000000000000000, -0.000000000000000000, -1.000000000000000000 ) ) ;
#489 = ORIENTED_EDGE ( 'NONE', *, *, #1920, .T. ) ;
#490 = DIRECTION ( 'NONE',  ( 1.000000000000000000, 0.000000000000000000, 0.000000000000000000 ) ) ;
#491 = LINE ( 'NONE', #1341, #8 ) ;
#492 = CARTESIAN_POINT ( 'NONE',  ( -29.99999999999997158, -0.6000000000000053069, -5.000000000000000000 ) ) ;
#493 = ORIENTED_EDGE ( 'NONE', *, *, #1815, .F. ) ;
#494 = CARTESIAN_POINT ( 'NONE',  ( -7.131370849898484465, -0.3000000000000008216, 1.131370849898475806 ) ) ;
#495 = EDGE_CURVE ( 'NONE', #888, #1421, #513, .T. ) ;
#496 = EDGE_LOOP ( 'NONE', ( #1452, #747, #2312, #2248 ) ) ;
#497 = CARTESIAN_POINT ( 'NONE',  ( -10.70000000000000107, 0.2999999999999986566, 4.699999999999998401 ) ) ;
#498 = FACE_OUTER_BOUND ( 'NONE', #64, .T. ) ;
#499 = EDGE_CURVE ( 'NONE', #2457, #1676, #961, .T. ) ;
#500 = ORIENTED_EDGE ( 'NONE', *, *, #1232, .F. ) ;
#501 = CARTESIAN_POINT ( 'NONE',  ( 0.000000000000000000, 0.000000000000000000, -5.000000000000000000 ) ) ;
#502 = AXIS2_PLACEMENT_3D ( 'NONE', #959, #1157, #199 ) ;
#503 = DIRECTION ( 'NONE',  ( -0.000000000000000000, -0.000000000000000000, 1.000000000000000000 ) ) ;
#504 = DIRECTION ( 'NONE',  ( 0.4999999999999991673, -0.7071067811865516806, -0.4999999999999948375 ) ) ;
#505 = DIRECTION ( 'NONE',  ( -0.000000000000000000, -0.000000000000000000, 1.000000000000000000 ) ) ;
#506 = CARTESIAN_POINT ( 'NONE',  ( -5.080761184457477597, -7.199999999999998401, 0.9192388155425080809 ) ) ;
#507 = UNCERTAINTY_MEASURE_WITH_UNIT (LENGTH_MEASURE( 1.000000000000000082E-05 ), #707, 'distance_accuracy_value', 'NONE');
#508 = FACE_OUTER_BOUND ( 'NONE', #950, .T. ) ;
#509 = EDGE_CURVE ( 'NONE', #2130, #2452, #1372, .T. ) ;
#510 = ADVANCED_FACE ( 'NONE', ( #2347 ), #212, .F. ) ;
#511 = DIRECTION ( 'NONE',  ( 1.000000000000000000, 1.234051253235533540E-16, 0.000000000000000000 ) ) ;
#512 = VECTOR ( 'NONE', #285, 1000.000000000000000 ) ;
#513 = LINE ( 'NONE', #2357, #548 ) ;
#514 = ORIENTED_EDGE ( 'NONE', *, *, #924, .T. ) ;
#515 = ADVANCED_FACE ( 'NONE', ( #1988 ), #406, .F. ) ;
#516 = DIRECTION ( 'NONE',  ( 0.7071067811865564545, 8.659560562355043792E-17, -0.7071067811865386910 ) ) ;
#517 = DIRECTION ( 'NONE',  ( -1.000000000000000000, 0.000000000000000000, 0.000000000000000000 ) ) ;
#518 = AXIS2_PLACEMENT_3D ( 'NONE', #1205, #1788, #1394 ) ;
#519 = FACE_OUTER_BOUND ( 'NONE', #339, .T. ) ;
#520 = DIRECTION ( 'NONE',  ( -0.4999999999999967248, -0.7071067811865516806, -0.4999999999999972244 ) ) ;
#521 = ORIENTED_EDGE ( 'NONE', *, *, #1275, .F. ) ;
#522 = VERTEX_POINT ( 'NONE', #46 ) ;
#523 = DIRECTION ( 'NONE',  ( -2.756246517149766668E-15, 0.5773502691896315042, 0.8164965809277220377 ) ) ;
#524 = ORIENTED_EDGE ( 'NONE', *, *, #865, .F. ) ;
#525 = ADVANCED_FACE ( 'NONE', ( #1839 ), #435, .F. ) ;
#526 = EDGE_LOOP ( 'NONE', ( #2053, #1733, #1929, #1484 ) ) ;
#527 = CARTESIAN_POINT ( 'NONE',  ( -5.999999999999998224, -7.500000000000000000, 1.734723475976807094E-15 ) ) ;
#528 = DIRECTION ( 'NONE',  ( -0.000000000000000000, -0.000000000000000000, -1.000000000000000000 ) ) ;
#529 = LINE ( 'NONE', #613, #2395 ) ;
#530 = AXIS2_PLACEMENT_3D ( 'NONE', #1336, #161, #1543 ) ;
#531 = ORIENTED_EDGE ( 'NONE', *, *, #2081, .F. ) ;
#532 = ADVANCED_FACE ( 'NONE', ( #1155 ), #1240, .T. ) ;
#533 = CARTESIAN_POINT ( 'NONE',  ( -11.39999999999999680, 6.500000000000001776, 5.000000000000000000 ) ) ;
#534 = LINE ( 'NONE', #972, #1745 ) ;
#535 = VERTEX_POINT ( 'NONE', #1025 ) ;
#536 = DIRECTION ( 'NONE',  ( 0.000000000000000000, 0.000000000000000000, 1.000000000000000000 ) ) ;
#537 = DIRECTION ( 'NONE',  ( -1.000000000000000000, 1.156482317317871478E-16, 0.000000000000000000 ) ) ;
#538 = EDGE_CURVE ( 'NONE', #1062, #1820, #788, .T. ) ;
#539 = CARTESIAN_POINT ( 'NONE',  ( -5.999999999999999112, 7.200000000000005507, 2.262741699796948946 ) ) ;
#540 = DIRECTION ( 'NONE',  ( 0.000000000000000000, 0.000000000000000000, 1.000000000000000000 ) ) ;
#541 = EDGE_LOOP ( 'NONE', ( #117, #1685, #1515, #1721, #1983, #806, #920, #993, #2060, #793, #2373, #1164, #164, #327, #2293, #1106, #1194, #1282 ) ) ;
#542 = ORIENTED_EDGE ( 'NONE', *, *, #1998, .T. ) ;
#543 = ORIENTED_EDGE ( 'NONE', *, *, #895, .T. ) ;
#544 = DIRECTION ( 'NONE',  ( 1.000000000000000000, 0.000000000000000000, 0.000000000000000000 ) ) ;
#545 = CARTESIAN_POINT ( 'NONE',  ( -29.99999999999997158, 0.000000000000000000, 5.000000000000000000 ) ) ;
#546 = CYLINDRICAL_SURFACE ( 'NONE', #1982, 1.000000000000000888 ) ;
#547 = ADVANCED_FACE ( 'NONE', ( #2082 ), #898, .T. ) ;
#548 = VECTOR ( 'NONE', #2375, 1000.000000000000000 ) ;
#549 = AXIS2_PLACEMENT_3D ( 'NONE', #1351, #579, #1954 ) ;
#550 = LINE ( 'NONE', #2401, #148 ) ;
#551 = DIRECTION ( 'NONE',  ( -0.000000000000000000, -0.000000000000000000, 1.000000000000000000 ) ) ;
#552 = CARTESIAN_POINT ( 'NONE',  ( -2.441927559138811432, 0.5357142857142854764, -4.699999999999998401 ) ) ;
#553 = EDGE_LOOP ( 'NONE', ( #1775, #1947, #1878, #2432 ) ) ;
#554 = EDGE_CURVE ( 'NONE', #1847, #2343, #208, .T. ) ;
#555 = EDGE_CURVE ( 'NONE', #2343, #1945, #1667, .T. ) ;
#556 = FACE_OUTER_BOUND ( 'NONE', #1618, .T. ) ;
#557 = FACE_OUTER_BOUND ( 'NONE', #1456, .T. ) ;
#558 = CARTESIAN_POINT ( 'NONE',  ( -6.843502884254419882, 0.2999999999999991562, 1.843502884254449414 ) ) ;
#559 = ORIENTED_EDGE ( 'NONE', *, *, #495, .T. ) ;
#560 = CYLINDRICAL_SURFACE ( 'NONE', #2220, 1.000000000000000888 ) ;
#561 = SURFACE_STYLE_USAGE ( .BOTH. , #2535 ) ;
#562 = EDGE_LOOP ( 'NONE', ( #1893, #531, #1570, #1396, #193, #1662 ) ) ;
#563 = ADVANCED_FACE ( 'NONE', ( #1898 ), #356, .T. ) ;
#564 = CARTESIAN_POINT ( 'NONE',  ( -10.70000000000000107, 1.299999999999998712, 5.000000000000000000 ) ) ;
#565 = VERTEX_POINT ( 'NONE', #457 ) ;
#566 = CARTESIAN_POINT ( 'NONE',  ( -6.919238815542515297, -18.80000000000000782, 0.9192388155425104124 ) ) ;
#567 = ORIENTED_EDGE ( 'NONE', *, *, #328, .F. ) ;
#568 = VECTOR ( 'NONE', #2531, 1000.000000000000000 ) ;
#569 = CIRCLE ( 'NONE', #1894, 7.199999999999998401 ) ;
#570 = ORIENTED_EDGE ( 'NONE', *, *, #1281, .T. ) ;
#571 = DIRECTION ( 'NONE',  ( 1.000000000000000000, 0.000000000000000000, 0.000000000000000000 ) ) ;
#572 = AXIS2_PLACEMENT_3D ( 'NONE', #1419, #2212, #1624 ) ;
#573 = CARTESIAN_POINT ( 'NONE',  ( -6.000000000000000888, 0.5999999999999920952, 1.734723475976807094E-15 ) ) ;
#574 = DIRECTION ( 'NONE',  ( 0.7071067811865449082, 0.000000000000000000, 0.7071067811865502373 ) ) ;
#575 = AXIS2_PLACEMENT_3D ( 'NONE', #558, #2464, #1289 ) ;
#576 = DIRECTION ( 'NONE',  ( 1.156482317317871725E-16, 1.000000000000000000, -0.000000000000000000 ) ) ;
#577 = DIRECTION ( 'NONE',  ( 1.156482317317871725E-16, 1.000000000000000000, -0.000000000000000000 ) ) ;
#578 = EDGE_LOOP ( 'NONE', ( #727, #1229, #1974, #901 ) ) ;
#579 = DIRECTION ( 'NONE',  ( 0.000000000000000000, 0.000000000000000000, 1.000000000000000000 ) ) ;
#580 = CARTESIAN_POINT ( 'NONE',  ( -13.29999999999999893, 6.500000000000002665, 5.000000000000000000 ) ) ;
#581 = CARTESIAN_POINT ( 'NONE',  ( -10.70000000000000107, 7.500000000000001776, -4.699999999999998401 ) ) ;
#582 = VECTOR ( 'NONE', #1153, 1000.000000000000000 ) ;
#583 = ORIENTED_EDGE ( 'NONE', *, *, #1047, .T. ) ;
#584 = DIRECTION ( 'NONE',  ( -0.5000000000000026645, 0.7071067811865465735, 0.4999999999999988343 ) ) ;
#585 = LINE ( 'NONE', #692, #241 ) ;
#586 = EDGE_CURVE ( 'NONE', #1242, #1713, #608, .T. ) ;
#587 = EDGE_LOOP ( 'NONE', ( #1252, #1941, #2429, #1710 ) ) ;
#588 = ORIENTED_EDGE ( 'NONE', *, *, #1768, .F. ) ;
#589 = VERTEX_POINT ( 'NONE', #1440 ) ;
#590 = CARTESIAN_POINT ( 'NONE',  ( -29.99999999999993605, -7.500000000000004441, 4.699999999999998401 ) ) ;
#591 = VECTOR ( 'NONE', #2077, 1000.000000000000114 ) ;
#592 = ORIENTED_EDGE ( 'NONE', *, *, #464, .T. ) ;
#593 = DIRECTION ( 'NONE',  ( -1.000000000000000000, -1.156482317317871478E-16, 0.000000000000000000 ) ) ;
#594 = VECTOR ( 'NONE', #677, 1000.000000000000000 ) ;
#595 = ADVANCED_FACE ( 'NONE', ( #1863 ), #246, .F. ) ;
#596 = LINE ( 'NONE', #2324, #655 ) ;
#597 = CARTESIAN_POINT ( 'NONE',  ( -29.99999999999993605, -7.500000000000004441, -4.699999999999998401 ) ) ;
#598 = AXIS2_PLACEMENT_3D ( 'NONE', #1711, #2467, #1905 ) ;
#599 = VERTEX_POINT ( 'NONE', #1840 ) ;
#600 = EDGE_CURVE ( 'NONE', #1074, #2008, #1931, .T. ) ;
#601 = EDGE_CURVE ( 'NONE', #1646, #1728, #2440, .T. ) ;
#602 = CARTESIAN_POINT ( 'NONE',  ( -29.99999999999997158, -7.200000000000002842, -5.000000000000000000 ) ) ;
#603 = ORIENTED_EDGE ( 'NONE', *, *, #2433, .T. ) ;
#604 = CARTESIAN_POINT ( 'NONE',  ( -10.70000000000000107, 1.299999999999998712, -5.000000000000000000 ) ) ;
#605 = ORIENTED_EDGE ( 'NONE', *, *, #1634, .F. ) ;
#606 = ORIENTED_EDGE ( 'NONE', *, *, #1424, .T. ) ;
#607 = VECTOR ( 'NONE', #2040, 1000.000000000000000 ) ;
#608 = LINE ( 'NONE', #51, #2376 ) ;
#609 = ORIENTED_EDGE ( 'NONE', *, *, #1774, .T. ) ;
#610 = CARTESIAN_POINT ( 'NONE',  ( -4.368629150101516423, -7.500000000000001776, 0.6313708498984745843 ) ) ;
#611 = CARTESIAN_POINT ( 'NONE',  ( -2.734958866235468466, 0.5999999999999996447, 5.000000000000000000 ) ) ;
#612 = LINE ( 'NONE', #2463, #1544 ) ;
#613 = CARTESIAN_POINT ( 'NONE',  ( -1.499999999999999334, 2.000000000000000444, 5.000000000000000000 ) ) ;
#614 = FACE_OUTER_BOUND ( 'NONE', #43, .T. ) ;
#615 = AXIS2_PLACEMENT_3D ( 'NONE', #2321, #1754, #169 ) ;
#616 = EDGE_CURVE ( 'NONE', #981, #2496, #724, .T. ) ;
#617 = EDGE_LOOP ( 'NONE', ( #1420, #521, #454, #1615 ) ) ;
#618 = PLANE ( 'NONE',  #1163 ) ;
#619 = ADVANCED_FACE ( 'NONE', ( #1405 ), #1204, .T. ) ;
#620 = EDGE_LOOP ( 'NONE', ( #1799, #1278, #2075, #22 ) ) ;
#621 = CARTESIAN_POINT ( 'NONE',  ( -4.400000000000000355, 7.200000000000005507, 1.930666963840383568E-15 ) ) ;
#622 = AXIS2_PLACEMENT_3D ( 'NONE', #1107, #1930, #1298 ) ;
#623 = VECTOR ( 'NONE', #1742, 1000.000000000000000 ) ;
#624 = LINE ( 'NONE', #807, #2136 ) ;
#625 = ORIENTED_EDGE ( 'NONE', *, *, #1134, .F. ) ;
#626 = DIRECTION ( 'NONE',  ( -0.000000000000000000, -0.000000000000000000, 1.000000000000000000 ) ) ;
#627 = B_SPLINE_CURVE_WITH_KNOTS ( 'NONE', 3,
 ( #702, #2083, #729, #141 ),
 .UNSPECIFIED., .F., .F.,
 ( 4, 4 ),
 ( 0.000000000000000000, 0.0004351829192405490721 ),
 .UNSPECIFIED. ) ;
#628 = CARTESIAN_POINT ( 'NONE',  ( -29.99999999999997158, 7.199999999999999289, 5.000000000000000000 ) ) ;
#629 = EDGE_CURVE ( 'NONE', #146, #1507, #2124, .T. ) ;
#630 = CARTESIAN_POINT ( 'NONE',  ( -4.656497115745568571, 0.2999999999999994338, 1.343502884254438312 ) ) ;
#631 = ORIENTED_EDGE ( 'NONE', *, *, #1088, .T. ) ;
#632 = DIRECTION ( 'NONE',  ( 1.000000000000000000, 0.000000000000000000, 0.000000000000000000 ) ) ;
#633 = DIRECTION ( 'NONE',  ( 8.177564888977948565E-17, 0.7071067811865434649, 0.7071067811865515695 ) ) ;
#634 = FACE_OUTER_BOUND ( 'NONE', #1782, .T. ) ;
#635 = FACE_OUTER_BOUND ( 'NONE', #1383, .T. ) ;
#636 = EDGE_LOOP ( 'NONE', ( #848, #2489, #2391, #1849 ) ) ;
#637 = CARTESIAN_POINT ( 'NONE',  ( 5.966479205445898438E-14, -7.199999999999995737, 5.000000000000000000 ) ) ;
#638 = CARTESIAN_POINT ( 'NONE',  ( -11.39999999999999858, 1.299999999999998712, -5.000000000000000000 ) ) ;
#639 = AXIS2_PLACEMENT_3D ( 'NONE', #1892, #2277, #108 ) ;
#640 = DIRECTION ( 'NONE',  ( -0.7071067811865449082, -8.177564888977965821E-17, -0.7071067811865502373 ) ) ;
#641 = PLANE ( 'NONE',  #172 ) ;
#642 = CIRCLE ( 'NONE', #1790, 2.500000000000000000 ) ;
#643 = EDGE_CURVE ( 'NONE', #62, #2000, #876, .T. ) ;
#644 = ORIENTED_EDGE ( 'NONE', *, *, #1330, .F. ) ;
#645 = ORIENTED_EDGE ( 'NONE', *, *, #1388, .T. ) ;
#646 = EDGE_LOOP ( 'NONE', ( #644, #1655, #2479, #120 ) ) ;
#647 = DIRECTION ( 'NONE',  ( 1.000000000000000000, 0.000000000000000000, 0.000000000000000000 ) ) ;
#648 = LINE ( 'NONE', #839, #2520 ) ;
#649 = DIRECTION ( 'NONE',  ( -1.000000000000000000, 0.000000000000000000, 0.000000000000000000 ) ) ;
#650 = ORIENTED_EDGE ( 'NONE', *, *, #2020, .T. ) ;
#651 = CIRCLE ( 'NONE', #812, 1.600000000000004974 ) ;
#652 = AXIS2_PLACEMENT_3D ( 'NONE', #787, #13, #1196 ) ;
#653 = VERTEX_POINT ( 'NONE', #638 ) ;
#654 = DIRECTION ( 'NONE',  ( -1.156482317317871478E-16, 1.000000000000000000, 0.000000000000000000 ) ) ;
#655 = VECTOR ( 'NONE', #1964, 1000.000000000000114 ) ;
#656 = ORIENTED_EDGE ( 'NONE', *, *, #1378, .F. ) ;
#657 = DIRECTION ( 'NONE',  ( 1.000000000000000000, 0.000000000000000000, 0.000000000000000000 ) ) ;
#658 = CARTESIAN_POINT ( 'NONE',  ( -29.99999999999993605, -7.200000000000002842, -5.000000000000000000 ) ) ;
#659 = AXIS2_PLACEMENT_3D ( 'NONE', #344, #2338, #385 ) ;
#660 = ORIENTED_EDGE ( 'NONE', *, *, #1112, .F. ) ;
#661 = ORIENTED_EDGE ( 'NONE', *, *, #1526, .T. ) ;
#662 = ORIENTED_EDGE ( 'NONE', *, *, #366, .T. ) ;
#663 = CARTESIAN_POINT ( 'NONE',  ( -5.999999999999999112, -0.6000000000000067502, 1.734723475976807094E-15 ) ) ;
#664 = DIRECTION ( 'NONE',  ( 0.000000000000000000, 0.000000000000000000, 1.000000000000000000 ) ) ;
#665 = VERTEX_POINT ( 'NONE', #995 ) ;
#666 = LINE ( 'NONE', #1777, #147 ) ;
#667 = EDGE_CURVE ( 'NONE', #1666, #2160, #2206, .T. ) ;
#668 = ADVANCED_FACE ( 'NONE', ( #452 ), #560, .T. ) ;
#669 = CARTESIAN_POINT ( 'NONE',  ( -29.99999999999997158, 0.000000000000000000, -5.000000000000000000 ) ) ;
#670 = CARTESIAN_POINT ( 'NONE',  ( -6.000000000000000888, 0.5999999999999920952, -1.599999999999998090 ) ) ;
#671 = VECTOR ( 'NONE', #577, 1000.000000000000000 ) ;
#672 = VECTOR ( 'NONE', #2365, 1000.000000000000000 ) ;
#673 = PLANE ( 'NONE',  #347 ) ;
#674 = CARTESIAN_POINT ( 'NONE',  ( -1.533279269595172911, 2.099837808785520288, 4.799837808785516025 ) ) ;
#675 = ORIENTED_EDGE ( 'NONE', *, *, #1328, .T. ) ;
#676 = AXIS2_PLACEMENT_3D ( 'NONE', #1525, #503, #135 ) ;
#677 = DIRECTION ( 'NONE',  ( -1.442222014787660955E-15, 0.5773502691896295058, 0.8164965809277233699 ) ) ;
#678 = ORIENTED_EDGE ( 'NONE', *, *, #428, .T. ) ;
#679 = EDGE_CURVE ( 'NONE', #1541, #287, #1642, .T. ) ;
#680 = FACE_OUTER_BOUND ( 'NONE', #1581, .T. ) ;
#681 = DIRECTION ( 'NONE',  ( 0.000000000000000000, 0.000000000000000000, 1.000000000000000000 ) ) ;
#682 = EDGE_LOOP ( 'NONE', ( #1490, #1344, #2356 ) ) ;
#683 = CARTESIAN_POINT ( 'NONE',  ( 1.499999999999999334, 2.000000000000000444, 5.000000000000000000 ) ) ;
#684 = VERTEX_POINT ( 'NONE', #2023 ) ;
#685 = EDGE_CURVE ( 'NONE', #1425, #434, #2388, .T. ) ;
#686 = ORIENTED_EDGE ( 'NONE', *, *, #1750, .T. ) ;
#687 = CARTESIAN_POINT ( 'NONE',  ( -12.60000000000000675, 0.6999999999999987343, 5.000000000000000000 ) ) ;
#688 = PLANE ( 'NONE',  #719 ) ;
#689 = FACE_OUTER_BOUND ( 'NONE', #736, .T. ) ;
#690 = VERTEX_POINT ( 'NONE', #447 ) ;
#691 = DIRECTION ( 'NONE',  ( -0.000000000000000000, -0.000000000000000000, -1.000000000000000000 ) ) ;
#692 = CARTESIAN_POINT ( 'NONE',  ( 6.215082505672815080E-14, 7.500000000000000888, -4.699999999999998401 ) ) ;
#693 = ORIENTED_EDGE ( 'NONE', *, *, #926, .F. ) ;
#694 = CARTESIAN_POINT ( 'NONE',  ( -29.99999999999997158, -0.6000000000000053069, -5.000000000000000000 ) ) ;
#695 = AXIS2_PLACEMENT_3D ( 'NONE', #604, #14, #1980 ) ;
#696 = EDGE_CURVE ( 'NONE', #942, #2343, #424, .T. ) ;
#697 = CARTESIAN_POINT ( 'NONE',  ( -12.59999999999999964, 0.6999999999999987343, -5.000000000000000000 ) ) ;
#698 = CYLINDRICAL_SURFACE ( 'NONE', #2151, 1.300000000000002487 ) ;
#699 = CARTESIAN_POINT ( 'NONE',  ( 0.000000000000000000, 0.000000000000000000, 5.000000000000000000 ) ) ;
#700 = LINE ( 'NONE', #112, #1971 ) ;
#701 = ORIENTED_EDGE ( 'NONE', *, *, #1669, .T. ) ;
#702 = CARTESIAN_POINT ( 'NONE',  ( -1.499999999999999334, 2.000000000000000444, -4.699999999999998401 ) ) ;
#703 = DIRECTION ( 'NONE',  ( -0.000000000000000000, -0.000000000000000000, -1.000000000000000000 ) ) ;
#704 = ORIENTED_EDGE ( 'NONE', *, *, #509, .F. ) ;
#705 = VECTOR ( 'NONE', #488, 1000.000000000000000 ) ;
#706 = VERTEX_POINT ( 'NONE', #2394 ) ;
#707 =( LENGTH_UNIT ( ) NAMED_UNIT ( * ) SI_UNIT ( .MILLI., .METRE. ) );
#708 = CIRCLE ( 'NONE', #1825, 2.500000000000000000 ) ;
#709 = PLANE ( 'NONE',  #820 ) ;
#710 = EDGE_CURVE ( 'NONE', #968, #1097, #1060, .T. ) ;
#711 = VERTEX_POINT ( 'NONE', #1609 ) ;
#712 = LINE ( 'NONE', #1141, #194 ) ;
#713 = DIRECTION ( 'NONE',  ( -1.000000000000000000, 0.000000000000000000, 0.000000000000000000 ) ) ;
#714 = ORIENTED_EDGE ( 'NONE', *, *, #2301, .T. ) ;
#715 = CARTESIAN_POINT ( 'NONE',  ( -2.734958866235468466, 0.2999999999999996558, -4.699999999999998401 ) ) ;
#716 = DIRECTION ( 'NONE',  ( 0.4999999999999996669, 0.7071067811865466846, 0.5000000000000017764 ) ) ;
#717 = ORIENTED_EDGE ( 'NONE', *, *, #2094, .T. ) ;
#718 = ADVANCED_FACE ( 'NONE', ( #1159 ), #333, .F. ) ;
#719 = AXIS2_PLACEMENT_3D ( 'NONE', #492, #289, #868 ) ;
#720 = DIRECTION ( 'NONE',  ( -0.000000000000000000, -1.000000000000000000, -0.000000000000000000 ) ) ;
#721 = ORIENTED_EDGE ( 'NONE', *, *, #2252, .F. ) ;
#722 = ORIENTED_EDGE ( 'NONE', *, *, #1281, .F. ) ;
#723 = EDGE_CURVE ( 'NONE', #2451, #1242, #2419, .T. ) ;
#724 = CIRCLE ( 'NONE', #2470, 7.199999999999999289 ) ;
#725 = EDGE_CURVE ( 'NONE', #2452, #1507, #2513, .T. ) ;
#726 = CARTESIAN_POINT ( 'NONE',  ( 0.000000000000000000, 0.000000000000000000, 5.000000000000000000 ) ) ;
#727 = ORIENTED_EDGE ( 'NONE', *, *, #2205, .T. ) ;
#728 = CARTESIAN_POINT ( 'NONE',  ( -2.734958866235468466, -0.6000000000000018652, -5.000000000000000000 ) ) ;
#729 = CARTESIAN_POINT ( 'NONE',  ( -1.565514278453022490, 2.199851652956451353, -4.899851652956449755 ) ) ;
#730 = CARTESIAN_POINT ( 'NONE',  ( -5.999999999999996447, -0.6000000000000067502, 1.838477631085038144 ) ) ;
#731 = VECTOR ( 'NONE', #593, 1000.000000000000000 ) ;
#732 = CIRCLE ( 'NONE', #2061, 0.6999999999999992895 ) ;
#733 = ADVANCED_FACE ( 'NONE', ( #182, #2352 ), #1468, .F. ) ;
#734 = FACE_OUTER_BOUND ( 'NONE', #1331, .T. ) ;
#735 = ORIENTED_EDGE ( 'NONE', *, *, #1474, .F. ) ;
#736 = EDGE_LOOP ( 'NONE', ( #1283, #1422, #1830, #1313, #75 ) ) ;
#737 = CARTESIAN_POINT ( 'NONE',  ( -6.000000000000000888, 0.5999999999999920952, 1.734723475976807094E-15 ) ) ;
#738 = VERTEX_POINT ( 'NONE', #1999 ) ;
#739 = PLANE ( 'NONE',  #1958 ) ;
#740 = EDGE_LOOP ( 'NONE', ( #474, #1162, #2230, #1856 ) ) ;
#741 = DIRECTION ( 'NONE',  ( 1.156482317317871725E-16, 1.000000000000000000, -0.000000000000000000 ) ) ;
#742 = AXIS2_PLACEMENT_3D ( 'NONE', #726, #2138, #2303 ) ;
#743 = EDGE_CURVE ( 'NONE', #1678, #907, #1762, .T. ) ;
#744 = VERTEX_POINT ( 'NONE', #1458 ) ;
#745 = DIRECTION ( 'NONE',  ( 0.000000000000000000, 0.000000000000000000, 1.000000000000000000 ) ) ;
#746 = FACE_OUTER_BOUND ( 'NONE', #2282, .T. ) ;
#747 = ORIENTED_EDGE ( 'NONE', *, *, #2408, .F. ) ;
#748 = ADVANCED_BREP_SHAPE_REPRESENTATION ( 'Çú±ú', ( #955, #2437 ), #190 ) ;
#749 = CARTESIAN_POINT ( 'NONE',  ( -12.60000000000000675, 6.500000000000002665, 5.000000000000000000 ) ) ;
#750 = CARTESIAN_POINT ( 'NONE',  ( 0.8435028842544455285, 0.3000000000000000999, -4.156497115745551696 ) ) ;
#751 = CARTESIAN_POINT ( 'NONE',  ( -5.999999999999998224, -7.199999999999998401, -1.300000000000000711 ) ) ;
#752 = AXIS2_PLACEMENT_3D ( 'NONE', #580, #1956, #1571 ) ;
#753 = FILL_AREA_STYLE_COLOUR ( '', #2538 ) ;
#754 = FACE_OUTER_BOUND ( 'NONE', #2069, .T. ) ;
#755 = EDGE_LOOP ( 'NONE', ( #2486, #489, #714, #1621 ) ) ;
#756 = DIRECTION ( 'NONE',  ( 1.000000000000000000, -1.156482317317871478E-16, 0.000000000000000000 ) ) ;
#757 = CARTESIAN_POINT ( 'NONE',  ( 0.000000000000000000, 0.000000000000000000, 4.699999999999998401 ) ) ;
#758 = FACE_OUTER_BOUND ( 'NONE', #1238, .T. ) ;
#759 = VECTOR ( 'NONE', #1674, 1000.000000000000000 ) ;
#760 = EDGE_CURVE ( 'NONE', #1010, #2160, #2193, .T. ) ;
#761 = EDGE_CURVE ( 'NONE', #2387, #599, #642, .T. ) ;
#762 = EDGE_CURVE ( 'NONE', #1713, #1981, #585, .T. ) ;
#763 = EDGE_LOOP ( 'NONE', ( #50, #1514, #2280, #2229 ) ) ;
#764 = CARTESIAN_POINT ( 'NONE',  ( 0.8435028842544455285, 0.3000000000000000999, -4.156497115745551696 ) ) ;
#765 = FACE_OUTER_BOUND ( 'NONE', #780, .T. ) ;
#766 = CARTESIAN_POINT ( 'NONE',  ( -1.596871942267738875, 2.299999999999585487, 5.000000000000000000 ) ) ;
#767 = ORIENTED_EDGE ( 'NONE', *, *, #2224, .T. ) ;
#768 = VERTEX_POINT ( 'NONE', #85 ) ;
#769 = DIRECTION ( 'NONE',  ( 1.000000000000000000, 1.156482317317871478E-16, 0.000000000000000000 ) ) ;
#770 = ADVANCED_FACE ( 'NONE', ( #519 ), #1574, .F. ) ;
#771 = CARTESIAN_POINT ( 'NONE',  ( 0.000000000000000000, 0.000000000000000000, 5.000000000000000000 ) ) ;
#772 = DIRECTION ( 'NONE',  ( 1.000000000000000000, 0.000000000000000000, 0.000000000000000000 ) ) ;
#773 = ORIENTED_EDGE ( 'NONE', *, *, #1791, .T. ) ;
#774 = VECTOR ( 'NONE', #1764, 999.9999999999998863 ) ;
#775 = DIRECTION ( 'NONE',  ( -1.156482317317871478E-16, 1.000000000000000000, 0.000000000000000000 ) ) ;
#776 = EDGE_CURVE ( 'NONE', #2251, #2110, #2087, .T. ) ;
#777 = ORIENTED_EDGE ( 'NONE', *, *, #2474, .F. ) ;
#778 =( NAMED_UNIT ( * ) SI_UNIT ( $, .STERADIAN. ) SOLID_ANGLE_UNIT ( ) );
#779 = LINE ( 'NONE', #1549, #73 ) ;
#780 = EDGE_LOOP ( 'NONE', ( #2436, #1916, #1870, #1399, #243 ) ) ;
#781 = CARTESIAN_POINT ( 'NONE',  ( -5.999999999999996447, -18.80000000000000782, 1.734723475976807094E-15 ) ) ;
#782 = CARTESIAN_POINT ( 'NONE',  ( -29.99999999999997158, 0.000000000000000000, 5.000000000000000000 ) ) ;
#783 = AXIS2_PLACEMENT_3D ( 'NONE', #2385, #2167, #804 ) ;
#784 = ORIENTED_EDGE ( 'NONE', *, *, #2073, .T. ) ;
#785 = CARTESIAN_POINT ( 'NONE',  ( -11.39999999999999325, 1.299999999999998712, 5.000000000000000000 ) ) ;
#786 = ORIENTED_EDGE ( 'NONE', *, *, #153, .F. ) ;
#787 = CARTESIAN_POINT ( 'NONE',  ( 0.000000000000000000, 0.000000000000000000, 5.000000000000000000 ) ) ;
#788 = CIRCLE ( 'NONE', #870, 1.000000000000000888 ) ;
#789 = ORIENTED_EDGE ( 'NONE', *, *, #1902, .F. ) ;
#790 = CONICAL_SURFACE ( 'NONE', #2129, 2.500000000000000000, 0.7853981633974554954 ) ;
#791 = CARTESIAN_POINT ( 'NONE',  ( -29.99999999999997158, 0.000000000000000000, -5.000000000000000000 ) ) ;
#792 = ADVANCED_FACE ( 'NONE', ( #1414 ), #688, .F. ) ;
#793 = ORIENTED_EDGE ( 'NONE', *, *, #1575, .T. ) ;
#794 = VERTEX_POINT ( 'NONE', #1249 ) ;
#795 = ORIENTED_EDGE ( 'NONE', *, *, #399, .F. ) ;
#796 = CONICAL_SURFACE ( 'NONE', #1622, 1.600000000000000755, 0.7853981633974537191 ) ;
#797 = EDGE_LOOP ( 'NONE', ( #1991, #1286, #1832, #675 ) ) ;
#798 = CIRCLE ( 'NONE', #264, 0.6999999999999957367 ) ;
#799 = DIRECTION ( 'NONE',  ( 0.7071067811865431318, 8.177564888977944867E-17, -0.7071067811865517916 ) ) ;
#800 = ORIENTED_EDGE ( 'NONE', *, *, #1750, .F. ) ;
#801 = ADVANCED_FACE ( 'NONE', ( #1028 ), #293, .F. ) ;
#802 = EDGE_CURVE ( 'NONE', #2251, #2142, #965, .T. ) ;
#803 = AXIS2_PLACEMENT_3D ( 'NONE', #1461, #475, #1241 ) ;
#804 = DIRECTION ( 'NONE',  ( 0.000000000000000000, 0.000000000000000000, -1.000000000000000000 ) ) ;
#805 = DIRECTION ( 'NONE',  ( -0.000000000000000000, -1.000000000000000000, -0.000000000000000000 ) ) ;
#806 = ORIENTED_EDGE ( 'NONE', *, *, #1218, .T. ) ;
#807 = CARTESIAN_POINT ( 'NONE',  ( -11.30000000000000071, -0.3000000000000013767, 4.699999999999998401 ) ) ;
#808 = CIRCLE ( 'NONE', #1133, 1.300000000000000711 ) ;
#809 = CIRCLE ( 'NONE', #1498, 2.800000000000001155 ) ;
#810 = LINE ( 'NONE', #2055, #1816 ) ;
#811 = DIRECTION ( 'NONE',  ( 0.7071067811865513475, 0.000000000000000000, 0.7071067811865435759 ) ) ;
#812 = AXIS2_PLACEMENT_3D ( 'NONE', #1225, #1993, #997 ) ;
#813 = EDGE_CURVE ( 'NONE', #2263, #2390, #116, .T. ) ;
#814 = CARTESIAN_POINT ( 'NONE',  ( -29.99999999999997158, 0.000000000000000000, 5.000000000000000000 ) ) ;
#815 = ORIENTED_EDGE ( 'NONE', *, *, #2521, .T. ) ;
#816 = VERTEX_POINT ( 'NONE', #1075 ) ;
#817 = VECTOR ( 'NONE', #2507, 1000.000000000000000 ) ;
#818 = DIRECTION ( 'NONE',  ( -0.000000000000000000, -0.000000000000000000, 1.000000000000000000 ) ) ;
#819 = CARTESIAN_POINT ( 'NONE',  ( -5.999999999999999112, -0.6000000000000067502, 1.734723475976807094E-15 ) ) ;
#820 = AXIS2_PLACEMENT_3D ( 'NONE', #897, #1, #929 ) ;
#821 = ORIENTED_EDGE ( 'NONE', *, *, #2408, .T. ) ;
#822 = LINE ( 'NONE', #1269, #2393 ) ;
#823 = ORIENTED_EDGE ( 'NONE', *, *, #410, .T. ) ;
#824 = FACE_OUTER_BOUND ( 'NONE', #1975, .T. ) ;
#825 = ORIENTED_EDGE ( 'NONE', *, *, #1919, .F. ) ;
#826 = DIRECTION ( 'NONE',  ( -1.000000000000000000, 0.000000000000000000, 0.000000000000000000 ) ) ;
#827 = DIRECTION ( 'NONE',  ( 1.000000000000000000, 0.000000000000000000, 0.000000000000000000 ) ) ;
#828 = ORIENTED_EDGE ( 'NONE', *, *, #1551, .T. ) ;
#829 = DIRECTION ( 'NONE',  ( 5.695630654073365030E-15, 0.7071067811865474617, 0.7071067811865474617 ) ) ;
#830 = CARTESIAN_POINT ( 'NONE',  ( -5.999999999999998224, -7.199999999999998401, 1.734723475976807094E-15 ) ) ;
#831 = CARTESIAN_POINT ( 'NONE',  ( -4.699999999999995737, -7.199999999999998401, 1.893927559865963103E-15 ) ) ;
#832 = VECTOR ( 'NONE', #1719, 1000.000000000000000 ) ;
#833 = EDGE_CURVE ( 'NONE', #426, #2028, #1547, .T. ) ;
#834 = ORIENTED_EDGE ( 'NONE', *, *, #2081, .T. ) ;
#835 = EDGE_CURVE ( 'NONE', #2263, #18, #1868, .T. ) ;
#836 = VERTEX_POINT ( 'NONE', #2268 ) ;
#837 = CARTESIAN_POINT ( 'NONE',  ( -29.99999999999997158, 0.000000000000000000, -4.699999999999998401 ) ) ;
#838 = CARTESIAN_POINT ( 'NONE',  ( -2.734958866235468466, -0.6000000000000003109, 5.000000000000000000 ) ) ;
#839 = CARTESIAN_POINT ( 'NONE',  ( 2.500000000000000000, 0.000000000000000000, 4.699999999999998401 ) ) ;
#840 = CIRCLE ( 'NONE', #518, 0.6999999999999975131 ) ;
#841 = ORIENTED_EDGE ( 'NONE', *, *, #1476, .F. ) ;
#842 = DIRECTION ( 'NONE',  ( 0.000000000000000000, 0.7071067811865474617, 0.7071067811865474617 ) ) ;
#843 = DIRECTION ( 'NONE',  ( 0.000000000000000000, 0.000000000000000000, -1.000000000000000000 ) ) ;
#844 = AXIS2_PLACEMENT_3D ( 'NONE', #1812, #254, #2412 ) ;
#845 = LINE ( 'NONE', #984, #1190 ) ;
#846 = CIRCLE ( 'NONE', #1611, 0.2999999999999999334 ) ;
#847 = EDGE_CURVE ( 'NONE', #1097, #1718, #937, .T. ) ;
#848 = ORIENTED_EDGE ( 'NONE', *, *, #1527, .F. ) ;
#849 = EDGE_CURVE ( 'NONE', #665, #1387, #2473, .T. ) ;
#850 = ADVANCED_FACE ( 'NONE', ( #765 ), #2450, .F. ) ;
#851 = VERTEX_POINT ( 'NONE', #1487 ) ;
#852 = ORIENTED_EDGE ( 'NONE', *, *, #24, .T. ) ;
#853 = DIRECTION ( 'NONE',  ( 0.7071067811865489050, -8.177564888978012660E-17, -0.7071067811865461294 ) ) ;
#854 = ORIENTED_EDGE ( 'NONE', *, *, #1274, .T. ) ;
#855 = LINE ( 'NONE', #1395, #1557 ) ;
#856 = DIRECTION ( 'NONE',  ( 0.000000000000000000, 0.7071067811865474617, 0.7071067811865474617 ) ) ;
#857 = VERTEX_POINT ( 'NONE', #298 ) ;
#858 = DIRECTION ( 'NONE',  ( -1.000000000000000000, 0.000000000000000000, 0.000000000000000000 ) ) ;
#859 = CIRCLE ( 'NONE', #615, 2.800000000000002043 ) ;
#860 = ORIENTED_EDGE ( 'NONE', *, *, #1385, .F. ) ;
#861 = CARTESIAN_POINT ( 'NONE',  ( 0.000000000000000000, 0.000000000000000000, -5.000000000000000000 ) ) ;
#862 = DIRECTION ( 'NONE',  ( 1.000000000000000000, 0.000000000000000000, -0.000000000000000000 ) ) ;
#863 = ADVANCED_FACE ( 'NONE', ( #1479 ), #33, .T. ) ;
#864 = AXIS2_PLACEMENT_3D ( 'NONE', #663, #2435, #1447 ) ;
#865 = EDGE_CURVE ( 'NONE', #2405, #1048, #1509, .T. ) ;
#866 = EDGE_LOOP ( 'NONE', ( #998, #2461, #2465, #134 ) ) ;
#867 = LINE ( 'NONE', #694, #2078 ) ;
#868 = DIRECTION ( 'NONE',  ( 1.000000000000000000, 1.234051253235533540E-16, -0.000000000000000000 ) ) ;
#869 = LINE ( 'NONE', #1248, #1122 ) ;
#870 = AXIS2_PLACEMENT_3D ( 'NONE', #2011, #1215, #1828 ) ;
#871 = CARTESIAN_POINT ( 'NONE',  ( -4.400000000000001243, 0.5999999999999920952, 1.930666963840383568E-15 ) ) ;
#872 = CIRCLE ( 'NONE', #392, 1.900000000000005906 ) ;
#873 = DIRECTION ( 'NONE',  ( -8.518296759352078545E-17, 0.7071067811865475727, 0.7071067811865475727 ) ) ;
#874 = CARTESIAN_POINT ( 'NONE',  ( 1.499999999999999334, 2.000000000000000444, -4.699999999999998401 ) ) ;
#875 = EDGE_LOOP ( 'NONE', ( #717, #1037, #2176 ) ) ;
#876 = CIRCLE ( 'NONE', #844, 1.600000000000000755 ) ;
#877 = ORIENTED_EDGE ( 'NONE', *, *, #849, .F. ) ;
#878 = EDGE_CURVE ( 'NONE', #684, #968, #700, .T. ) ;
#879 = VERTEX_POINT ( 'NONE', #715 ) ;
#880 = ORIENTED_EDGE ( 'NONE', *, *, #1860, .T. ) ;
#881 = EDGE_CURVE ( 'NONE', #879, #1234, #1442, .T. ) ;
#882 = FACE_BOUND ( 'NONE', #755, .T. ) ;
#883 = EDGE_CURVE ( 'NONE', #957, #1062, #1997, .T. ) ;
#884 = DIRECTION ( 'NONE',  ( 0.000000000000000000, 1.000000000000000000, 0.000000000000000000 ) ) ;
#885 = EDGE_CURVE ( 'NONE', #684, #1181, #846, .T. ) ;
#886 = CARTESIAN_POINT ( 'NONE',  ( -1.631370849898474917, -7.500000000000000888, 6.631370849898525321 ) ) ;
#887 = CIRCLE ( 'NONE', #2013, 1.300000000000002487 ) ;
#888 = VERTEX_POINT ( 'NONE', #506 ) ;
#889 = ADVANCED_FACE ( 'NONE', ( #1377 ), #337, .F. ) ;
#890 = CARTESIAN_POINT ( 'NONE',  ( -2.734958866235468466, 0.2999999999999996558, 5.000000000000000000 ) ) ;
#891 = EDGE_LOOP ( 'NONE', ( #2213, #1946, #1632, #936 ) ) ;
#892 = ADVANCED_FACE ( 'NONE', ( #2315 ), #1903, .F. ) ;
#893 = AXIS2_PLACEMENT_3D ( 'NONE', #154, #2332, #350 ) ;
#894 = CARTESIAN_POINT ( 'NONE',  ( -2.734958866235468466, 0.2999999999999996558, -4.699999999999998401 ) ) ;
#895 = EDGE_CURVE ( 'NONE', #2364, #2067, #387, .T. ) ;
#896 = DIRECTION ( 'NONE',  ( 1.000000000000000000, 1.234051253235533540E-16, 0.000000000000000000 ) ) ;
#897 = CARTESIAN_POINT ( 'NONE',  ( -29.99999999999997158, -7.199999999999999289, 5.000000000000000000 ) ) ;
#898 = CONICAL_SURFACE ( 'NONE', #999, 7.500000000000003553, 0.7853981633974482790 ) ;
#899 = CARTESIAN_POINT ( 'NONE',  ( -6.000000000000000888, 1.734723475976807094E-15, 1.734723475976807094E-15 ) ) ;
#900 = AXIS2_PLACEMENT_3D ( 'NONE', #2366, #1210, #1602 ) ;
#901 = ORIENTED_EDGE ( 'NONE', *, *, #444, .F. ) ;
#902 = ADVANCED_FACE ( 'NONE', ( #2442 ), #2409, .F. ) ;
#903 = VERTEX_POINT ( 'NONE', #2109 ) ;
#904 = CARTESIAN_POINT ( 'NONE',  ( -29.99999999999993605, 7.500000000000004441, 4.699999999999998401 ) ) ;
#905 = EDGE_LOOP ( 'NONE', ( #411, #2307, #272 ) ) ;
#906 = AXIS2_PLACEMENT_3D ( 'NONE', #207, #2175, #1370 ) ;
#907 = VERTEX_POINT ( 'NONE', #163 ) ;
#908 = EDGE_LOOP ( 'NONE', ( #2189, #2200, #1890, #1143 ) ) ;
#909 =( NAMED_UNIT ( * ) SI_UNIT ( $, .STERADIAN. ) SOLID_ANGLE_UNIT ( ) );
#910 = CIRCLE ( 'NONE', #803, 1.000000000000000888 ) ;
#911 = PLANE ( 'NONE',  #575 ) ;
#912 = ORIENTED_EDGE ( 'NONE', *, *, #833, .T. ) ;
#913 = ADVANCED_FACE ( 'NONE', ( #508 ), #1304, .F. ) ;
#914 = LINE ( 'NONE', #1131, #2305 ) ;
#915 = CARTESIAN_POINT ( 'NONE',  ( 0.6313708498984503814, -0.2999999999999999334, -4.368629150101557279 ) ) ;
#916 = ORIENTED_EDGE ( 'NONE', *, *, #710, .F. ) ;
#917 = CARTESIAN_POINT ( 'NONE',  ( -5.999999999999998224, -7.500000000000000000, 1.734723475976807094E-15 ) ) ;
#918 = CARTESIAN_POINT ( 'NONE',  ( -6.000000000000000888, 0.2999999999999992673, 1.734723475976807094E-15 ) ) ;
#919 = CARTESIAN_POINT ( 'NONE',  ( -7.343502884254431429, 7.500000000000001776, 1.343502884254439200 ) ) ;
#920 = ORIENTED_EDGE ( 'NONE', *, *, #679, .T. ) ;
#921 = CARTESIAN_POINT ( 'NONE',  ( 0.000000000000000000, 0.000000000000000000, 5.000000000000000000 ) ) ;
#922 = DIRECTION ( 'NONE',  ( -0.000000000000000000, 0.000000000000000000, -1.000000000000000000 ) ) ;
#923 = VERTEX_POINT ( 'NONE', #1158 ) ;
#924 = EDGE_CURVE ( 'NONE', #851, #684, #960, .T. ) ;
#925 = CONICAL_SURFACE ( 'NONE', #1441, 7.199999999999998401, 0.7853981633974541632 ) ;
#926 = EDGE_CURVE ( 'NONE', #981, #738, #2018, .T. ) ;
#927 = FACE_OUTER_BOUND ( 'NONE', #1801, .T. ) ;
#928 = VECTOR ( 'NONE', #1787, 999.9999999999998863 ) ;
#929 = DIRECTION ( 'NONE',  ( -1.000000000000000000, -1.156482317317871478E-16, 0.000000000000000000 ) ) ;
#930 = DIRECTION ( 'NONE',  ( -0.000000000000000000, -0.000000000000000000, -1.000000000000000000 ) ) ;
#931 = VECTOR ( 'NONE', #313, 1000.000000000000000 ) ;
#932 = EDGE_LOOP ( 'NONE', ( #2449, #218, #1652, #916 ) ) ;
#933 = PRESENTATION_LAYER_ASSIGNMENT (  '', '', ( #1334 ) ) ;
#934 = DIRECTION ( 'NONE',  ( -0.7071067811865536790, 0.000000000000000000, -0.7071067811865414665 ) ) ;
#935 = CARTESIAN_POINT ( 'NONE',  ( -2.734958866235474240, 0.6000000000000009770, 5.000000000000000000 ) ) ;
#936 = ORIENTED_EDGE ( 'NONE', *, *, #980, .T. ) ;
#937 = LINE ( 'NONE', #66, #1000 ) ;
#938 = ORIENTED_EDGE ( 'NONE', *, *, #1835, .T. ) ;
#939 = DIRECTION ( 'NONE',  ( -1.251002506714043540E-16, 1.000000000000000000, -0.000000000000000000 ) ) ;
#940 = ORIENTED_EDGE ( 'NONE', *, *, #366, .F. ) ;
#941 = CIRCLE ( 'NONE', #1382, 1.300000000000006040 ) ;
#942 = VERTEX_POINT ( 'NONE', #2331 ) ;
#943 = ORIENTED_EDGE ( 'NONE', *, *, #1199, .T. ) ;
#944 = DIRECTION ( 'NONE',  ( 0.000000000000000000, 1.000000000000000000, 0.000000000000000000 ) ) ;
#945 = CIRCLE ( 'NONE', #2084, 0.2999999999999999334 ) ;
#946 = EDGE_CURVE ( 'NONE', #744, #1728, #1434, .T. ) ;
#947 = ORIENTED_EDGE ( 'NONE', *, *, #1644, .F. ) ;
#948 = DIRECTION ( 'NONE',  ( -1.000000000000000000, -1.141265444721587948E-16, 0.000000000000000000 ) ) ;
#949 = CYLINDRICAL_SURFACE ( 'NONE', #2525, 0.2999999999999999334 ) ;
#950 = EDGE_LOOP ( 'NONE', ( #660, #777, #1972, #1884 ) ) ;
#951 = CARTESIAN_POINT ( 'NONE',  ( -10.70000000000000107, 7.199999999999996625, 5.000000000000000000 ) ) ;
#952 = CARTESIAN_POINT ( 'NONE',  ( -31.89999999999998437, 0.000000000000000000, -5.000000000000000000 ) ) ;
#953 = AXIS2_PLACEMENT_3D ( 'NONE', #1899, #322, #544 ) ;
#954 = DIRECTION ( 'NONE',  ( -0.000000000000000000, -0.000000000000000000, -1.000000000000000000 ) ) ;
#955 = MANIFOLD_SOLID_BREP ( 'µ¹½Ç1', #1517 ) ;
#956 = EDGE_CURVE ( 'NONE', #1048, #1074, #210, .T. ) ;
#957 = VERTEX_POINT ( 'NONE', #1337 ) ;
#958 = DIRECTION ( 'NONE',  ( -1.000000000000000000, 0.000000000000000000, 0.000000000000000000 ) ) ;
#959 = CARTESIAN_POINT ( 'NONE',  ( -29.99999999999997158, 0.000000000000000000, 5.000000000000000000 ) ) ;
#960 = LINE ( 'NONE', #935, #991 ) ;
#961 = LINE ( 'NONE', #1400, #2468 ) ;
#962 = DIRECTION ( 'NONE',  ( 0.000000000000000000, 1.000000000000000000, 0.000000000000000000 ) ) ;
#963 = CARTESIAN_POINT ( 'NONE',  ( 3.673940397442058882E-17, -0.2999999999999999889, 4.699999999999998401 ) ) ;
#964 = PLANE ( 'NONE',  #502 ) ;
#965 = CIRCLE ( 'NONE', #2344, 1.599999999999999867 ) ;
#966 = CARTESIAN_POINT ( 'NONE',  ( -6.000000000000000888, 0.2999999999999992673, -1.899999999999989919 ) ) ;
#967 = VERTEX_POINT ( 'NONE', #1360 ) ;
#968 = VERTEX_POINT ( 'NONE', #552 ) ;
#969 = FACE_OUTER_BOUND ( 'NONE', #459, .T. ) ;
#970 = EDGE_CURVE ( 'NONE', #94, #249, #330, .T. ) ;
#971 = DIRECTION ( 'NONE',  ( -0.7071067811865431318, -8.177564888977944867E-17, 0.7071067811865517916 ) ) ;
#972 = CARTESIAN_POINT ( 'NONE',  ( -11.30000000000000071, -0.3000000000000013767, 5.000000000000000000 ) ) ;
#973 = AXIS2_PLACEMENT_3D ( 'NONE', #730, #2104, #1301 ) ;
#974 = ORIENTED_EDGE ( 'NONE', *, *, #1195, .F. ) ;
#975 = CYLINDRICAL_SURFACE ( 'NONE', #1877, 0.2999999999999999334 ) ;
#976 = DIRECTION ( 'NONE',  ( -1.251002506714043540E-16, 1.000000000000000000, -0.000000000000000000 ) ) ;
#977 = EDGE_CURVE ( 'NONE', #942, #2364, #268, .T. ) ;
#978 = ORIENTED_EDGE ( 'NONE', *, *, #710, .T. ) ;
#979 = CYLINDRICAL_SURFACE ( 'NONE', #1183, 7.500000000000007105 ) ;
#980 = EDGE_CURVE ( 'NONE', #1387, #1290, #1901, .T. ) ;
#981 = VERTEX_POINT ( 'NONE', #2529 ) ;
#982 = DIRECTION ( 'NONE',  ( 0.7071067811865489050, 8.518296759352094569E-17, 0.7071067811865460184 ) ) ;
#983 = EDGE_LOOP ( 'NONE', ( #912, #1121, #1844 ) ) ;
#984 = CARTESIAN_POINT ( 'NONE',  ( -5.999999999999996447, -0.6000000000000067502, 1.838477631085038144 ) ) ;
#985 = ORIENTED_EDGE ( 'NONE', *, *, #1748, .T. ) ;
#986 = FACE_OUTER_BOUND ( 'NONE', #578, .T. ) ;
#987 = DIRECTION ( 'NONE',  ( 1.000000000000000000, 0.000000000000000000, 0.000000000000000000 ) ) ;
#988 = DIRECTION ( 'NONE',  ( 0.000000000000000000, 0.000000000000000000, 1.000000000000000000 ) ) ;
#989 = CIRCLE ( 'NONE', #48, 1.600000000000000755 ) ;
#990 = VECTOR ( 'NONE', #516, 999.9999999999998863 ) ;
#991 = VECTOR ( 'NONE', #2494, 1000.000000000000114 ) ;
#992 = EDGE_CURVE ( 'NONE', #907, #2110, #1375, .T. ) ;
#993 = ORIENTED_EDGE ( 'NONE', *, *, #363, .T. ) ;
#994 = LINE ( 'NONE', #1897, #486 ) ;
#995 = CARTESIAN_POINT ( 'NONE',  ( 6.041128587943871630E-14, 7.500000000000000888, 4.699999999999998401 ) ) ;
#996 = DIRECTION ( 'NONE',  ( 1.000000000000000000, -1.156482317317871478E-16, 0.000000000000000000 ) ) ;
#997 = DIRECTION ( 'NONE',  ( 1.000000000000000000, 1.355252715606876352E-16, 0.000000000000000000 ) ) ;
#998 = ORIENTED_EDGE ( 'NONE', *, *, #696, .F. ) ;
#999 = AXIS2_PLACEMENT_3D ( 'NONE', #58, #818, #1637 ) ;
#1000 = VECTOR ( 'NONE', #1698, 1000.000000000000000 ) ;
#1001 = ADVANCED_FACE ( 'NONE', ( #1189 ), #790, .F. ) ;
#1002 = ORIENTED_EDGE ( 'NONE', *, *, #802, .T. ) ;
#1003 = ORIENTED_EDGE ( 'NONE', *, *, #761, .T. ) ;
#1004 = CARTESIAN_POINT ( 'NONE',  ( -29.99999999999993605, -7.200000000000002842, -5.000000000000000000 ) ) ;
#1005 = DIRECTION ( 'NONE',  ( -0.000000000000000000, -0.000000000000000000, -1.000000000000000000 ) ) ;
#1006 = VECTOR ( 'NONE', #1798, 1000.000000000000227 ) ;
#1007 = DIRECTION ( 'NONE',  ( 0.000000000000000000, -0.7071067811865526798, -0.7071067811865424657 ) ) ;
#1008 = PLANE ( 'NONE',  #1633 ) ;
#1009 = LINE ( 'NONE', #1619, #2527 ) ;
#1010 = VERTEX_POINT ( 'NONE', #766 ) ;
#1011 = LINE ( 'NONE', #294, #1110 ) ;
#1012 = DIRECTION ( 'NONE',  ( -0.000000000000000000, -1.000000000000000000, -0.000000000000000000 ) ) ;
#1013 = EDGE_CURVE ( 'NONE', #2142, #907, #2351, .T. ) ;
#1014 = LINE ( 'NONE', #1076, #317 ) ;
#1015 = CARTESIAN_POINT ( 'NONE',  ( -29.99999999999997158, 0.000000000000000000, -4.699999999999998401 ) ) ;
#1016 = DIRECTION ( 'NONE',  ( 6.672013369141553384E-16, 0.000000000000000000, -1.000000000000000000 ) ) ;
#1017 = ORIENTED_EDGE ( 'NONE', *, *, #2211, .T. ) ;
#1018 = DIRECTION ( 'NONE',  ( 0.7071067811865521247, 0.000000000000000000, 0.7071067811865430208 ) ) ;
#1019 = VECTOR ( 'NONE', #1101, 1000.000000000000114 ) ;
#1020 = CARTESIAN_POINT ( 'NONE',  ( -3.673940397442058882E-17, 0.2999999999999999889, -4.699999999999998401 ) ) ;
#1021 = CARTESIAN_POINT ( 'NONE',  ( -10.70000000000000107, 7.199999999999996625, 5.000000000000000000 ) ) ;
#1022 = LINE ( 'NONE', #1668, #931 ) ;
#1023 = CIRCLE ( 'NONE', #652, 2.800000000000005596 ) ;
#1024 = AXIS2_PLACEMENT_3D ( 'NONE', #382, #2342, #2183 ) ;
#1025 = CARTESIAN_POINT ( 'NONE',  ( -31.89999999999997726, 2.326828918379977774E-16, 5.000000000000000000 ) ) ;
#1026 = ORIENTED_EDGE ( 'NONE', *, *, #1213, .T. ) ;
#1027 = EDGE_CURVE ( 'NONE', #1588, #1678, #2508, .T. ) ;
#1028 = FACE_OUTER_BOUND ( 'NONE', #273, .T. ) ;
#1029 = ORIENTED_EDGE ( 'NONE', *, *, #104, .F. ) ;
#1030 = AXIS2_PLACEMENT_3D ( 'NONE', #610, #1984, #799 ) ;
#1031 = EDGE_LOOP ( 'NONE', ( #2165, #346, #1579, #1550 ) ) ;
#1032 = FACE_OUTER_BOUND ( 'NONE', #740, .T. ) ;
#1033 = DIRECTION ( 'NONE',  ( -0.000000000000000000, -0.000000000000000000, -1.000000000000000000 ) ) ;
#1034 = ORIENTED_EDGE ( 'NONE', *, *, #1262, .F. ) ;
#1035 = DIRECTION ( 'NONE',  ( 0.000000000000000000, 0.7071067811865515695, 0.7071067811865434649 ) ) ;
#1036 = CIRCLE ( 'NONE', #2002, 1.000000000000000888 ) ;
#1037 = ORIENTED_EDGE ( 'NONE', *, *, #1687, .T. ) ;
#1038 = DIRECTION ( 'NONE',  ( 0.000000000000000000, 0.000000000000000000, 1.000000000000000000 ) ) ;
#1039 = VECTOR ( 'NONE', #158, 1000.000000000000000 ) ;
#1040 = EDGE_LOOP ( 'NONE', ( #1198, #2217, #2270 ) ) ;
#1041 = AXIS2_PLACEMENT_3D ( 'NONE', #2009, #1012, #1823 ) ;
#1042 = DIRECTION ( 'NONE',  ( 1.000000000000000000, 0.000000000000000000, 0.000000000000000000 ) ) ;
#1043 = DIRECTION ( 'NONE',  ( 0.000000000000000000, 1.000000000000000000, 0.000000000000000000 ) ) ;
#1044 = DIRECTION ( 'NONE',  ( 0.000000000000000000, 0.000000000000000000, 1.000000000000000000 ) ) ;
#1045 = ORIENTED_EDGE ( 'NONE', *, *, #1783, .T. ) ;
#1046 = DIRECTION ( 'NONE',  ( -8.177564888977996636E-17, -0.7071067811865475727, 0.7071067811865475727 ) ) ;
#1047 = EDGE_CURVE ( 'NONE', #1290, #482, #1310, .T. ) ;
#1048 = VERTEX_POINT ( 'NONE', #1236 ) ;
#1049 = ORIENTED_EDGE ( 'NONE', *, *, #970, .T. ) ;
#1050 = CARTESIAN_POINT ( 'NONE',  ( -29.99999999999993605, 7.200000000000002842, -5.000000000000000000 ) ) ;
#1051 = LINE ( 'NONE', #2257, #2047 ) ;
#1052 = VECTOR ( 'NONE', #446, 1000.000000000000000 ) ;
#1053 = DIRECTION ( 'NONE',  ( 0.000000000000000000, 0.000000000000000000, 1.000000000000000000 ) ) ;
#1054 = CARTESIAN_POINT ( 'NONE',  ( -1.499999999999999334, 2.000000000000000444, 4.699999999999998401 ) ) ;
#1055 = AXIS2_PLACEMENT_3D ( 'NONE', #1297, #1085, #1508 ) ;
#1056 = CONICAL_SURFACE ( 'NONE', #2532, 1.900000000000012790, 0.7853981633974609355 ) ;
#1057 = DIRECTION ( 'NONE',  ( -0.000000000000000000, -0.000000000000000000, -1.000000000000000000 ) ) ;
#1058 = EDGE_CURVE ( 'NONE', #1074, #310, #1608, .T. ) ;
#1059 = CARTESIAN_POINT ( 'NONE',  ( -12.30000000000000071, 0.6999999999999988454, 4.699999999999998401 ) ) ;
#1060 = CIRCLE ( 'NONE', #21, 2.500000000000000000 ) ;
#1061 = EDGE_LOOP ( 'NONE', ( #841, #1986, #1193, #1381 ) ) ;
#1062 = VERTEX_POINT ( 'NONE', #1741 ) ;
#1063 = CARTESIAN_POINT ( 'NONE',  ( -12.30000000000000071, 6.500000000000002665, -5.000000000000000000 ) ) ;
#1064 = CONICAL_SURFACE ( 'NONE', #1911, 7.199999999999995737, 0.7853981633974541632 ) ;
#1065 = ORIENTED_EDGE ( 'NONE', *, *, #2211, .F. ) ;
#1066 = ORIENTED_EDGE ( 'NONE', *, *, #428, .F. ) ;
#1067 = ADVANCED_FACE ( 'NONE', ( #2182 ), #1056, .F. ) ;
#1068 = CYLINDRICAL_SURFACE ( 'NONE', #2168, 2.500000000000000000 ) ;
#1069 = ORIENTED_EDGE ( 'NONE', *, *, #1886, .F. ) ;
#1070 = DIRECTION ( 'NONE',  ( 0.000000000000000000, 0.000000000000000000, 1.000000000000000000 ) ) ;
#1071 = VECTOR ( 'NONE', #2329, 1000.000000000000000 ) ;
#1072 = CARTESIAN_POINT ( 'NONE',  ( -11.70000000000000107, 0.2999999999999985456, -4.699999999999998401 ) ) ;
#1073 = VECTOR ( 'NONE', #842, 1000.000000000000114 ) ;
#1074 = VERTEX_POINT ( 'NONE', #1285 ) ;
#1075 = CARTESIAN_POINT ( 'NONE',  ( -13.29999999999999893, 7.500000000000002665, 4.699999999999998401 ) ) ;
#1076 = CARTESIAN_POINT ( 'NONE',  ( -37.19999999999996732, 0.000000000000000000, 5.000000000000000000 ) ) ;
#1077 = AXIS2_PLACEMENT_3D ( 'NONE', #527, #1109, #1735 ) ;
#1078 = EDGE_CURVE ( 'NONE', #1323, #706, #612, .T. ) ;
#1079 = FACE_BOUND ( 'NONE', #1874, .T. ) ;
#1080 = ORIENTED_EDGE ( 'NONE', *, *, #1900, .F. ) ;
#1081 = DIRECTION ( 'NONE',  ( -0.7071067811865489050, -8.518296759352095801E-17, 0.7071067811865461294 ) ) ;
#1082 = CARTESIAN_POINT ( 'NONE',  ( -4.868629150101525305, 7.200000000000005507, 1.131370849898479580 ) ) ;
#1083 = EDGE_CURVE ( 'NONE', #72, #287, #31, .T. ) ;
#1084 = ADVANCED_FACE ( 'NONE', ( #1126 ), #2290, .T. ) ;
#1085 = DIRECTION ( 'NONE',  ( 0.000000000000000000, -0.7071067811865475727, -0.7071067811865475727 ) ) ;
#1086 = VECTOR ( 'NONE', #2117, 1000.000000000000114 ) ;
#1087 = FILL_AREA_STYLE ('',( #2054 ) ) ;
#1088 = EDGE_CURVE ( 'NONE', #888, #2400, #994, .T. ) ;
#1089 = CARTESIAN_POINT ( 'NONE',  ( -5.999999999999996447, -0.6000000000000067502, 1.838477631085038144 ) ) ;
#1090 = ORIENTED_EDGE ( 'NONE', *, *, #2169, .F. ) ;
#1091 = CARTESIAN_POINT ( 'NONE',  ( -29.99999999999997158, 0.000000000000000000, 5.000000000000000000 ) ) ;
#1092 = DIRECTION ( 'NONE',  ( -1.156482317317871478E-16, -1.000000000000000000, 0.000000000000000000 ) ) ;
#1093 = VECTOR ( 'NONE', #1398, 1000.000000000000000 ) ;
#1094 = CARTESIAN_POINT ( 'NONE',  ( -2.734958866235470687, 0.6000000000000001998, -5.000000000000000000 ) ) ;
#1095 = ORIENTED_EDGE ( 'NONE', *, *, #1822, .F. ) ;
#1096 = ORIENTED_EDGE ( 'NONE', *, *, #725, .F. ) ;
#1097 = VERTEX_POINT ( 'NONE', #1491 ) ;
#1098 = LINE ( 'NONE', #1681, #591 ) ;
#1099 = ORIENTED_EDGE ( 'NONE', *, *, #977, .F. ) ;
#1100 = CARTESIAN_POINT ( 'NONE',  ( -29.99999999999993605, 7.500000000000004441, 5.000000000000000000 ) ) ;
#1101 = DIRECTION ( 'NONE',  ( 0.000000000000000000, -0.7071067811865515695, 0.7071067811865434649 ) ) ;
#1102 = FACE_OUTER_BOUND ( 'NONE', #82, .T. ) ;
#1103 = ORIENTED_EDGE ( 'NONE', *, *, #173, .F. ) ;
#1104 = DIRECTION ( 'NONE',  ( -0.7071067811865513475, 8.659560562354979697E-17, 0.7071067811865435759 ) ) ;
#1105 = CIRCLE ( 'NONE', #2313, 1.900000000000005906 ) ;
#1106 = ORIENTED_EDGE ( 'NONE', *, *, #1501, .T. ) ;
#1107 = CARTESIAN_POINT ( 'NONE',  ( -5.999999999999996447, -0.6000000000000067502, 1.838477631085038144 ) ) ;
#1108 = CARTESIAN_POINT ( 'NONE',  ( -6.000000000000000000, 1.734723475976807094E-15, 2.262741699796948946 ) ) ;
#1109 = DIRECTION ( 'NONE',  ( -0.000000000000000000, -1.000000000000000000, -0.000000000000000000 ) ) ;
#1110 = VECTOR ( 'NONE', #504, 1000.000000000000114 ) ;
#1111 = DIRECTION ( 'NONE',  ( -1.000000000000000000, 1.156482317317871725E-16, 0.000000000000000000 ) ) ;
#1112 = EDGE_CURVE ( 'NONE', #903, #535, #1630, .T. ) ;
#1113 = VERTEX_POINT ( 'NONE', #2281 ) ;
#1114 = ADVANCED_FACE ( 'NONE', ( #754 ), #1463, .F. ) ;
#1115 = CARTESIAN_POINT ( 'NONE',  ( -4.656497115745567683, 7.500000000000001776, 1.343502884254437868 ) ) ;
#1116 = EDGE_CURVE ( 'NONE', #1417, #2259, #867, .T. ) ;
#1117 = ORIENTED_EDGE ( 'NONE', *, *, #1815, .T. ) ;
#1118 = ORIENTED_EDGE ( 'NONE', *, *, #348, .T. ) ;
#1119 = DIRECTION ( 'NONE',  ( -0.000000000000000000, -1.000000000000000000, -0.000000000000000000 ) ) ;
#1120 = CARTESIAN_POINT ( 'NONE',  ( -11.30000000000000071, -0.6000000000000067502, 5.000000000000000000 ) ) ;
#1121 = ORIENTED_EDGE ( 'NONE', *, *, #2181, .T. ) ;
#1122 = VECTOR ( 'NONE', #884, 1000.000000000000000 ) ;
#1123 = LINE ( 'NONE', #1643, #1052 ) ;
#1124 = CARTESIAN_POINT ( 'NONE',  ( -5.999999999999996447, -6.730964406271144895, 1.175161133197974550 ) ) ;
#1125 = DIRECTION ( 'NONE',  ( -1.204669080539449344E-16, 1.000000000000000000, 0.000000000000000000 ) ) ;
#1126 = FACE_OUTER_BOUND ( 'NONE', #587, .T. ) ;
#1127 = FACE_OUTER_BOUND ( 'NONE', #1584, .T. ) ;
#1128 = CARTESIAN_POINT ( 'NONE',  ( -5.999999999999996447, 6.666666666666671404, 1.508494466531307587 ) ) ;
#1129 = CARTESIAN_POINT ( 'NONE',  ( -29.99999999999993605, 7.500000000000004441, -4.699999999999998401 ) ) ;
#1130 = ADVANCED_FACE ( 'NONE', ( #1079, #412 ), #2476, .F. ) ;
#1131 = CARTESIAN_POINT ( 'NONE',  ( -11.39999999999999325, 1.299999999999998712, 5.000000000000000000 ) ) ;
#1132 = ORIENTED_EDGE ( 'NONE', *, *, #1199, .F. ) ;
#1133 = AXIS2_PLACEMENT_3D ( 'NONE', #2191, #17, #202 ) ;
#1134 = EDGE_CURVE ( 'NONE', #879, #1181, #381, .T. ) ;
#1135 = ORIENTED_EDGE ( 'NONE', *, *, #881, .F. ) ;
#1136 = FACE_OUTER_BOUND ( 'NONE', #1250, .T. ) ;
#1137 = DIRECTION ( 'NONE',  ( -1.204669080539449344E-16, 1.000000000000000000, 0.000000000000000000 ) ) ;
#1138 = DIRECTION ( 'NONE',  ( 1.156482317317871725E-16, 1.000000000000000000, -0.000000000000000000 ) ) ;
#1139 = VECTOR ( 'NONE', #1333, 1000.000000000000000 ) ;
#1140 = AXIS2_PLACEMENT_3D ( 'NONE', #2203, #2414, #2396 ) ;
#1141 = CARTESIAN_POINT ( 'NONE',  ( -4.868629150101527081, 0.5999999999999920952, 1.131370849898479136 ) ) ;
#1142 = FACE_OUTER_BOUND ( 'NONE', #1794, .T. ) ;
#1143 = ORIENTED_EDGE ( 'NONE', *, *, #2045, .F. ) ;
#1144 = CARTESIAN_POINT ( 'NONE',  ( -29.99999999999997158, 0.000000000000000000, 4.699999999999999289 ) ) ;
#1145 = CARTESIAN_POINT ( 'NONE',  ( -12.59999999999999964, 0.000000000000000000, -5.000000000000000000 ) ) ;
#1146 = DIRECTION ( 'NONE',  ( 0.000000000000000000, 0.000000000000000000, 1.000000000000000000 ) ) ;
#1147 = DIRECTION ( 'NONE',  ( -1.000000000000000000, 0.000000000000000000, 0.000000000000000000 ) ) ;
#1148 = DIRECTION ( 'NONE',  ( 0.000000000000000000, 0.7071067811865474617, 0.7071067811865474617 ) ) ;
#1149 = DIRECTION ( 'NONE',  ( 1.000000000000000000, 0.000000000000000000, 0.000000000000000000 ) ) ;
#1150 = DIRECTION ( 'NONE',  ( 8.177564888979226766E-17, -0.7071067811865474617, 0.7071067811865474617 ) ) ;
#1151 = EDGE_CURVE ( 'NONE', #711, #942, #1014, .T. ) ;
#1152 = EDGE_CURVE ( 'NONE', #2130, #851, #1781, .T. ) ;
#1153 = DIRECTION ( 'NONE',  ( 1.156482317317871725E-16, 1.000000000000000000, -0.000000000000000000 ) ) ;
#1154 = CARTESIAN_POINT ( 'NONE',  ( -10.70000000000000107, 7.199999999999996625, 5.000000000000000000 ) ) ;
#1155 = FACE_OUTER_BOUND ( 'NONE', #1061, .T. ) ;
#1156 = AXIS2_PLACEMENT_3D ( 'NONE', #250, #1837, #1628 ) ;
#1157 = DIRECTION ( 'NONE',  ( 0.000000000000000000, 0.000000000000000000, 1.000000000000000000 ) ) ;
#1158 = CARTESIAN_POINT ( 'NONE',  ( -11.30000000000000071, -0.6000000000000067502, 5.000000000000000000 ) ) ;
#1159 = FACE_OUTER_BOUND ( 'NONE', #174, .T. ) ;
#1160 = DIRECTION ( 'NONE',  ( 0.000000000000000000, 1.000000000000000000, 0.000000000000000000 ) ) ;
#1161 = CARTESIAN_POINT ( 'NONE',  ( -10.70000000000000107, 6.500000000000001776, 5.000000000000000000 ) ) ;
#1162 = ORIENTED_EDGE ( 'NONE', *, *, #1112, .T. ) ;
#1163 = AXIS2_PLACEMENT_3D ( 'NONE', #2348, #584, #1177 ) ;
#1164 = ORIENTED_EDGE ( 'NONE', *, *, #1275, .T. ) ;
#1165 = VERTEX_POINT ( 'NONE', #533 ) ;
#1166 = EDGE_CURVE ( 'NONE', #2028, #907, #1264, .T. ) ;
#1167 = CONICAL_SURFACE ( 'NONE', #107, 0.3000000000000055400, 0.7853981633974547183 ) ;
#1168 = ORIENTED_EDGE ( 'NONE', *, *, #2421, .T. ) ;
#1169 = DIRECTION ( 'NONE',  ( -0.7071067811865489050, 8.177564888978011427E-17, -0.7071067811865460184 ) ) ;
#1170 = FACE_OUTER_BOUND ( 'NONE', #2407, .T. ) ;
#1171 = ORIENTED_EDGE ( 'NONE', *, *, #2411, .T. ) ;
#1172 = CIRCLE ( 'NONE', #2278, 7.199999999999998401 ) ;
#1173 = DIRECTION ( 'NONE',  ( 1.000000000000000000, 0.000000000000000000, 0.000000000000000000 ) ) ;
#1174 = DIRECTION ( 'NONE',  ( -0.7071067811865449082, -8.726060094946000865E-17, -0.7071067811865502373 ) ) ;
#1175 = ORIENTED_EDGE ( 'NONE', *, *, #1262, .T. ) ;
#1176 = AXIS2_PLACEMENT_3D ( 'NONE', #1539, #1722, #343 ) ;
#1177 = DIRECTION ( 'NONE',  ( 0.7071067811865449082, 8.177564888977964588E-17, 0.7071067811865502373 ) ) ;
#1178 = CARTESIAN_POINT ( 'NONE',  ( -29.99999999999993605, -7.199999999999999289, 5.000000000000000000 ) ) ;
#1179 = CARTESIAN_POINT ( 'NONE',  ( -5.999999999999993783, -18.80000000000000782, 1.838477631085038144 ) ) ;
#1180 = ORIENTED_EDGE ( 'NONE', *, *, #2517, .T. ) ;
#1181 = VERTEX_POINT ( 'NONE', #1688 ) ;
#1182 = CARTESIAN_POINT ( 'NONE',  ( -10.70000000000000107, 6.500000000000001776, 4.699999999999998401 ) ) ;
#1183 = AXIS2_PLACEMENT_3D ( 'NONE', #332, #930, #1147 ) ;
#1184 = VECTOR ( 'NONE', #2317, 1000.000000000000000 ) ;
#1185 = DIRECTION ( 'NONE',  ( 1.000000000000000000, 0.000000000000000000, 0.000000000000000000 ) ) ;
#1186 = ORIENTED_EDGE ( 'NONE', *, *, #883, .T. ) ;
#1187 = DIRECTION ( 'NONE',  ( 1.000000000000000000, 0.000000000000000000, 0.000000000000000000 ) ) ;
#1188 = EDGE_CURVE ( 'NONE', #451, #1352, #2226, .T. ) ;
#1189 = FACE_OUTER_BOUND ( 'NONE', #384, .T. ) ;
#1190 = VECTOR ( 'NONE', #1569, 1000.000000000000114 ) ;
#1191 = VERTEX_POINT ( 'NONE', #1480 ) ;
#1192 = CARTESIAN_POINT ( 'NONE',  ( -11.40000000000000036, 0.000000000000000000, -5.000000000000000000 ) ) ;
#1193 = ORIENTED_EDGE ( 'NONE', *, *, #1826, .F. ) ;
#1194 = ORIENTED_EDGE ( 'NONE', *, *, #1243, .T. ) ;
#1195 = EDGE_CURVE ( 'NONE', #1208, #565, #1011, .T. ) ;
#1196 = DIRECTION ( 'NONE',  ( 1.000000000000000000, 8.881784197001252323E-16, 0.000000000000000000 ) ) ;
#1197 = AXIS2_PLACEMENT_3D ( 'NONE', #1427, #1222, #632 ) ;
#1198 = ORIENTED_EDGE ( 'NONE', *, *, #970, .F. ) ;
#1199 = EDGE_CURVE ( 'NONE', #2296, #2215, #1365, .T. ) ;
#1200 = ORIENTED_EDGE ( 'NONE', *, *, #1527, .T. ) ;
#1201 = ORIENTED_EDGE ( 'NONE', *, *, #555, .T. ) ;
#1202 = CARTESIAN_POINT ( 'NONE',  ( -2.734958866235468466, -0.3000000000000003220, 4.699999999999998401 ) ) ;
#1203 = ADVANCED_FACE ( 'NONE', ( #409, #170 ), #311, .F. ) ;
#1204 = PLANE ( 'NONE',  #150 ) ;
#1205 = CARTESIAN_POINT ( 'NONE',  ( -13.29999999999999893, 6.500000000000002665, -5.000000000000000000 ) ) ;
#1206 = CARTESIAN_POINT ( 'NONE',  ( -10.70000000000000107, 0.6000000000000046407, 5.000000000000000000 ) ) ;
#1207 = CARTESIAN_POINT ( 'NONE',  ( 0.000000000000000000, 0.000000000000000000, -4.699999999999998401 ) ) ;
#1208 = VERTEX_POINT ( 'NONE', #494 ) ;
#1209 = CARTESIAN_POINT ( 'NONE',  ( 1.499999999999999334, 2.000000000000000444, 4.699999999999998401 ) ) ;
#1210 = DIRECTION ( 'NONE',  ( -8.177564888977996636E-17, 0.7071067811865475727, 0.7071067811865475727 ) ) ;
#1211 = CARTESIAN_POINT ( 'NONE',  ( -12.30000000000000071, -0.3000000000000014877, 4.699999999999998401 ) ) ;
#1212 = AXIS2_PLACEMENT_3D ( 'NONE', #55, #1406, #1230 ) ;
#1213 = EDGE_CURVE ( 'NONE', #83, #1728, #2064, .T. ) ;
#1214 = CARTESIAN_POINT ( 'NONE',  ( -29.99999999999997158, 7.200000000000002842, -5.000000000000000000 ) ) ;
#1215 = DIRECTION ( 'NONE',  ( 0.000000000000000000, 0.000000000000000000, 1.000000000000000000 ) ) ;
#1216 = AXIS2_PLACEMENT_3D ( 'NONE', #2126, #1137, #1332 ) ;
#1217 = CIRCLE ( 'NONE', #88, 2.800000000000006040 ) ;
#1218 = EDGE_CURVE ( 'NONE', #923, #1541, #941, .T. ) ;
#1219 = ORIENTED_EDGE ( 'NONE', *, *, #1493, .F. ) ;
#1220 = ORIENTED_EDGE ( 'NONE', *, *, #200, .F. ) ;
#1221 = COLOUR_RGB ( '',1.000000000000000000, 1.000000000000000000, 1.000000000000000000 ) ;
#1222 = DIRECTION ( 'NONE',  ( -0.000000000000000000, -0.000000000000000000, -1.000000000000000000 ) ) ;
#1223 = VECTOR ( 'NONE', #856, 1000.000000000000114 ) ;
#1224 = DIRECTION ( 'NONE',  ( -0.000000000000000000, -0.000000000000000000, 1.000000000000000000 ) ) ;
#1225 = CARTESIAN_POINT ( 'NONE',  ( -5.999999999999999112, -0.3000000000000007105, 1.734723475976807094E-15 ) ) ;
#1226 = ORIENTED_EDGE ( 'NONE', *, *, #2346, .F. ) ;
#1227 = CARTESIAN_POINT ( 'NONE',  ( 6.041128587943872892E-14, 7.500000000000000888, 4.699999999999998401 ) ) ;
#1228 = CYLINDRICAL_SURFACE ( 'NONE', #742, 2.500000000000000000 ) ;
#1229 = ORIENTED_EDGE ( 'NONE', *, *, #538, .F. ) ;
#1230 = DIRECTION ( 'NONE',  ( 1.000000000000000000, 0.000000000000000000, 0.000000000000000000 ) ) ;
#1231 = PRODUCT_DEFINITION ( 'Î´Öª', '', #2384, #2246 ) ;
#1232 = EDGE_CURVE ( 'NONE', #2239, #706, #369, .T. ) ;
#1233 = DIRECTION ( 'NONE',  ( -1.000000000000000000, 0.000000000000000000, 0.000000000000000000 ) ) ;
#1234 = VERTEX_POINT ( 'NONE', #1094 ) ;
#1235 = DIRECTION ( 'NONE',  ( 0.000000000000000000, 0.000000000000000000, -1.000000000000000000 ) ) ;
#1236 = CARTESIAN_POINT ( 'NONE',  ( -5.999999999999993783, -7.500000000000001776, 2.262741699796972483 ) ) ;
#1237 = ADVANCED_FACE ( 'NONE', ( #2424 ), #1064, .T. ) ;
#1238 = EDGE_LOOP ( 'NONE', ( #1226, #227, #2100, #500 ) ) ;
#1239 = DIRECTION ( 'NONE',  ( 1.000000000000000000, 0.000000000000000000, 0.000000000000000000 ) ) ;
#1240 = CYLINDRICAL_SURFACE ( 'NONE', #1717, 1.000000000000000888 ) ;
#1241 = DIRECTION ( 'NONE',  ( 1.000000000000000000, 0.000000000000000000, 0.000000000000000000 ) ) ;
#1242 = VERTEX_POINT ( 'NONE', #1749 ) ;
#1243 = EDGE_CURVE ( 'NONE', #1317, #2130, #219, .T. ) ;
#1244 =( NAMED_UNIT ( * ) PLANE_ANGLE_UNIT ( ) SI_UNIT ( $, .RADIAN. ) );
#1245 = CARTESIAN_POINT ( 'NONE',  ( -5.999999999999999112, -0.6000000000000067502, 1.734723475976807094E-15 ) ) ;
#1246 = EDGE_CURVE ( 'NONE', #1191, #1421, #1739, .T. ) ;
#1247 = VECTOR ( 'NONE', #2311, 1000.000000000000000 ) ;
#1248 = CARTESIAN_POINT ( 'NONE',  ( -11.70000000000000107, 6.500000000000000000, 4.699999999999998401 ) ) ;
#1249 = CARTESIAN_POINT ( 'NONE',  ( -7.600000000000000533, 0.5999999999999920952, 1.734723475976807094E-15 ) ) ;
#1250 = EDGE_LOOP ( 'NONE', ( #321, #1096, #704, #2014 ) ) ;
#1251 = ADVANCED_FACE ( 'NONE', ( #680 ), #2308, .F. ) ;
#1252 = ORIENTED_EDGE ( 'NONE', *, *, #1658, .T. ) ;
#1253 = ORIENTED_EDGE ( 'NONE', *, *, #2421, .F. ) ;
#1254 = CARTESIAN_POINT ( 'NONE',  ( 6.211613058720861466E-14, -7.199999999999999289, -5.000000000000000000 ) ) ;
#1255 = EDGE_LOOP ( 'NONE', ( #2157, #54, #940, #2262, #2065 ) ) ;
#1256 = ORIENTED_EDGE ( 'NONE', *, *, #946, .T. ) ;
#1257 = VECTOR ( 'NONE', #234, 1000.000000000000000 ) ;
#1258 = DIRECTION ( 'NONE',  ( 1.000000000000000000, 0.000000000000000000, 0.000000000000000000 ) ) ;
#1259 = LINE ( 'NONE', #1723, #1802 ) ;
#1260 = DIRECTION ( 'NONE',  ( 0.000000000000000000, 0.000000000000000000, 1.000000000000000000 ) ) ;
#1261 = AXIS2_PLACEMENT_3D ( 'NONE', #2318, #1316, #1343 ) ;
#1262 = EDGE_CURVE ( 'NONE', #1242, #981, #96, .T. ) ;
#1263 = DIRECTION ( 'NONE',  ( 0.000000000000000000, 0.000000000000000000, 1.000000000000000000 ) ) ;
#1264 = LINE ( 'NONE', #1115, #1460 ) ;
#1265 = DIRECTION ( 'NONE',  ( -1.000000000000000000, 0.000000000000000000, 0.000000000000000000 ) ) ;
#1266 = EDGE_CURVE ( 'NONE', #9, #857, #1677, .T. ) ;
#1267 = ORIENTED_EDGE ( 'NONE', *, *, #992, .T. ) ;
#1268 = DIRECTION ( 'NONE',  ( 0.000000000000000000, -0.7071067811865474617, 0.7071067811865474617 ) ) ;
#1269 = CARTESIAN_POINT ( 'NONE',  ( -7.131370849898473807, 0.5999999999999920952, 1.131370849898479802 ) ) ;
#1270 = LINE ( 'NONE', #1059, #421 ) ;
#1271 = CARTESIAN_POINT ( 'NONE',  ( 1.533279269595172023, 2.099837808785518956, -4.799837808785516025 ) ) ;
#1272 = DIRECTION ( 'NONE',  ( 0.000000000000000000, -0.7071067811865519026, 0.7071067811865431318 ) ) ;
#1273 = DIRECTION ( 'NONE',  ( 1.000000000000000000, 0.000000000000000000, 0.000000000000000000 ) ) ;
#1274 = EDGE_CURVE ( 'NONE', #155, #2251, #1350, .T. ) ;
#1275 = EDGE_CURVE ( 'NONE', #482, #768, #491, .T. ) ;
#1276 = ADVANCED_FACE ( 'NONE', ( #969 ), #245, .T. ) ;
#1277 = ORIENTED_EDGE ( 'NONE', *, *, #1687, .F. ) ;
#1278 = ORIENTED_EDGE ( 'NONE', *, *, #2181, .F. ) ;
#1279 = CARTESIAN_POINT ( 'NONE',  ( -28.09999999999995879, 2.326828918379986649E-16, -5.000000000000000000 ) ) ;
#1280 = CONICAL_SURFACE ( 'NONE', #2361, 2.800000000000002043, 0.7853981633974490562 ) ;
#1281 = EDGE_CURVE ( 'NONE', #2496, #1580, #1448, .T. ) ;
#1282 = ORIENTED_EDGE ( 'NONE', *, *, #1152, .T. ) ;
#1283 = ORIENTED_EDGE ( 'NONE', *, *, #813, .F. ) ;
#1284 = SHAPE_DEFINITION_REPRESENTATION ( #1386, #748 ) ;
#1285 = CARTESIAN_POINT ( 'NONE',  ( -5.999999999999995559, -7.199999999999998401, 1.838477631085038144 ) ) ;
#1286 = ORIENTED_EDGE ( 'NONE', *, *, #600, .T. ) ;
#1287 = APPLICATION_PROTOCOL_DEFINITION ( 'draft international standard', 'automotive_design', 1998, #127 ) ;
#1288 = LINE ( 'NONE', #1410, #1006 ) ;
#1289 = DIRECTION ( 'NONE',  ( 0.7071067811865489050, 8.518296759352094569E-17, 0.7071067811865460184 ) ) ;
#1290 = VERTEX_POINT ( 'NONE', #1730 ) ;
#1291 = ADVANCED_FACE ( 'NONE', ( #1766 ), #2123, .T. ) ;
#1292 = VECTOR ( 'NONE', #1932, 1000.000000000000000 ) ;
#1293 = DIRECTION ( 'NONE',  ( -0.000000000000000000, -0.000000000000000000, -1.000000000000000000 ) ) ;
#1294 = ORIENTED_EDGE ( 'NONE', *, *, #1791, .F. ) ;
#1295 = EDGE_CURVE ( 'NONE', #2496, #1465, #1311, .T. ) ;
#1296 = ADVANCED_FACE ( 'NONE', ( #557 ), #2291, .F. ) ;
#1297 = CARTESIAN_POINT ( 'NONE',  ( -29.99999999999997158, 2.300000000000002043, -5.000000000000000000 ) ) ;
#1298 = DIRECTION ( 'NONE',  ( 0.7071067811865449082, 8.726060094946000865E-17, 0.7071067811865502373 ) ) ;
#1299 = VERTEX_POINT ( 'NONE', #1772 ) ;
#1300 = CARTESIAN_POINT ( 'NONE',  ( 6.041128587943871630E-14, 7.500000000000000888, -4.699999999999998401 ) ) ;
#1301 = DIRECTION ( 'NONE',  ( 0.7071067811865431318, 8.726060094945978679E-17, -0.7071067811865517916 ) ) ;
#1302 = ORIENTED_EDGE ( 'NONE', *, *, #1641, .F. ) ;
#1303 = AXIS2_PLACEMENT_3D ( 'NONE', #837, #2015, #2222 ) ;
#1304 = CONICAL_SURFACE ( 'NONE', #1705, 1.600000000000000755, 0.7853981633974537191 ) ;
#1305 = CIRCLE ( 'NONE', #2026, 1.300000000000002487 ) ;
#1306 = PLANE ( 'NONE',  #2320 ) ;
#1307 = ORIENTED_EDGE ( 'NONE', *, *, #2044, .F. ) ;
#1308 = ADVANCED_FACE ( 'NONE', ( #1127 ), #618, .F. ) ;
#1309 = CARTESIAN_POINT ( 'NONE',  ( 0.000000000000000000, 0.000000000000000000, -4.699999999999998401 ) ) ;
#1310 = LINE ( 'NONE', #590, #91 ) ;
#1311 = LINE ( 'NONE', #602, #731 ) ;
#1312 = DIRECTION ( 'NONE',  ( -1.000000000000000000, -1.204669080539449344E-16, 0.000000000000000000 ) ) ;
#1313 = ORIENTED_EDGE ( 'NONE', *, *, #1088, .F. ) ;
#1314 = ORIENTED_EDGE ( 'NONE', *, *, #1955, .F. ) ;
#1315 = DIRECTION ( 'NONE',  ( 0.000000000000000000, 0.000000000000000000, 1.000000000000000000 ) ) ;
#1316 = DIRECTION ( 'NONE',  ( -0.000000000000000000, -1.000000000000000000, -0.000000000000000000 ) ) ;
#1317 = VERTEX_POINT ( 'NONE', #785 ) ;
#1318 = EDGE_CURVE ( 'NONE', #2452, #2296, #32, .T. ) ;
#1319 = ORIENTED_EDGE ( 'NONE', *, *, #1411, .F. ) ;
#1320 = DIRECTION ( 'NONE',  ( 1.000000000000000000, 0.000000000000000000, 0.000000000000000000 ) ) ;
#1321 = LINE ( 'NONE', #1785, #1851 ) ;
#1322 = FACE_OUTER_BOUND ( 'NONE', #167, .T. ) ;
#1323 = VERTEX_POINT ( 'NONE', #1202 ) ;
#1324 = CARTESIAN_POINT ( 'NONE',  ( 0.000000000000000000, 0.000000000000000000, -5.000000000000000000 ) ) ;
#1325 = CARTESIAN_POINT ( 'NONE',  ( -6.000000000000000888, 7.500000000000001776, 2.687005768508864634 ) ) ;
#1326 = AXIS2_PLACEMENT_3D ( 'NONE', #2454, #1092, #1885 ) ;
#1327 = DIRECTION ( 'NONE',  ( 0.000000000000000000, 0.000000000000000000, 1.000000000000000000 ) ) ;
#1328 = EDGE_CURVE ( 'NONE', #565, #310, #845, .T. ) ;
#1329 = DIRECTION ( 'NONE',  ( 0.000000000000000000, -1.000000000000000000, 0.000000000000000000 ) ) ;
#1330 = EDGE_CURVE ( 'NONE', #2457, #2000, #1995, .T. ) ;
#1331 = EDGE_LOOP ( 'NONE', ( #693, #1034, #1907, #1556 ) ) ;
#1332 = DIRECTION ( 'NONE',  ( -1.000000000000000000, -1.141265444721587948E-16, 0.000000000000000000 ) ) ;
#1333 = DIRECTION ( 'NONE',  ( -0.6906814144933464128, -0.1515228816828314840, -0.7071067811865481278 ) ) ;
#1334 = STYLED_ITEM ( 'NONE', ( #2068 ), #748 ) ;
#1335 = ADVANCED_FACE ( 'NONE', ( #614 ), #481, .T. ) ;
#1336 = CARTESIAN_POINT ( 'NONE',  ( 0.000000000000000000, 0.000000000000000000, -4.699999999999998401 ) ) ;
#1337 = CARTESIAN_POINT ( 'NONE',  ( -12.60000000000000142, 6.500000000000002665, -5.000000000000000000 ) ) ;
#1338 = LINE ( 'NONE', #1960, #2504 ) ;
#1339 = VECTOR ( 'NONE', #523, 1000.000000000000000 ) ;
#1340 = ORIENTED_EDGE ( 'NONE', *, *, #1134, .T. ) ;
#1341 = CARTESIAN_POINT ( 'NONE',  ( 6.211613058720862728E-14, -7.199999999999995737, 5.000000000000000000 ) ) ;
#1342 = CARTESIAN_POINT ( 'NONE',  ( -7.600000000000000533, 1.919760646747666649E-15, 1.734723475976807094E-15 ) ) ;
#1343 = DIRECTION ( 'NONE',  ( 0.000000000000000000, 0.000000000000000000, -1.000000000000000000 ) ) ;
#1344 = ORIENTED_EDGE ( 'NONE', *, *, #881, .T. ) ;
#1345 = CARTESIAN_POINT ( 'NONE',  ( -7.300000000000001599, -0.6000000000000067502, 1.734723475976807094E-15 ) ) ;
#1346 = ORIENTED_EDGE ( 'NONE', *, *, #495, .F. ) ;
#1347 = AXIS2_PLACEMENT_3D ( 'NONE', #1603, #1985, #2397 ) ;
#1348 = EDGE_CURVE ( 'NONE', #1906, #426, #1338, .T. ) ;
#1349 = EDGE_LOOP ( 'NONE', ( #1921, #35, #130, #1765 ) ) ;
#1350 = CIRCLE ( 'NONE', #2144, 1.599999999999999867 ) ;
#1351 = CARTESIAN_POINT ( 'NONE',  ( -10.70000000000000107, 1.299999999999998712, -5.000000000000000000 ) ) ;
#1352 = VERTEX_POINT ( 'NONE', #2546 ) ;
#1353 = VERTEX_POINT ( 'NONE', #414 ) ;
#1354 = CONICAL_SURFACE ( 'NONE', #57, 0.6999999999999940714, 0.7853981633974554954 ) ;
#1355 = CARTESIAN_POINT ( 'NONE',  ( -5.999999999999996447, -18.80000000000000782, 1.734723475976807094E-15 ) ) ;
#1356 = EDGE_LOOP ( 'NONE', ( #735, #1845, #220, #463 ) ) ;
#1357 = LINE ( 'NONE', #52, #1770 ) ;
#1358 = CARTESIAN_POINT ( 'NONE',  ( -5.999999999999997335, -0.3000000000000007105, 2.262741699796971151 ) ) ;
#1359 = EDGE_LOOP ( 'NONE', ( #1346, #678, #1481, #828 ) ) ;
#1360 = CARTESIAN_POINT ( 'NONE',  ( -13.29999999999999893, 7.200000000000001066, -5.000000000000000000 ) ) ;
#1361 = ORIENTED_EDGE ( 'NONE', *, *, #2298, .T. ) ;
#1362 = EDGE_CURVE ( 'NONE', #1820, #1847, #2379, .T. ) ;
#1363 = CONICAL_SURFACE ( 'NONE', #1780, 0.6999999999999940714, 0.7853981633974554954 ) ;
#1364 = DIRECTION ( 'NONE',  ( -1.000000000000000000, 0.000000000000000000, 0.000000000000000000 ) ) ;
#1365 = LINE ( 'NONE', #2261, #2371 ) ;
#1366 = DIRECTION ( 'NONE',  ( -1.000000000000000000, 0.000000000000000000, 0.000000000000000000 ) ) ;
#1367 = CARTESIAN_POINT ( 'NONE',  ( 6.215082505672815080E-14, 7.500000000000000888, -4.699999999999998401 ) ) ;
#1368 = ORIENTED_EDGE ( 'NONE', *, *, #1502, .F. ) ;
#1369 = DIRECTION ( 'NONE',  ( 0.000000000000000000, 0.000000000000000000, -1.000000000000000000 ) ) ;
#1370 = DIRECTION ( 'NONE',  ( -1.000000000000000000, 1.156482317317871725E-16, 0.000000000000000000 ) ) ;
#1371 = LINE ( 'NONE', #1072, #512 ) ;
#1372 = LINE ( 'NONE', #1806, #1537 ) ;
#1373 = DIRECTION ( 'NONE',  ( 0.7071067811865461294, -8.177564888977980612E-17, 0.7071067811865489050 ) ) ;
#1374 = ORIENTED_EDGE ( 'NONE', *, *, #616, .T. ) ;
#1375 = CIRCLE ( 'NONE', #455, 1.599999999999999867 ) ;
#1376 = VECTOR ( 'NONE', #2453, 1000.000000000000114 ) ;
#1377 = FACE_OUTER_BOUND ( 'NONE', #620, .T. ) ;
#1378 = EDGE_CURVE ( 'NONE', #155, #9, #1473, .T. ) ;
#1379 = DIRECTION ( 'NONE',  ( -0.7071067811865461294, 8.177564888977980612E-17, 0.7071067811865490160 ) ) ;
#1380 = DIRECTION ( 'NONE',  ( -1.000000000000000000, 0.000000000000000000, 0.000000000000000000 ) ) ;
#1381 = ORIENTED_EDGE ( 'NONE', *, *, #2275, .T. ) ;
#1382 = AXIS2_PLACEMENT_3D ( 'NONE', #364, #2314, #1756 ) ;
#1383 = EDGE_LOOP ( 'NONE', ( #543, #1080, #1836, #1069 ) ) ;
#1384 = ORIENTED_EDGE ( 'NONE', *, *, #286, .F. ) ;
#1385 = EDGE_CURVE ( 'NONE', #83, #1417, #808, .T. ) ;
#1386 = PRODUCT_DEFINITION_SHAPE ( 'NONE', 'NONE',  #1231 ) ;
#1387 = VERTEX_POINT ( 'NONE', #2354 ) ;
#1388 = EDGE_CURVE ( 'NONE', #1234, #2215, #1990, .T. ) ;
#1389 = EDGE_CURVE ( 'NONE', #522, #690, #420, .T. ) ;
#1390 = CIRCLE ( 'NONE', #1846, 7.500000000000003553 ) ;
#1391 = ADVANCED_FACE ( 'NONE', ( #1408 ), #1591, .F. ) ;
#1392 = EDGE_LOOP ( 'NONE', ( #650, #370, #1201, #1103 ) ) ;
#1393 = LINE ( 'NONE', #371, #41 ) ;
#1394 = DIRECTION ( 'NONE',  ( 1.000000000000000000, 0.000000000000000000, 0.000000000000000000 ) ) ;
#1395 = CARTESIAN_POINT ( 'NONE',  ( -6.631370849898506670, -0.3000000000000007661, 1.631370849898457154 ) ) ;
#1396 = ORIENTED_EDGE ( 'NONE', *, *, #24, .F. ) ;
#1397 = DIRECTION ( 'NONE',  ( 0.000000000000000000, 1.000000000000000000, -0.000000000000000000 ) ) ;
#1398 = DIRECTION ( 'NONE',  ( -0.000000000000000000, -0.000000000000000000, -1.000000000000000000 ) ) ;
#1399 = ORIENTED_EDGE ( 'NONE', *, *, #399, .T. ) ;
#1400 = CARTESIAN_POINT ( 'NONE',  ( -28.39999999999997016, 0.000000000000000000, 4.699999999999999289 ) ) ;
#1401 = ORIENTED_EDGE ( 'NONE', *, *, #1969, .F. ) ;
#1402 = PLANE ( 'NONE',  #2049 ) ;
#1403 = AXIS2_PLACEMENT_3D ( 'NONE', #1207, #1833, #647 ) ;
#1404 = EDGE_CURVE ( 'NONE', #2390, #888, #357, .T. ) ;
#1405 = FACE_OUTER_BOUND ( 'NONE', #1445, .T. ) ;
#1406 = DIRECTION ( 'NONE',  ( -0.000000000000000000, -0.000000000000000000, 1.000000000000000000 ) ) ;
#1407 = CARTESIAN_POINT ( 'NONE',  ( -10.70000000000000107, 1.299999999999998712, -5.000000000000000000 ) ) ;
#1408 = FACE_OUTER_BOUND ( 'NONE', #1873, .T. ) ;
#1409 = FACE_OUTER_BOUND ( 'NONE', #1462, .T. ) ;
#1410 = CARTESIAN_POINT ( 'NONE',  ( -11.70000000000000107, 1.299999999999998712, -4.699999999999998401 ) ) ;
#1411 = EDGE_CURVE ( 'NONE', #744, #1485, #2316, .T. ) ;
#1412 = DIRECTION ( 'NONE',  ( 1.000000000000000000, -1.156482317317871478E-16, 0.000000000000000000 ) ) ;
#1413 = ORIENTED_EDGE ( 'NONE', *, *, #1616, .T. ) ;
#1414 = FACE_OUTER_BOUND ( 'NONE', #1349, .T. ) ;
#1415 = CARTESIAN_POINT ( 'NONE',  ( -2.734958866235468466, 0.5999999999999996447, -4.699999999999998401 ) ) ;
#1416 = CARTESIAN_POINT ( 'NONE',  ( -12.60000000000000675, 6.500000000000002665, 5.000000000000000000 ) ) ;
#1417 = VERTEX_POINT ( 'NONE', #1629 ) ;
#1418 = EDGE_LOOP ( 'NONE', ( #2128, #877, #79, #1747 ) ) ;
#1419 = CARTESIAN_POINT ( 'NONE',  ( 1.499999999999999334, 2.000000000000000444, 4.699999999999998401 ) ) ;
#1420 = ORIENTED_EDGE ( 'NONE', *, *, #1437, .F. ) ;
#1421 = VERTEX_POINT ( 'NONE', #1577 ) ;
#1422 = ORIENTED_EDGE ( 'NONE', *, *, #835, .T. ) ;
#1423 = FACE_OUTER_BOUND ( 'NONE', #1432, .T. ) ;
#1424 = EDGE_CURVE ( 'NONE', #2296, #879, #1489, .T. ) ;
#1425 = VERTEX_POINT ( 'NONE', #229 ) ;
#1426 = DIRECTION ( 'NONE',  ( 4.807406715958910281E-16, 0.5773502691896273964, -0.8164965809277247022 ) ) ;
#1427 = CARTESIAN_POINT ( 'NONE',  ( -11.30000000000000071, 0.6999999999999987343, -4.699999999999998401 ) ) ;
#1428 = AXIS2_PLACEMENT_3D ( 'NONE', #2502, #1057, #1233 ) ;
#1429 = VERTEX_POINT ( 'NONE', #630 ) ;
#1430 = DIRECTION ( 'NONE',  ( 1.000000000000000000, 0.000000000000000000, 0.000000000000000000 ) ) ;
#1431 = CARTESIAN_POINT ( 'NONE',  ( -11.30000000000000071, -0.3000000000000013767, 4.699999999999998401 ) ) ;
#1432 = EDGE_LOOP ( 'NONE', ( #1952, #1002, #2482, #1267 ) ) ;
#1433 = STYLED_ITEM ( 'NONE', ( #1895 ), #955 ) ;
#1434 = LINE ( 'NONE', #2514, #1933 ) ;
#1435 = EDGE_CURVE ( 'NONE', #1010, #2004, #1009, .T. ) ;
#1436 = FACE_OUTER_BOUND ( 'NONE', #617, .T. ) ;
#1437 = EDGE_CURVE ( 'NONE', #768, #1387, #42, .T. ) ;
#1438 = CARTESIAN_POINT ( 'NONE',  ( -11.39999999999999325, 1.299999999999998268, 5.000000000000000000 ) ) ;
#1439 = CARTESIAN_POINT ( 'NONE',  ( -4.400000000000001243, 1.549686305205947540E-15, 1.930666963840383568E-15 ) ) ;
#1440 = CARTESIAN_POINT ( 'NONE',  ( -13.29999999999999893, 7.199999999999996625, 5.000000000000000000 ) ) ;
#1441 = AXIS2_PLACEMENT_3D ( 'NONE', #2539, #1369, #1364 ) ;
#1442 = LINE ( 'NONE', #894, #1904 ) ;
#1443 = DIRECTION ( 'NONE',  ( -1.000000000000000000, 0.000000000000000000, 0.000000000000000000 ) ) ;
#1444 = CONICAL_SURFACE ( 'NONE', #1451, 2.800000000000001155, 0.7853981633974476129 ) ;
#1445 = EDGE_LOOP ( 'NONE', ( #2423, #2103, #588, #2111 ) ) ;
#1446 = ORIENTED_EDGE ( 'NONE', *, *, #885, .F. ) ;
#1447 = DIRECTION ( 'NONE',  ( 0.000000000000000000, 0.000000000000000000, 1.000000000000000000 ) ) ;
#1448 = LINE ( 'NONE', #1536, #1819 ) ;
#1449 = DIRECTION ( 'NONE',  ( -0.000000000000000000, -1.000000000000000000, -0.000000000000000000 ) ) ;
#1450 = FACE_OUTER_BOUND ( 'NONE', #541, .T. ) ;
#1451 = AXIS2_PLACEMENT_3D ( 'NONE', #501, #1871, #274 ) ;
#1452 = ORIENTED_EDGE ( 'NONE', *, *, #281, .T. ) ;
#1453 = CARTESIAN_POINT ( 'NONE',  ( 0.000000000000000000, 0.000000000000000000, 5.000000000000000000 ) ) ;
#1454 = VECTOR ( 'NONE', #954, 1000.000000000000000 ) ;
#1455 = DIRECTION ( 'NONE',  ( 0.000000000000000000, -0.000000000000000000, -1.000000000000000000 ) ) ;
#1456 = EDGE_LOOP ( 'NONE', ( #2242, #1065, #16, #1704, #38, #2039 ) ) ;
#1457 = ADVANCED_FACE ( 'NONE', ( #1142 ), #2007, .T. ) ;
#1458 = CARTESIAN_POINT ( 'NONE',  ( -12.30000000000000071, 0.6999999999999987343, 4.699999999999998401 ) ) ;
#1459 = EDGE_CURVE ( 'NONE', #1485, #923, #624, .T. ) ;
#1460 = VECTOR ( 'NONE', #520, 1000.000000000000227 ) ;
#1461 = CARTESIAN_POINT ( 'NONE',  ( -13.29999999999999893, 6.500000000000002665, 4.699999999999998401 ) ) ;
#1462 = EDGE_LOOP ( 'NONE', ( #1361, #1670, #1029, #2046 ) ) ;
#1463 = CYLINDRICAL_SURFACE ( 'NONE', #598, 1.300000000000002487 ) ;
#1464 = CARTESIAN_POINT ( 'NONE',  ( -11.70000000000000107, 1.299999999999998712, -4.699999999999998401 ) ) ;
#1465 = VERTEX_POINT ( 'NONE', #1004 ) ;
#1466 = CARTESIAN_POINT ( 'NONE',  ( 1.596871942267736877, 2.299999999999581490, -5.000000000000000000 ) ) ;
#1467 = EDGE_CURVE ( 'NONE', #2137, #1847, #1625, .T. ) ;
#1468 = PLANE ( 'NONE',  #2042 ) ;
#1469 = VECTOR ( 'NONE', #1315, 1000.000000000000000 ) ;
#1470 =( GEOMETRIC_REPRESENTATION_CONTEXT ( 3 ) GLOBAL_UNCERTAINTY_ASSIGNED_CONTEXT ( ( #2327 ) ) GLOBAL_UNIT_ASSIGNED_CONTEXT ( ( #1934, #1533, #778 ) ) REPRESENTATION_CONTEXT ( 'NONE', 'WORKASPACE' ) );
#1471 = ADVANCED_FACE ( 'NONE', ( #2196 ), #2179, .F. ) ;
#1472 = DIRECTION ( 'NONE',  ( 1.000000000000000000, 0.000000000000000000, 0.000000000000000000 ) ) ;
#1473 = LINE ( 'NONE', #966, #928 ) ;
#1474 = EDGE_CURVE ( 'NONE', #1113, #1299, #2116, .T. ) ;
#1475 = CARTESIAN_POINT ( 'NONE',  ( -10.70000000000000107, 1.299999999999998712, 5.000000000000000000 ) ) ;
#1476 = EDGE_CURVE ( 'NONE', #1981, #201, #550, .T. ) ;
#1477 = CARTESIAN_POINT ( 'NONE',  ( -4.868629150101526193, 0.5999999999999936495, 1.131370849898479580 ) ) ;
#1478 = AXIS2_PLACEMENT_3D ( 'NONE', #1968, #775, #1366 ) ;
#1479 = FACE_OUTER_BOUND ( 'NONE', #157, .T. ) ;
#1480 = CARTESIAN_POINT ( 'NONE',  ( -4.868629150101510206, -0.3000000000000005440, 1.131370849898472697 ) ) ;
#1481 = ORIENTED_EDGE ( 'NONE', *, *, #1058, .T. ) ;
#1482 = ORIENTED_EDGE ( 'NONE', *, *, #1476, .T. ) ;
#1483 = DIRECTION ( 'NONE',  ( 0.000000000000000000, 0.000000000000000000, 1.000000000000000000 ) ) ;
#1484 = ORIENTED_EDGE ( 'NONE', *, *, #2381, .F. ) ;
#1485 = VERTEX_POINT ( 'NONE', #1431 ) ;
#1486 = CIRCLE ( 'NONE', #1796, 7.200000000000001954 ) ;
#1487 = CARTESIAN_POINT ( 'NONE',  ( -2.734958866235468466, 0.6000000000000051958, 5.000000000000000000 ) ) ;
#1488 = VECTOR ( 'NONE', #2350, 1000.000000000000000 ) ;
#1489 = LINE ( 'NONE', #1020, #2074 ) ;
#1490 = ORIENTED_EDGE ( 'NONE', *, *, #2447, .F. ) ;
#1491 = CARTESIAN_POINT ( 'NONE',  ( -1.499999999999999334, 2.000000000000000444, -4.699999999999998401 ) ) ;
#1492 = AXIS2_PLACEMENT_3D ( 'NONE', #2016, #1818, #1829 ) ;
#1493 = EDGE_CURVE ( 'NONE', #1718, #94, #480, .T. ) ;
#1494 = CARTESIAN_POINT ( 'NONE',  ( -12.30000000000000071, 6.500000000000002665, 4.699999999999998401 ) ) ;
#1495 = CARTESIAN_POINT ( 'NONE',  ( 1.499999999999999334, 2.000000000000000444, 4.699999999999998401 ) ) ;
#1496 = VECTOR ( 'NONE', #1104, 1000.000000000000114 ) ;
#1497 = DIRECTION ( 'NONE',  ( 0.7071067811865474617, 0.000000000000000000, 0.7071067811865474617 ) ) ;
#1498 = AXIS2_PLACEMENT_3D ( 'NONE', #1324, #2283, #2490 ) ;
#1499 = ADVANCED_FACE ( 'NONE', ( #1606 ), #1989, .T. ) ;
#1500 = DIRECTION ( 'NONE',  ( -0.7071067811865515695, 0.000000000000000000, 0.7071067811865434649 ) ) ;
#1501 = EDGE_CURVE ( 'NONE', #1165, #1317, #27, .T. ) ;
#1502 = EDGE_CURVE ( 'NONE', #1181, #2452, #1123, .T. ) ;
#1503 = ADVANCED_FACE ( 'NONE', ( #84 ), #1665, .F. ) ;
#1504 = VECTOR ( 'NONE', #2265, 999.9999999999998863 ) ;
#1505 = LINE ( 'NONE', #566, #53 ) ;
#1506 = CARTESIAN_POINT ( 'NONE',  ( -11.30000000000000071, -0.3000000000000013767, -4.699999999999998401 ) ) ;
#1507 = VERTEX_POINT ( 'NONE', #2227 ) ;
#1508 = DIRECTION ( 'NONE',  ( 1.000000000000000000, 0.000000000000000000, -0.000000000000000000 ) ) ;
#1509 = LINE ( 'NONE', #886, #60 ) ;
#1510 = ADVANCED_FACE ( 'NONE', ( #2113 ), #546, .T. ) ;
#1511 = CARTESIAN_POINT ( 'NONE',  ( -6.000000000000000888, 1.734723475976807094E-15, 1.734723475976807094E-15 ) ) ;
#1512 = EDGE_CURVE ( 'NONE', #1718, #1617, #196, .T. ) ;
#1513 = EDGE_LOOP ( 'NONE', ( #437, #277, #1045, #2092 ) ) ;
#1514 = ORIENTED_EDGE ( 'NONE', *, *, #2383, .T. ) ;
#1515 = ORIENTED_EDGE ( 'NONE', *, *, #461, .T. ) ;
#1516 = ADVANCED_FACE ( 'NONE', ( #1601 ), #673, .F. ) ;
#1517 = CLOSED_SHELL ( 'NONE', ( #2491, #1457, #2369, #863, #2255, #2119, #1729, #334, #1961, #902, #1744, #1471, #320, #2105, #1875, #2299, #733, #1882, #2382, #1594, #383, #2427, #113, #215, #1130, #278, #1203, #595, #1973, #2279, #515, #1910, #2271, #1114, #770, #1510, #532, #668, #2133, #2059, #1308, #850, #525, #204, #1578, #892, #307, #1889, #1896, #2034, #1296, #889, #1067, #1391, #1335, #1276, #801, #145, #1715, #1499, #510, #1531, #547, #1084, #1516, #1627, #1546, #1291, #1251, #792, #1503, #913, #315, #349, #1237, #456, #2285, #1661, #2079, #2345, #619, #718, #2475, #1927, #1699, #2506, #563, #131, #1001, #2088 ) ) ;
#1518 = APPLICATION_CONTEXT ( 'automotive_design' ) ;
#1519 = FACE_BOUND ( 'NONE', #429, .T. ) ;
#1520 = CARTESIAN_POINT ( 'NONE',  ( -11.70000000000000107, 0.2999999999999985456, -5.000000000000000000 ) ) ;
#1521 = EDGE_LOOP ( 'NONE', ( #701, #123, #834, #1795 ) ) ;
#1522 = LINE ( 'NONE', #1540, #623 ) ;
#1523 = PRESENTATION_LAYER_ASSIGNMENT (  '', '', ( #1433 ) ) ;
#1524 = ORIENTED_EDGE ( 'NONE', *, *, #1151, .T. ) ;
#1525 = CARTESIAN_POINT ( 'NONE',  ( 0.000000000000000000, 0.000000000000000000, -4.699999999999998401 ) ) ;
#1526 = EDGE_CURVE ( 'NONE', #1387, #1580, #1051, .T. ) ;
#1527 = EDGE_CURVE ( 'NONE', #1062, #72, #478, .T. ) ;
#1528 = CARTESIAN_POINT ( 'NONE',  ( -2.734958866235468466, 0.6000000000000051958, 5.000000000000000000 ) ) ;
#1529 = DIRECTION ( 'NONE',  ( 0.000000000000000000, 0.000000000000000000, 1.000000000000000000 ) ) ;
#1530 = ORIENTED_EDGE ( 'NONE', *, *, #257, .F. ) ;
#1531 = ADVANCED_FACE ( 'NONE', ( #1535 ), #1280, .F. ) ;
#1532 = DIRECTION ( 'NONE',  ( -1.000000000000000000, 0.000000000000000000, 0.000000000000000000 ) ) ;
#1533 =( NAMED_UNIT ( * ) PLANE_ANGLE_UNIT ( ) SI_UNIT ( $, .RADIAN. ) );
#1534 = ORIENTED_EDGE ( 'NONE', *, *, #1467, .F. ) ;
#1535 = FACE_OUTER_BOUND ( 'NONE', #932, .T. ) ;
#1536 = CARTESIAN_POINT ( 'NONE',  ( 6.211613058720861466E-14, -7.199999999999999289, -5.000000000000000000 ) ) ;
#1537 = VECTOR ( 'NONE', #1007, 999.9999999999998863 ) ;
#1538 = CONICAL_SURFACE ( 'NONE', #864, 1.300000000000002487, 0.7853981633974425058 ) ;
#1539 = CARTESIAN_POINT ( 'NONE',  ( -29.99999999999997158, 0.000000000000000000, 5.000000000000000000 ) ) ;
#1540 = CARTESIAN_POINT ( 'NONE',  ( -13.29999999999999893, 7.500000000000002665, 5.000000000000000000 ) ) ;
#1541 = VERTEX_POINT ( 'NONE', #687 ) ;
#1542 = CARTESIAN_POINT ( 'NONE',  ( -5.999999999999993783, -18.80000000000000782, 1.838477631085038144 ) ) ;
#1543 = DIRECTION ( 'NONE',  ( 1.000000000000000000, 0.000000000000000000, 0.000000000000000000 ) ) ;
#1544 = VECTOR ( 'NONE', #1272, 1000.000000000000000 ) ;
#1545 = EDGE_CURVE ( 'NONE', #2142, #1299, #302, .T. ) ;
#1546 = ADVANCED_FACE ( 'NONE', ( #986 ), #2095, .T. ) ;
#1547 = CIRCLE ( 'NONE', #1326, 1.899999999999991918 ) ;
#1548 = ORIENTED_EDGE ( 'NONE', *, *, #1996, .F. ) ;
#1549 = CARTESIAN_POINT ( 'NONE',  ( -13.29999999999999893, 7.500000000000002665, 4.699999999999998401 ) ) ;
#1550 = ORIENTED_EDGE ( 'NONE', *, *, #2334, .F. ) ;
#1551 = EDGE_CURVE ( 'NONE', #310, #1421, #152, .T. ) ;
#1552 = ORIENTED_EDGE ( 'NONE', *, *, #1083, .F. ) ;
#1553 = CARTESIAN_POINT ( 'NONE',  ( 6.041128587943871630E-14, 7.500000000000000888, 5.000000000000000000 ) ) ;
#1554 = ORIENTED_EDGE ( 'NONE', *, *, #1638, .T. ) ;
#1555 = LINE ( 'NONE', #1227, #1257 ) ;
#1556 = ORIENTED_EDGE ( 'NONE', *, *, #1697, .F. ) ;
#1557 = VECTOR ( 'NONE', #1174, 1000.000000000000114 ) ;
#1558 = FACE_OUTER_BOUND ( 'NONE', #562, .T. ) ;
#1559 = ORIENTED_EDGE ( 'NONE', *, *, #1793, .T. ) ;
#1560 = DIRECTION ( 'NONE',  ( -1.000000000000000000, -1.234051253235533540E-16, 0.000000000000000000 ) ) ;
#1561 = CARTESIAN_POINT ( 'NONE',  ( -4.868629150101526193, 1.734723475976807094E-15, 1.131370849898479580 ) ) ;
#1562 = CARTESIAN_POINT ( 'NONE',  ( -29.99999999999993605, -7.500000000000004441, 4.699999999999998401 ) ) ;
#1563 = EDGE_LOOP ( 'NONE', ( #252, #2125, #1384, #825 ) ) ;
#1564 = DIRECTION ( 'NONE',  ( -1.251002506714043540E-16, 1.000000000000000000, -0.000000000000000000 ) ) ;
#1565 = MECHANICAL_DESIGN_GEOMETRIC_PRESENTATION_REPRESENTATION (  '', ( #1334 ), #2185 ) ;
#1566 = CARTESIAN_POINT ( 'NONE',  ( -5.999999999999993783, -18.80000000000000782, 1.838477631085038144 ) ) ;
#1567 = CONICAL_SURFACE ( 'NONE', #2455, 2.500000000000000000, 0.7853981633974548293 ) ;
#1568 = VECTOR ( 'NONE', #971, 1000.000000000000114 ) ;
#1569 = DIRECTION ( 'NONE',  ( 0.7071067811865449082, 8.726060094946002098E-17, 0.7071067811865502373 ) ) ;
#1570 = ORIENTED_EDGE ( 'NONE', *, *, #413, .F. ) ;
#1571 = DIRECTION ( 'NONE',  ( 1.000000000000000000, 0.000000000000000000, 0.000000000000000000 ) ) ;
#1572 = CARTESIAN_POINT ( 'NONE',  ( 1.596871942267737987, 2.299999999999585931, 5.000000000000000000 ) ) ;
#1573 = AXIS2_PLACEMENT_3D ( 'NONE', #1887, #2086, #896 ) ;
#1574 = CYLINDRICAL_SURFACE ( 'NONE', #1967, 1.000000000000000888 ) ;
#1575 = EDGE_CURVE ( 'NONE', #2067, #711, #569, .T. ) ;
#1576 = ORIENTED_EDGE ( 'NONE', *, *, #509, .T. ) ;
#1577 = CARTESIAN_POINT ( 'NONE',  ( -5.080761184457478485, -0.6000000000000067502, 0.9192388155425080809 ) ) ;
#1578 = ADVANCED_FACE ( 'NONE', ( #1558 ), #1538, .F. ) ;
#1579 = ORIENTED_EDGE ( 'NONE', *, *, #1078, .F. ) ;
#1580 = VERTEX_POINT ( 'NONE', #2445 ) ;
#1581 = EDGE_LOOP ( 'NONE', ( #1186, #2328, #2274, #2030 ) ) ;
#1582 = CIRCLE ( 'NONE', #1156, 1.000000000000000888 ) ;
#1583 = CARTESIAN_POINT ( 'NONE',  ( -28.39999999999997016, 1.959434878635768681E-16, -4.699999999999996625 ) ) ;
#1584 = EDGE_LOOP ( 'NONE', ( #373, #524, #795, #1838 ) ) ;
#1585 = FACE_OUTER_BOUND ( 'NONE', #797, .T. ) ;
#1586 = DIRECTION ( 'NONE',  ( 1.000000000000000000, 1.234051253235533540E-16, 0.000000000000000000 ) ) ;
#1587 = AXIS2_PLACEMENT_3D ( 'NONE', #1015, #1224, #1430 ) ;
#1588 = VERTEX_POINT ( 'NONE', #2430 ) ;
#1589 = LINE ( 'NONE', #764, #2431 ) ;
#1590 = ORIENTED_EDGE ( 'NONE', *, *, #2249, .F. ) ;
#1591 = PLANE ( 'NONE',  #1680 ) ;
#1592 = CARTESIAN_POINT ( 'NONE',  ( -11.40000000000000036, 6.500000000000001776, -5.000000000000000000 ) ) ;
#1593 = DIRECTION ( 'NONE',  ( -0.000000000000000000, -1.000000000000000000, -0.000000000000000000 ) ) ;
#1594 = ADVANCED_FACE ( 'NONE', ( #25 ), #2326, .T. ) ;
#1595 = DIRECTION ( 'NONE',  ( -0.000000000000000000, -0.000000000000000000, -1.000000000000000000 ) ) ;
#1596 = AXIS2_PLACEMENT_3D ( 'NONE', #2466, #1924, #308 ) ;
#1597 = ORIENTED_EDGE ( 'NONE', *, *, #1411, .T. ) ;
#1598 = CARTESIAN_POINT ( 'NONE',  ( -6.000000000000000000, 7.200000000000005507, 1.734723475976807094E-15 ) ) ;
#1599 = ORIENTED_EDGE ( 'NONE', *, *, #2020, .F. ) ;
#1600 = ORIENTED_EDGE ( 'NONE', *, *, #2120, .T. ) ;
#1601 = FACE_OUTER_BOUND ( 'NONE', #526, .T. ) ;
#1602 = DIRECTION ( 'NONE',  ( 1.000000000000000000, 1.156482317317871478E-16, -0.000000000000000000 ) ) ;
#1603 = CARTESIAN_POINT ( 'NONE',  ( -6.000000000000000888, 0.2999999999999992673, 1.734723475976807094E-15 ) ) ;
#1604 = LINE ( 'NONE', #2195, #2051 ) ;
#1605 = AXIS2_PLACEMENT_3D ( 'NONE', #1245, #1043, #2434 ) ;
#1606 = FACE_OUTER_BOUND ( 'NONE', #682, .T. ) ;
#1607 = DIRECTION ( 'NONE',  ( 1.000000000000000000, 0.000000000000000000, 0.000000000000000000 ) ) ;
#1608 = LINE ( 'NONE', #1566, #1671 ) ;
#1609 = CARTESIAN_POINT ( 'NONE',  ( -37.19999999999996732, 0.000000000000000000, 5.000000000000000000 ) ) ;
#1610 = LINE ( 'NONE', #1100, #2184 ) ;
#1611 = AXIS2_PLACEMENT_3D ( 'NONE', #2484, #528, #2295 ) ;
#1612 = VECTOR ( 'NONE', #260, 1000.000000000000000 ) ;
#1613 = DIRECTION ( 'NONE',  ( 1.000000000000000000, 0.000000000000000000, 0.000000000000000000 ) ) ;
#1614 = ORIENTED_EDGE ( 'NONE', *, *, #1188, .F. ) ;
#1615 = ORIENTED_EDGE ( 'NONE', *, *, #980, .F. ) ;
#1616 = EDGE_CURVE ( 'NONE', #451, #2451, #732, .T. ) ;
#1617 = VERTEX_POINT ( 'NONE', #2070 ) ;
#1618 = EDGE_LOOP ( 'NONE', ( #2170, #354, #1095, #1219 ) ) ;
#1619 = CARTESIAN_POINT ( 'NONE',  ( -29.99999999999997158, 2.300000000000006040, 5.000000000000000000 ) ) ;
#1620 = CARTESIAN_POINT ( 'NONE',  ( 0.000000000000000000, 0.000000000000000000, -5.000000000000000000 ) ) ;
#1621 = ORIENTED_EDGE ( 'NONE', *, *, #477, .T. ) ;
#1622 = AXIS2_PLACEMENT_3D ( 'NONE', #1808, #2225, #1613 ) ;
#1623 = CONICAL_SURFACE ( 'NONE', #476, 7.500000000000000888, 0.7853981633974482790 ) ;
#1624 = DIRECTION ( 'NONE',  ( -1.000000000000000000, 0.000000000000000000, 0.000000000000000000 ) ) ;
#1625 = LINE ( 'NONE', #453, #1073 ) ;
#1626 = EDGE_LOOP ( 'NONE', ( #2029, #978, #292, #815 ) ) ;
#1627 = ADVANCED_FACE ( 'NONE', ( #556 ), #1444, .F. ) ;
#1628 = DIRECTION ( 'NONE',  ( 1.000000000000000000, 0.000000000000000000, 0.000000000000000000 ) ) ;
#1629 = CARTESIAN_POINT ( 'NONE',  ( -11.30000000000000071, -0.6000000000000029754, -5.000000000000000000 ) ) ;
#1630 = LINE ( 'NONE', #125, #1496 ) ;
#1631 = DIRECTION ( 'NONE',  ( -0.5000000000000013323, -0.7071067811865442421, 0.5000000000000034417 ) ) ;
#1632 = ORIENTED_EDGE ( 'NONE', *, *, #1526, .F. ) ;
#1633 = AXIS2_PLACEMENT_3D ( 'NONE', #2012, #2204, #2386 ) ;
#1634 = EDGE_CURVE ( 'NONE', #851, #1010, #1217, .T. ) ;
#1635 = DIRECTION ( 'NONE',  ( -0.000000000000000000, -0.000000000000000000, -1.000000000000000000 ) ) ;
#1636 = FACE_OUTER_BOUND ( 'NONE', #467, .T. ) ;
#1637 = DIRECTION ( 'NONE',  ( 1.000000000000000000, 0.000000000000000000, 0.000000000000000000 ) ) ;
#1638 = EDGE_CURVE ( 'NONE', #1507, #376, #869, .T. ) ;
#1639 = EDGE_LOOP ( 'NONE', ( #394, #2093, #938, #2536 ) ) ;
#1640 = DIRECTION ( 'NONE',  ( -1.000000000000000000, -1.156482317317871478E-16, 0.000000000000000000 ) ) ;
#1641 = EDGE_CURVE ( 'NONE', #2000, #690, #2501, .T. ) ;
#1642 = LINE ( 'NONE', #1416, #2548 ) ;
#1643 = CARTESIAN_POINT ( 'NONE',  ( -10.70000000000000107, 0.2999999999999986566, 4.699999999999998401 ) ) ;
#1644 = EDGE_CURVE ( 'NONE', #2364, #1847, #1610, .T. ) ;
#1645 = DIRECTION ( 'NONE',  ( 0.000000000000000000, 1.000000000000000000, 0.000000000000000000 ) ) ;
#1646 = VERTEX_POINT ( 'NONE', #1506 ) ;
#1647 = ORIENTED_EDGE ( 'NONE', *, *, #2155, .T. ) ;
#1648 = ORIENTED_EDGE ( 'NONE', *, *, #1996, .T. ) ;
#1649 = CARTESIAN_POINT ( 'NONE',  ( -7.131370849898484465, -7.500000000000001776, 1.131370849898476472 ) ) ;
#1650 = ORIENTED_EDGE ( 'NONE', *, *, #1246, .T. ) ;
#1651 = VECTOR ( 'NONE', #982, 1000.000000000000114 ) ;
#1652 = ORIENTED_EDGE ( 'NONE', *, *, #1658, .F. ) ;
#1653 = DIRECTION ( 'NONE',  ( -1.000000000000000000, 0.000000000000000000, 0.000000000000000000 ) ) ;
#1654 = FACE_OUTER_BOUND ( 'NONE', #1359, .T. ) ;
#1655 = ORIENTED_EDGE ( 'NONE', *, *, #2474, .T. ) ;
#1656 = DIRECTION ( 'NONE',  ( 0.000000000000000000, 0.000000000000000000, 1.000000000000000000 ) ) ;
#1657 = CARTESIAN_POINT ( 'NONE',  ( -2.734958866235468466, -0.3000000000000003220, -5.000000000000000000 ) ) ;
#1658 = EDGE_CURVE ( 'NONE', #1097, #1743, #627, .T. ) ;
#1659 = DIRECTION ( 'NONE',  ( -1.000000000000000000, 1.156482317317871478E-16, 0.000000000000000000 ) ) ;
#1660 = AXIS2_PLACEMENT_3D ( 'NONE', #2122, #362, #1736 ) ;
#1661 = ADVANCED_FACE ( 'NONE', ( #927 ), #1363, .T. ) ;
#1662 = ORIENTED_EDGE ( 'NONE', *, *, #2094, .F. ) ;
#1663 = CARTESIAN_POINT ( 'NONE',  ( 2.800000000000005596, 0.000000000000000000, 5.000000000000000000 ) ) ;
#1664 = EDGE_CURVE ( 'NONE', #1676, #535, #872, .T. ) ;
#1665 = CONICAL_SURFACE ( 'NONE', #2495, 1.300000000000000711, 0.7853981633974468357 ) ;
#1666 = VERTEX_POINT ( 'NONE', #1495 ) ;
#1667 = CIRCLE ( 'NONE', #1587, 7.500000000000003553 ) ;
#1668 = CARTESIAN_POINT ( 'NONE',  ( -29.99999999999993605, -7.500000000000004441, 5.000000000000000000 ) ) ;
#1669 = EDGE_CURVE ( 'NONE', #2008, #1353, #1305, .T. ) ;
#1670 = ORIENTED_EDGE ( 'NONE', *, *, #847, .T. ) ;
#1671 = VECTOR ( 'NONE', #377, 1000.000000000000000 ) ;
#1672 = CARTESIAN_POINT ( 'NONE',  ( -10.70000000000000107, 0.6000000000000003109, -5.000000000000000000 ) ) ;
#1673 = CARTESIAN_POINT ( 'NONE',  ( -10.70000000000000107, 7.200000000000000178, -5.000000000000000000 ) ) ;
#1674 = DIRECTION ( 'NONE',  ( -0.000000000000000000, -0.000000000000000000, -1.000000000000000000 ) ) ;
#1675 = ORIENTED_EDGE ( 'NONE', *, *, #554, .F. ) ;
#1676 = VERTEX_POINT ( 'NONE', #2090 ) ;
#1677 = CIRCLE ( 'NONE', #378, 1.899999999999992806 ) ;
#1678 = VERTEX_POINT ( 'NONE', #539 ) ;
#1679 = DIRECTION ( 'NONE',  ( 0.000000000000000000, 0.000000000000000000, -1.000000000000000000 ) ) ;
#1680 = AXIS2_PLACEMENT_3D ( 'NONE', #1192, #2372, #1397 ) ;
#1681 = CARTESIAN_POINT ( 'NONE',  ( -2.441927559138810988, -0.5357142857142859205, 4.699999999999998401 ) ) ;
#1682 = VECTOR ( 'NONE', #1789, 1000.000000000000114 ) ;
#1683 = CARTESIAN_POINT ( 'NONE',  ( -31.59999999999997655, 0.000000000000000000, 5.000000000000000000 ) ) ;
#1684 = VECTOR ( 'NONE', #422, 1000.000000000000114 ) ;
#1685 = ORIENTED_EDGE ( 'NONE', *, *, #1435, .T. ) ;
#1686 = CARTESIAN_POINT ( 'NONE',  ( -29.99999999999997158, 0.000000000000000000, 5.000000000000000000 ) ) ;
#1687 = EDGE_CURVE ( 'NONE', #1191, #2355, #448, .T. ) ;
#1688 = CARTESIAN_POINT ( 'NONE',  ( -2.734958866235468466, 0.2999999999999996558, 4.699999999999998401 ) ) ;
#1689 = DIRECTION ( 'NONE',  ( 1.000000000000000000, 0.000000000000000000, 0.000000000000000000 ) ) ;
#1690 = ORIENTED_EDGE ( 'NONE', *, *, #679, .F. ) ;
#1691 = CARTESIAN_POINT ( 'NONE',  ( -10.70000000000000107, 6.500000000000001776, -5.000000000000000000 ) ) ;
#1692 = DIRECTION ( 'NONE',  ( -0.000000000000000000, -1.000000000000000000, -0.000000000000000000 ) ) ;
#1693 = DIRECTION ( 'NONE',  ( -0.7071067811865454633, 0.000000000000000000, 0.7071067811865495711 ) ) ;
#1694 = FACE_OUTER_BOUND ( 'NONE', #2001, .T. ) ;
#1695 = DIRECTION ( 'NONE',  ( -0.000000000000000000, -0.000000000000000000, -1.000000000000000000 ) ) ;
#1696 = AXIS2_PLACEMENT_3D ( 'NONE', #471, #2415, #2439 ) ;
#1697 = EDGE_CURVE ( 'NONE', #738, #1713, #2174, .T. ) ;
#1698 = DIRECTION ( 'NONE',  ( 1.000000000000000000, 0.000000000000000000, -0.000000000000000000 ) ) ;
#1699 = ADVANCED_FACE ( 'NONE', ( #2235 ), #2471, .T. ) ;
#1700 = ORIENTED_EDGE ( 'NONE', *, *, #191, .F. ) ;
#1701 = APPLICATION_PROTOCOL_DEFINITION ( 'draft international standard', 'automotive_design', 1998, #1518 ) ;
#1702 = ORIENTED_EDGE ( 'NONE', *, *, #2131, .F. ) ;
#1703 = CARTESIAN_POINT ( 'NONE',  ( -7.131370849898473807, 0.5999999999999920952, 1.131370849898479802 ) ) ;
#1704 = ORIENTED_EDGE ( 'NONE', *, *, #992, .F. ) ;
#1705 = AXIS2_PLACEMENT_3D ( 'NONE', #1144, #1759, #1320 ) ;
#1706 = DIRECTION ( 'NONE',  ( 1.000000000000000000, 1.776356839400250465E-15, 0.000000000000000000 ) ) ;
#1707 = DIRECTION ( 'NONE',  ( 0.7071067811865489050, -8.177564888978011427E-17, -0.7071067811865461294 ) ) ;
#1708 = FACE_OUTER_BOUND ( 'NONE', #496, .T. ) ;
#1709 = EDGE_CURVE ( 'NONE', #1617, #1743, #102, .T. ) ;
#1710 = ORIENTED_EDGE ( 'NONE', *, *, #847, .F. ) ;
#1711 = CARTESIAN_POINT ( 'NONE',  ( -5.999999999999996447, -18.80000000000000782, 1.734723475976807094E-15 ) ) ;
#1712 = FACE_OUTER_BOUND ( 'NONE', #2480, .T. ) ;
#1713 = VERTEX_POINT ( 'NONE', #1300 ) ;
#1714 = PLANE ( 'NONE',  #2416 ) ;
#1715 = ADVANCED_FACE ( 'NONE', ( #734 ), #1623, .T. ) ;
#1716 = CARTESIAN_POINT ( 'NONE',  ( -12.30000000000000071, 0.6999999999999987343, -4.699999999999998401 ) ) ;
#1717 = AXIS2_PLACEMENT_3D ( 'NONE', #206, #2186, #987 ) ;
#1718 = VERTEX_POINT ( 'NONE', #133 ) ;
#1719 = DIRECTION ( 'NONE',  ( 1.000000000000000000, 1.204669080539449344E-16, 0.000000000000000000 ) ) ;
#1720 = PRODUCT_CONTEXT ( 'NONE', #1518, 'mechanical' ) ;
#1721 = ORIENTED_EDGE ( 'NONE', *, *, #1232, .T. ) ;
#1722 = DIRECTION ( 'NONE',  ( -0.000000000000000000, -0.000000000000000000, -1.000000000000000000 ) ) ;
#1723 = CARTESIAN_POINT ( 'NONE',  ( -11.70000000000000107, 6.500000000000001776, -5.000000000000000000 ) ) ;
#1724 = CIRCLE ( 'NONE', #953, 0.2999999999999999334 ) ;
#1725 = LINE ( 'NONE', #2522, #2202 ) ;
#1726 = DIRECTION ( 'NONE',  ( 1.000000000000000000, 0.000000000000000000, 0.000000000000000000 ) ) ;
#1727 = AXIS2_PLACEMENT_3D ( 'NONE', #1355, #1957, #1380 ) ;
#1728 = VERTEX_POINT ( 'NONE', #1716 ) ;
#1729 = ADVANCED_FACE ( 'NONE', ( #689 ), #1831, .F. ) ;
#1730 = CARTESIAN_POINT ( 'NONE',  ( -29.99999999999993605, -7.500000000000004441, 4.699999999999998401 ) ) ;
#1731 = VECTOR ( 'NONE', #1755, 1000.000000000000000 ) ;
#1732 = DIRECTION ( 'NONE',  ( 0.7071067811865489050, 8.518296759352094569E-17, -0.7071067811865461294 ) ) ;
#1733 = ORIENTED_EDGE ( 'NONE', *, *, #1362, .F. ) ;
#1734 = AXIS2_PLACEMENT_3D ( 'NONE', #2441, #2250, #1455 ) ;
#1735 = DIRECTION ( 'NONE',  ( 0.000000000000000000, 0.000000000000000000, -1.000000000000000000 ) ) ;
#1736 = DIRECTION ( 'NONE',  ( 1.000000000000000000, 0.000000000000000000, 0.000000000000000000 ) ) ;
#1737 = ORIENTED_EDGE ( 'NONE', *, *, #28, .F. ) ;
#1738 = EDGE_LOOP ( 'NONE', ( #1576, #1368, #1220, #6 ) ) ;
#1739 = LINE ( 'NONE', #180, #817 ) ;
#1740 = CIRCLE ( 'NONE', #2339, 1.600000000000000755 ) ;
#1741 = CARTESIAN_POINT ( 'NONE',  ( -12.30000000000000071, 6.500000000000002665, -4.699999999999998401 ) ) ;
#1742 = DIRECTION ( 'NONE',  ( -0.000000000000000000, -0.000000000000000000, -1.000000000000000000 ) ) ;
#1743 = VERTEX_POINT ( 'NONE', #2139 ) ;
#1744 = ADVANCED_FACE ( 'NONE', ( #2135 ), #469, .F. ) ;
#1745 = VECTOR ( 'NONE', #2159, 1000.000000000000000 ) ;
#1746 = AXIS2_PLACEMENT_3D ( 'NONE', #1598, #2153, #1970 ) ;
#1747 = ORIENTED_EDGE ( 'NONE', *, *, #365, .F. ) ;
#1748 = EDGE_CURVE ( 'NONE', #1743, #1234, #859, .T. ) ;
#1749 = CARTESIAN_POINT ( 'NONE',  ( 5.799483444426114392E-14, 7.199999999999999289, -5.000000000000000000 ) ) ;
#1750 = EDGE_CURVE ( 'NONE', #2451, #1981, #1393, .T. ) ;
#1751 = DIRECTION ( 'NONE',  ( -1.156482317317871478E-16, -1.000000000000000000, 0.000000000000000000 ) ) ;
#1752 = DIRECTION ( 'NONE',  ( 0.000000000000000000, -0.7071067811865515695, 0.7071067811865434649 ) ) ;
#1753 = AXIS2_PLACEMENT_3D ( 'NONE', #2360, #2533, #2188 ) ;
#1754 = DIRECTION ( 'NONE',  ( 0.000000000000000000, 0.000000000000000000, 1.000000000000000000 ) ) ;
#1755 = DIRECTION ( 'NONE',  ( -1.000000000000000000, -1.156482317317871478E-16, 0.000000000000000000 ) ) ;
#1756 = DIRECTION ( 'NONE',  ( 1.000000000000000000, 0.000000000000000000, 0.000000000000000000 ) ) ;
#1757 = CARTESIAN_POINT ( 'NONE',  ( -7.299999999999998934, -18.80000000000000782, 1.734723475976807094E-15 ) ) ;
#1758 = CARTESIAN_POINT ( 'NONE',  ( -12.30000000000000071, 0.6999999999999987343, 4.699999999999998401 ) ) ;
#1759 = DIRECTION ( 'NONE',  ( 0.000000000000000000, 0.000000000000000000, 1.000000000000000000 ) ) ;
#1760 = AXIS2_PLACEMENT_3D ( 'NONE', #2223, #78, #2025 ) ;
#1761 = DIRECTION ( 'NONE',  ( 0.000000000000000000, 0.000000000000000000, -1.000000000000000000 ) ) ;
#1762 = LINE ( 'NONE', #2041, #300 ) ;
#1763 = CARTESIAN_POINT ( 'NONE',  ( -6.000000000000000000, 7.200000000000005507, 1.734723475976807094E-15 ) ) ;
#1764 = DIRECTION ( 'NONE',  ( -0.7071067811865564545, 0.000000000000000000, -0.7071067811865386910 ) ) ;
#1765 = ORIENTED_EDGE ( 'NONE', *, *, #2411, .F. ) ;
#1766 = FACE_OUTER_BOUND ( 'NONE', #1040, .T. ) ;
#1767 = CARTESIAN_POINT ( 'NONE',  ( -10.70000000000000107, 0.2999999999999986566, -4.699999999999998401 ) ) ;
#1768 = EDGE_CURVE ( 'NONE', #1317, #1507, #914, .T. ) ;
#1769 = ORIENTED_EDGE ( 'NONE', *, *, #1218, .F. ) ;
#1770 = VECTOR ( 'NONE', #1412, 1000.000000000000000 ) ;
#1771 = ORIENTED_EDGE ( 'NONE', *, *, #924, .F. ) ;
#1772 = CARTESIAN_POINT ( 'NONE',  ( -6.000000000000000000, 0.5999999999999922062, 2.262741699796948946 ) ) ;
#1773 = VECTOR ( 'NONE', #93, 1000.000000000000114 ) ;
#1774 = EDGE_CURVE ( 'NONE', #665, #1713, #2488, .T. ) ;
#1775 = ORIENTED_EDGE ( 'NONE', *, *, #2224, .F. ) ;
#1776 = CONICAL_SURFACE ( 'NONE', #1261, 1.899999999999991696, 0.7853981633974466137 ) ;
#1777 = CARTESIAN_POINT ( 'NONE',  ( -12.30000000000000071, -0.3000000000000014877, -4.699999999999998401 ) ) ;
#1778 = CARTESIAN_POINT ( 'NONE',  ( 6.215082505672815080E-14, -7.500000000000000888, -4.699999999999998401 ) ) ;
#1779 = ORIENTED_EDGE ( 'NONE', *, *, #926, .T. ) ;
#1780 = AXIS2_PLACEMENT_3D ( 'NONE', #2287, #336, #713 ) ;
#1781 = LINE ( 'NONE', #2458, #832 ) ;
#1782 = EDGE_LOOP ( 'NONE', ( #943, #142, #1135, #2033 ) ) ;
#1783 = EDGE_CURVE ( 'NONE', #224, #1588, #2363, .T. ) ;
#1784 = VERTEX_POINT ( 'NONE', #1345 ) ;
#1785 = CARTESIAN_POINT ( 'NONE',  ( -4.699999999999993960, -18.80000000000000782, 1.893927559865963103E-15 ) ) ;
#1786 = LINE ( 'NONE', #2498, #2542 ) ;
#1787 = DIRECTION ( 'NONE',  ( 0.000000000000000000, -0.7071067811865487940, -0.7071067811865463515 ) ) ;
#1788 = DIRECTION ( 'NONE',  ( -0.000000000000000000, -0.000000000000000000, -1.000000000000000000 ) ) ;
#1789 = DIRECTION ( 'NONE',  ( 0.000000000000000000, 0.7071067811865515695, -0.7071067811865434649 ) ) ;
#1790 = AXIS2_PLACEMENT_3D ( 'NONE', #92, #267, #484 ) ;
#1791 = EDGE_CURVE ( 'NONE', #744, #1541, #2101, .T. ) ;
#1792 = EDGE_CURVE ( 'NONE', #968, #1234, #2038, .T. ) ;
#1793 = EDGE_CURVE ( 'NONE', #1580, #738, #404, .T. ) ;
#1794 = EDGE_LOOP ( 'NONE', ( #304, #1524, #1599, #583 ) ) ;
#1795 = ORIENTED_EDGE ( 'NONE', *, *, #380, .F. ) ;
#1796 = AXIS2_PLACEMENT_3D ( 'NONE', #669, #283, #479 ) ;
#1797 = CARTESIAN_POINT ( 'NONE',  ( -7.131370849898473807, 1.734723475976807094E-15, 1.131370849898479802 ) ) ;
#1798 = DIRECTION ( 'NONE',  ( 0.7071067811865454633, 0.000000000000000000, -0.7071067811865495711 ) ) ;
#1799 = ORIENTED_EDGE ( 'NONE', *, *, #185, .T. ) ;
#1800 = ORIENTED_EDGE ( 'NONE', *, *, #1575, .F. ) ;
#1801 = EDGE_LOOP ( 'NONE', ( #1978, #126, #1552, #1702 ) ) ;
#1802 = VECTOR ( 'NONE', #2284, 1000.000000000000000 ) ;
#1803 = ORIENTED_EDGE ( 'NONE', *, *, #1474, .T. ) ;
#1804 = DIRECTION ( 'NONE',  ( 1.000000000000000000, 0.000000000000000000, 0.000000000000000000 ) ) ;
#1805 = PRODUCT ( 'Çú±ú', 'Çú±ú', '', ( #1720 ) ) ;
#1806 = CARTESIAN_POINT ( 'NONE',  ( -10.70000000000000107, 0.6000000000000046407, 5.000000000000000000 ) ) ;
#1807 = DIRECTION ( 'NONE',  ( -0.7071067811865489050, -8.518296759352095801E-17, -0.7071067811865460184 ) ) ;
#1808 = CARTESIAN_POINT ( 'NONE',  ( -29.99999999999997158, 0.000000000000000000, 4.699999999999999289 ) ) ;
#1809 = AXIS2_PLACEMENT_3D ( 'NONE', #1511, #741, #2121 ) ;
#1810 = EDGE_CURVE ( 'NONE', #2142, #1429, #712, .T. ) ;
#1811 = ORIENTED_EDGE ( 'NONE', *, *, #555, .F. ) ;
#1812 = CARTESIAN_POINT ( 'NONE',  ( -29.99999999999997158, 0.000000000000000000, -4.699999999999996625 ) ) ;
#1813 = CARTESIAN_POINT ( 'NONE',  ( -5.999999999999998224, -7.500000000000001776, 1.734723475976807094E-15 ) ) ;
#1814 = DIRECTION ( 'NONE',  ( 0.000000000000000000, 0.000000000000000000, 1.000000000000000000 ) ) ;
#1815 = EDGE_CURVE ( 'NONE', #1113, #1429, #1589, .T. ) ;
#1816 = VECTOR ( 'NONE', #305, 1000.000000000000000 ) ;
#1817 = DIRECTION ( 'NONE',  ( 0.000000000000000000, -1.000000000000000000, 0.000000000000000000 ) ) ;
#1818 = DIRECTION ( 'NONE',  ( 0.000000000000000000, 0.000000000000000000, -1.000000000000000000 ) ) ;
#1819 = VECTOR ( 'NONE', #1150, 1000.000000000000114 ) ;
#1820 = VERTEX_POINT ( 'NONE', #353 ) ;
#1821 = EDGE_LOOP ( 'NONE', ( #1530, #1049, #1959, #2515 ) ) ;
#1822 = EDGE_CURVE ( 'NONE', #94, #2259, #1979, .T. ) ;
#1823 = DIRECTION ( 'NONE',  ( 6.672013369141553384E-16, 0.000000000000000000, 1.000000000000000000 ) ) ;
#1824 = DIRECTION ( 'NONE',  ( -0.7071067811865413555, 0.000000000000000000, 0.7071067811865536790 ) ) ;
#1825 = AXIS2_PLACEMENT_3D ( 'NONE', #263, #1260, #1472 ) ;
#1826 = EDGE_CURVE ( 'NONE', #376, #1352, #1259, .T. ) ;
#1827 = LINE ( 'NONE', #658, #2216 ) ;
#1828 = DIRECTION ( 'NONE',  ( 1.000000000000000000, 0.000000000000000000, 0.000000000000000000 ) ) ;
#1829 = DIRECTION ( 'NONE',  ( -1.000000000000000000, 0.000000000000000000, 0.000000000000000000 ) ) ;
#1830 = ORIENTED_EDGE ( 'NONE', *, *, #2301, .F. ) ;
#1831 = CONICAL_SURFACE ( 'NONE', #1077, 1.600000000000004086, 0.7853981633974482790 ) ;
#1832 = ORIENTED_EDGE ( 'NONE', *, *, #380, .T. ) ;
#1833 = DIRECTION ( 'NONE',  ( -0.000000000000000000, -0.000000000000000000, -1.000000000000000000 ) ) ;
#1834 = AXIS2_PLACEMENT_3D ( 'NONE', #1082, #1913, #1707 ) ;
#1835 = EDGE_CURVE ( 'NONE', #1299, #1678, #100, .T. ) ;
#1836 = ORIENTED_EDGE ( 'NONE', *, *, #1864, .F. ) ;
#1837 = DIRECTION ( 'NONE',  ( 0.000000000000000000, 0.000000000000000000, 1.000000000000000000 ) ) ;
#1838 = ORIENTED_EDGE ( 'NONE', *, *, #600, .F. ) ;
#1839 = FACE_OUTER_BOUND ( 'NONE', #2510, .T. ) ;
#1840 = CARTESIAN_POINT ( 'NONE',  ( 2.500000000000000000, 0.000000000000000000, 4.699999999999998401 ) ) ;
#1841 = EDGE_LOOP ( 'NONE', ( #2420, #1690, #1294, #2335 ) ) ;
#1842 = CARTESIAN_POINT ( 'NONE',  ( 0.000000000000000000, 0.000000000000000000, 0.000000000000000000 ) ) ;
#1843 = CARTESIAN_POINT ( 'NONE',  ( -10.70000000000000107, 1.299999999999998712, 4.699999999999998401 ) ) ;
#1844 = ORIENTED_EDGE ( 'NONE', *, *, #1348, .T. ) ;
#1845 = ORIENTED_EDGE ( 'NONE', *, *, #1998, .F. ) ;
#1846 = AXIS2_PLACEMENT_3D ( 'NONE', #436, #247, #2199 ) ;
#1847 = VERTEX_POINT ( 'NONE', #1129 ) ;
#1848 = VECTOR ( 'NONE', #165, 1000.000000000000227 ) ;
#1849 = ORIENTED_EDGE ( 'NONE', *, *, #2131, .T. ) ;
#1850 = DIRECTION ( 'NONE',  ( 1.000000000000000000, 0.000000000000000000, 0.000000000000000000 ) ) ;
#1851 = VECTOR ( 'NONE', #976, 1000.000000000000000 ) ;
#1852 = UNCERTAINTY_MEASURE_WITH_UNIT (LENGTH_MEASURE( 1.000000000000000082E-05 ), #2425, 'distance_accuracy_value', 'NONE');
#1853 = DIRECTION ( 'NONE',  ( -1.000000000000000000, 1.156482317317871478E-16, 0.000000000000000000 ) ) ;
#1854 = LINE ( 'NONE', #2481, #12 ) ;
#1855 = AXIS2_PLACEMENT_3D ( 'NONE', #271, #873, #2080 ) ;
#1856 = ORIENTED_EDGE ( 'NONE', *, *, #499, .F. ) ;
#1857 = CARTESIAN_POINT ( 'NONE',  ( -29.99999999999997158, 0.000000000000000000, 4.699999999999999289 ) ) ;
#1858 = CARTESIAN_POINT ( 'NONE',  ( -5.999999999999996447, -0.6000000000000067502, 1.838477631085038144 ) ) ;
#1859 = VECTOR ( 'NONE', #2106, 1000.000000000000000 ) ;
#1860 = EDGE_CURVE ( 'NONE', #1646, #1417, #1854, .T. ) ;
#1861 = CARTESIAN_POINT ( 'NONE',  ( -1.565514278453075558, 2.199851652956617887, 4.899851652956613179 ) ) ;
#1862 = EDGE_CURVE ( 'NONE', #711, #482, #1172, .T. ) ;
#1863 = FACE_OUTER_BOUND ( 'NONE', #2398, .T. ) ;
#1864 = EDGE_CURVE ( 'NONE', #816, #589, #779, .T. ) ;
#1865 = AXIS2_PLACEMENT_3D ( 'NONE', #361, #1593, #1814 ) ;
#1866 = CARTESIAN_POINT ( 'NONE',  ( 6.215082505672815080E-14, 7.500000000000000888, -4.699999999999998401 ) ) ;
#1867 = CARTESIAN_POINT ( 'NONE',  ( -2.734958866235468466, 0.5999999999999996447, -4.699999999999998401 ) ) ;
#1868 = LINE ( 'NONE', #2472, #2027 ) ;
#1869 = EDGE_LOOP ( 'NONE', ( #603, #1171, #2300, #189 ) ) ;
#1870 = ORIENTED_EDGE ( 'NONE', *, *, #1669, .F. ) ;
#1871 = DIRECTION ( 'NONE',  ( -0.000000000000000000, -0.000000000000000000, -1.000000000000000000 ) ) ;
#1872 = DIRECTION ( 'NONE',  ( 0.000000000000000000, -0.7071067811865474617, -0.7071067811865474617 ) ) ;
#1873 = EDGE_LOOP ( 'NONE', ( #1307, #786, #1614, #282 ) ) ;
#1874 = EDGE_LOOP ( 'NONE', ( #542, #1117, #662, #2483 ) ) ;
#1875 = ADVANCED_FACE ( 'NONE', ( #1322 ), #1228, .F. ) ;
#1876 = LINE ( 'NONE', #1657, #705 ) ;
#1877 = AXIS2_PLACEMENT_3D ( 'NONE', #611, #2187, #417 ) ;
#1878 = ORIENTED_EDGE ( 'NONE', *, *, #461, .F. ) ;
#1879 = LINE ( 'NONE', #2543, #2359 ) ;
#1880 = CARTESIAN_POINT ( 'NONE',  ( -31.59999999999997655, 0.000000000000000000, -4.699999999999996625 ) ) ;
#1881 = ORIENTED_EDGE ( 'NONE', *, *, #1793, .F. ) ;
#1882 = ADVANCED_FACE ( 'NONE', ( #225 ), #979, .T. ) ;
#1883 = CARTESIAN_POINT ( 'NONE',  ( -1.499999999999997780, 2.300000000000002043, -5.000000000000000000 ) ) ;
#1884 = ORIENTED_EDGE ( 'NONE', *, *, #1942, .F. ) ;
#1885 = DIRECTION ( 'NONE',  ( 1.000000000000000000, 0.000000000000000000, 0.000000000000000000 ) ) ;
#1886 = EDGE_CURVE ( 'NONE', #2364, #816, #284, .T. ) ;
#1887 = CARTESIAN_POINT ( 'NONE',  ( 3.673940397442058882E-17, -0.2999999999999999889, -5.000000000000000000 ) ) ;
#1888 = EDGE_CURVE ( 'NONE', #706, #923, #2247, .T. ) ;
#1889 = ADVANCED_FACE ( 'NONE', ( #746 ), #1776, .F. ) ;
#1890 = ORIENTED_EDGE ( 'NONE', *, *, #1389, .F. ) ;
#1891 = EDGE_CURVE ( 'NONE', #816, #1820, #1522, .T. ) ;
#1892 = CARTESIAN_POINT ( 'NONE',  ( 0.000000000000000000, 0.000000000000000000, 4.699999999999998401 ) ) ;
#1893 = ORIENTED_EDGE ( 'NONE', *, *, #1195, .T. ) ;
#1894 = AXIS2_PLACEMENT_3D ( 'NONE', #1686, #1053, #2234 ) ;
#1895 = PRESENTATION_STYLE_ASSIGNMENT (( #561 ) ) ;
#1896 = ADVANCED_FACE ( 'NONE', ( #1712 ), #1714, .F. ) ;
#1897 = CARTESIAN_POINT ( 'NONE',  ( -5.080761184457477597, -7.199999999999998401, 0.9192388155425079699 ) ) ;
#1898 = FACE_OUTER_BOUND ( 'NONE', #11, .T. ) ;
#1899 = CARTESIAN_POINT ( 'NONE',  ( -2.734958866235468466, -0.6000000000000003109, 4.699999999999998401 ) ) ;
#1900 = EDGE_CURVE ( 'NONE', #589, #2067, #345, .T. ) ;
#1901 = LINE ( 'NONE', #1562, #1731 ) ;
#1902 = EDGE_CURVE ( 'NONE', #1981, #1352, #2336, .T. ) ;
#1903 = PLANE ( 'NONE',  #973 ) ;
#1904 = VECTOR ( 'NONE', #119, 1000.000000000000000 ) ;
#1905 = DIRECTION ( 'NONE',  ( -1.000000000000000000, 0.000000000000000000, 0.000000000000000000 ) ) ;
#1906 = VERTEX_POINT ( 'NONE', #1325 ) ;
#1907 = ORIENTED_EDGE ( 'NONE', *, *, #586, .T. ) ;
#1908 = DIRECTION ( 'NONE',  ( 1.000000000000000000, -0.000000000000000000, 0.000000000000000000 ) ) ;
#1909 = ORIENTED_EDGE ( 'NONE', *, *, #1551, .F. ) ;
#1910 = ADVANCED_FACE ( 'NONE', ( #1654 ), #1922, .F. ) ;
#1911 = AXIS2_PLACEMENT_3D ( 'NONE', #2537, #1761, #340 ) ;
#1912 = CARTESIAN_POINT ( 'NONE',  ( 0.000000000000000000, 0.000000000000000000, -4.699999999999998401 ) ) ;
#1913 = DIRECTION ( 'NONE',  ( 0.5000000000000029976, -0.7071067811865419106, 0.5000000000000048850 ) ) ;
#1914 = FACE_OUTER_BOUND ( 'NONE', #1639, .T. ) ;
#1915 = EDGE_CURVE ( 'NONE', #434, #201, #166, .T. ) ;
#1916 = ORIENTED_EDGE ( 'NONE', *, *, #2073, .F. ) ;
#1917 = DIRECTION ( 'NONE',  ( 0.000000000000000000, 0.000000000000000000, 1.000000000000000000 ) ) ;
#1918 = VECTOR ( 'NONE', #576, 1000.000000000000000 ) ;
#1919 = EDGE_CURVE ( 'NONE', #434, #1165, #798, .T. ) ;
#1920 = EDGE_CURVE ( 'NONE', #1048, #2400, #596, .T. ) ;
#1921 = ORIENTED_EDGE ( 'NONE', *, *, #15, .T. ) ;
#1922 = PLANE ( 'NONE',  #5 ) ;
#1923 = AXIS2_PLACEMENT_3D ( 'NONE', #2036, #280, #1679 ) ;
#1924 = DIRECTION ( 'NONE',  ( 8.518296759352021846E-17, -0.7071067811865429098, 0.7071067811865521247 ) ) ;
#1925 = CARTESIAN_POINT ( 'NONE',  ( 7.500000000000000888, 0.000000000000000000, -4.699999999999998401 ) ) ;
#1926 = ORIENTED_EDGE ( 'NONE', *, *, #2155, .F. ) ;
#1927 = ADVANCED_FACE ( 'NONE', ( #132 ), #2150, .T. ) ;
#1928 = CARTESIAN_POINT ( 'NONE',  ( 0.000000000000000000, 0.000000000000000000, 5.000000000000000000 ) ) ;
#1929 = ORIENTED_EDGE ( 'NONE', *, *, #2205, .F. ) ;
#1930 = DIRECTION ( 'NONE',  ( -0.5000000000000047740, -0.7071067811865434649, 0.5000000000000009992 ) ) ;
#1931 = LINE ( 'NONE', #441, #418 ) ;
#1932 = DIRECTION ( 'NONE',  ( -0.7071067811865536790, 0.000000000000000000, 0.7071067811865414665 ) ) ;
#1933 = VECTOR ( 'NONE', #922, 1000.000000000000000 ) ;
#1934 =( LENGTH_UNIT ( ) NAMED_UNIT ( * ) SI_UNIT ( .MILLI., .METRE. ) );
#1935 = VECTOR ( 'NONE', #1976, 1000.000000000000000 ) ;
#1936 = AXIS2_PLACEMENT_3D ( 'NONE', #963, #368, #2540 ) ;
#1937 = EDGE_CURVE ( 'NONE', #1646, #1485, #534, .T. ) ;
#1938 = LINE ( 'NONE', #1683, #759 ) ;
#1939 = CARTESIAN_POINT ( 'NONE',  ( 0.000000000000000000, 0.000000000000000000, -5.000000000000000000 ) ) ;
#1940 = PLANE ( 'NONE',  #2544 ) ;
#1941 = ORIENTED_EDGE ( 'NONE', *, *, #1709, .F. ) ;
#1942 = EDGE_CURVE ( 'NONE', #535, #1676, #1105, .T. ) ;
#1943 = CARTESIAN_POINT ( 'NONE',  ( -7.131370849898473807, 1.734723475976807094E-15, 1.131370849898479802 ) ) ;
#1944 = VECTOR ( 'NONE', #1497, 1000.000000000000114 ) ;
#1945 = VERTEX_POINT ( 'NONE', #597 ) ;
#1946 = ORIENTED_EDGE ( 'NONE', *, *, #1955, .T. ) ;
#1947 = ORIENTED_EDGE ( 'NONE', *, *, #2346, .T. ) ;
#1948 = ORIENTED_EDGE ( 'NONE', *, *, #667, .F. ) ;
#1949 = CONICAL_SURFACE ( 'NONE', #2304, 2.500000000000000000, 0.7853981633974548293 ) ;
#1950 = DIRECTION ( 'NONE',  ( 0.000000000000000000, 1.000000000000000000, 0.000000000000000000 ) ) ;
#1951 = FACE_OUTER_BOUND ( 'NONE', #1821, .T. ) ;
#1952 = ORIENTED_EDGE ( 'NONE', *, *, #776, .F. ) ;
#1953 = CARTESIAN_POINT ( 'NONE',  ( -7.131370849898473807, 7.200000000000005507, 1.131370849898479802 ) ) ;
#1954 = DIRECTION ( 'NONE',  ( 1.000000000000000000, 0.000000000000000000, 0.000000000000000000 ) ) ;
#1955 = EDGE_CURVE ( 'NONE', #1945, #1580, #2194, .T. ) ;
#1956 = DIRECTION ( 'NONE',  ( 0.000000000000000000, 0.000000000000000000, 1.000000000000000000 ) ) ;
#1957 = DIRECTION ( 'NONE',  ( -1.251002506714043540E-16, 1.000000000000000000, -0.000000000000000000 ) ) ;
#1958 = AXIS2_PLACEMENT_3D ( 'NONE', #1542, #2492, #574 ) ;
#1959 = ORIENTED_EDGE ( 'NONE', *, *, #2433, .F. ) ;
#1960 = CARTESIAN_POINT ( 'NONE',  ( -1.843502884254389018, 7.500000000000000888, 6.843502884254458962 ) ) ;
#1961 = ADVANCED_FACE ( 'NONE', ( #2164 ), #279, .F. ) ;
#1962 = SURFACE_STYLE_FILL_AREA ( #151 ) ;
#1963 = B_SPLINE_CURVE_WITH_KNOTS ( 'NONE', 3,
 ( #231, #226, #1992, #2349 ),
 .UNSPECIFIED., .F., .F.,
 ( 4, 4 ),
 ( 0.000000000000000000, 0.0004351829192406103295 ),
 .UNSPECIFIED. ) ;
#1964 = DIRECTION ( 'NONE',  ( 0.7071067811865431318, 8.177564888977944867E-17, -0.7071067811865517916 ) ) ;
#1965 = FACE_OUTER_BOUND ( 'NONE', #646, .T. ) ;
#1966 = FACE_OUTER_BOUND ( 'NONE', #2197, .T. ) ;
#1967 = AXIS2_PLACEMENT_3D ( 'NONE', #2057, #843, #99 ) ;
#1968 = CARTESIAN_POINT ( 'NONE',  ( -5.999999999999998224, -7.500000000000001776, 1.734723475976807094E-15 ) ) ;
#1969 = EDGE_CURVE ( 'NONE', #2355, #1208, #855, .T. ) ;
#1970 = DIRECTION ( 'NONE',  ( 0.000000000000000000, 0.000000000000000000, 1.000000000000000000 ) ) ;
#1971 = VECTOR ( 'NONE', #703, 1000.000000000000000 ) ;
#1972 = ORIENTED_EDGE ( 'NONE', *, *, #499, .T. ) ;
#1973 = ADVANCED_FACE ( 'NONE', ( #1423 ), #401, .F. ) ;
#1974 = ORIENTED_EDGE ( 'NONE', *, *, #883, .F. ) ;
#1975 = EDGE_LOOP ( 'NONE', ( #2180, #183, #947, #2163 ) ) ;
#1976 = DIRECTION ( 'NONE',  ( -1.000000000000000000, -1.204669080539449344E-16, 0.000000000000000000 ) ) ;
#1977 = CIRCLE ( 'NONE', #1865, 1.599999999999999867 ) ;
#1978 = ORIENTED_EDGE ( 'NONE', *, *, #1864, .T. ) ;
#1979 = LINE ( 'NONE', #2512, #1139 ) ;
#1980 = DIRECTION ( 'NONE',  ( 1.000000000000000000, 0.000000000000000000, 0.000000000000000000 ) ) ;
#1981 = VERTEX_POINT ( 'NONE', #581 ) ;
#1982 = AXIS2_PLACEMENT_3D ( 'NONE', #65, #1038, #1258 ) ;
#1983 = ORIENTED_EDGE ( 'NONE', *, *, #1888, .T. ) ;
#1984 = DIRECTION ( 'NONE',  ( 0.5000000000000031086, 0.7071067811865475727, 0.4999999999999970579 ) ) ;
#1985 = DIRECTION ( 'NONE',  ( -0.000000000000000000, -1.000000000000000000, -0.000000000000000000 ) ) ;
#1986 = ORIENTED_EDGE ( 'NONE', *, *, #1902, .T. ) ;
#1987 = DIRECTION ( 'NONE',  ( 0.7071067811865489050, 0.000000000000000000, -0.7071067811865461294 ) ) ;
#1988 = FACE_OUTER_BOUND ( 'NONE', #1513, .T. ) ;
#1989 = CONICAL_SURFACE ( 'NONE', #2112, 0.3000000000000016542, 0.7853981633974482790 ) ;
#1990 = LINE ( 'NONE', #389, #1935 ) ;
#1991 = ORIENTED_EDGE ( 'NONE', *, *, #1058, .F. ) ;
#1992 = CARTESIAN_POINT ( 'NONE',  ( 1.565514278452735830, 2.199851652956675174, 4.899851652956670911 ) ) ;
#1993 = DIRECTION ( 'NONE',  ( 1.234051253235533540E-16, -1.000000000000000000, 0.000000000000000000 ) ) ;
#1994 = AXIS2_PLACEMENT_3D ( 'NONE', #262, #2024, #1656 ) ;
#1995 = LINE ( 'NONE', #395, #672 ) ;
#1996 = EDGE_CURVE ( 'NONE', #2215, #653, #2006, .T. ) ;
#1997 = LINE ( 'NONE', #326, #1944 ) ;
#1998 = EDGE_CURVE ( 'NONE', #857, #1113, #69, .T. ) ;
#1999 = CARTESIAN_POINT ( 'NONE',  ( 7.500000000000000888, 0.000000000000000000, -4.699999999999998401 ) ) ;
#2000 = VERTEX_POINT ( 'NONE', #1583 ) ;
#2001 = EDGE_LOOP ( 'NONE', ( #2221, #1800, #184, #1099 ) ) ;
#2002 = AXIS2_PLACEMENT_3D ( 'NONE', #1182, #402, #1607 ) ;
#2003 = DIRECTION ( 'NONE',  ( -1.156482317317871478E-16, 1.000000000000000000, 0.000000000000000000 ) ) ;
#2004 = VERTEX_POINT ( 'NONE', #1572 ) ;
#2005 = VECTOR ( 'NONE', #2370, 1000.000000000000000 ) ;
#2006 = CIRCLE ( 'NONE', #695, 0.6999999999999975131 ) ;
#2007 = CONICAL_SURFACE ( 'NONE', #217, 7.199999999999998401, 0.7853981633974541632 ) ;
#2008 = VERTEX_POINT ( 'NONE', #20 ) ;
#2009 = CARTESIAN_POINT ( 'NONE',  ( -5.999999999999998224, -7.199999999999998401, 1.734723475976807094E-15 ) ) ;
#2010 = DIRECTION ( 'NONE',  ( 1.000000000000000000, 0.000000000000000000, 0.000000000000000000 ) ) ;
#2011 = CARTESIAN_POINT ( 'NONE',  ( -13.29999999999999893, 6.500000000000002665, -4.699999999999998401 ) ) ;
#2012 = CARTESIAN_POINT ( 'NONE',  ( 6.215082505672815080E-14, 7.500000000000000888, 5.000000000000000000 ) ) ;
#2013 = AXIS2_PLACEMENT_3D ( 'NONE', #819, #2403, #1016 ) ;
#2014 = ORIENTED_EDGE ( 'NONE', *, *, #1243, .F. ) ;
#2015 = DIRECTION ( 'NONE',  ( -0.000000000000000000, -0.000000000000000000, 1.000000000000000000 ) ) ;
#2016 = CARTESIAN_POINT ( 'NONE',  ( -10.70000000000000107, 6.500000000000001776, 5.000000000000000000 ) ) ;
#2017 = EDGE_CURVE ( 'NONE', #1353, #1784, #10, .T. ) ;
#2018 = LINE ( 'NONE', #1925, #445 ) ;
#2019 = FACE_OUTER_BOUND ( 'NONE', #1356, .T. ) ;
#2020 = EDGE_CURVE ( 'NONE', #1290, #942, #1390, .T. ) ;
#2021 = ORIENTED_EDGE ( 'NONE', *, *, #1942, .T. ) ;
#2022 = DIRECTION ( 'NONE',  ( 0.000000000000000000, -1.000000000000000000, 0.000000000000000000 ) ) ;
#2023 = CARTESIAN_POINT ( 'NONE',  ( -2.441927559138811432, 0.5357142857142854764, 4.699999999999998401 ) ) ;
#2024 = DIRECTION ( 'NONE',  ( -1.000000000000000000, 0.000000000000000000, 0.000000000000000000 ) ) ;
#2025 = DIRECTION ( 'NONE',  ( 1.000000000000000000, 0.000000000000000000, 0.000000000000000000 ) ) ;
#2026 = AXIS2_PLACEMENT_3D ( 'NONE', #2306, #720, #2462 ) ;
#2027 = VECTOR ( 'NONE', #1872, 1000.000000000000114 ) ;
#2028 = VERTEX_POINT ( 'NONE', #213 ) ;
#2029 = ORIENTED_EDGE ( 'NONE', *, *, #878, .T. ) ;
#2030 = ORIENTED_EDGE ( 'NONE', *, *, #464, .F. ) ;
#2031 = DIRECTION ( 'NONE',  ( 0.000000000000000000, 0.000000000000000000, -1.000000000000000000 ) ) ;
#2032 = CARTESIAN_POINT ( 'NONE',  ( -29.99999999999997158, 0.000000000000000000, -5.000000000000000000 ) ) ;
#2033 = ORIENTED_EDGE ( 'NONE', *, *, #1424, .F. ) ;
#2034 = ADVANCED_FACE ( 'NONE', ( #1102 ), #641, .F. ) ;
#2035 = LINE ( 'NONE', #2231, #1773 ) ;
#2036 = CARTESIAN_POINT ( 'NONE',  ( -6.000000000000000000, 7.200000000000005507, 1.734723475976807094E-15 ) ) ;
#2037 = ORIENTED_EDGE ( 'NONE', *, *, #586, .F. ) ;
#2038 = LINE ( 'NONE', #177, #1071 ) ;
#2039 = ORIENTED_EDGE ( 'NONE', *, *, #833, .F. ) ;
#2040 = DIRECTION ( 'NONE',  ( 0.000000000000000000, 0.000000000000000000, 1.000000000000000000 ) ) ;
#2041 = CARTESIAN_POINT ( 'NONE',  ( -4.868629150101525305, 7.200000000000005507, 1.131370849898479580 ) ) ;
#2042 = AXIS2_PLACEMENT_3D ( 'NONE', #2032, #664, #862 ) ;
#2043 = DIRECTION ( 'NONE',  ( -1.000000000000000000, 0.000000000000000000, 0.000000000000000000 ) ) ;
#2044 = EDGE_CURVE ( 'NONE', #146, #653, #1288, .T. ) ;
#2045 = EDGE_CURVE ( 'NONE', #62, #522, #2302, .T. ) ;
#2046 = ORIENTED_EDGE ( 'NONE', *, *, #667, .T. ) ;
#2047 = VECTOR ( 'NONE', #288, 1000.000000000000000 ) ;
#2048 = DIRECTION ( 'NONE',  ( -1.000000000000000000, 0.000000000000000000, 0.000000000000000000 ) ) ;
#2049 = AXIS2_PLACEMENT_3D ( 'NONE', #1211, #443, #228 ) ;
#2050 = CARTESIAN_POINT ( 'NONE',  ( -6.000000000000000888, 0.5999999999999920952, 1.734723475976807094E-15 ) ) ;
#2051 = VECTOR ( 'NONE', #1817, 1000.000000000000000 ) ;
#2052 = VECTOR ( 'NONE', #2022, 1000.000000000000000 ) ;
#2053 = ORIENTED_EDGE ( 'NONE', *, *, #1467, .T. ) ;
#2054 = FILL_AREA_STYLE_COLOUR ( '', #1221 ) ;
#2055 = CARTESIAN_POINT ( 'NONE',  ( -2.734958866235468466, -0.3000000000000003220, -4.699999999999998401 ) ) ;
#2056 = VECTOR ( 'NONE', #1500, 1000.000000000000114 ) ;
#2057 = CARTESIAN_POINT ( 'NONE',  ( -11.30000000000000071, 0.6999999999999987343, -5.000000000000000000 ) ) ;
#2058 = VECTOR ( 'NONE', #223, 1000.000000000000000 ) ;
#2059 = ADVANCED_FACE ( 'NONE', ( #498 ), #975, .T. ) ;
#2060 = ORIENTED_EDGE ( 'NONE', *, *, #1900, .T. ) ;
#2061 = AXIS2_PLACEMENT_3D ( 'NONE', #1691, #468, #1239 ) ;
#2062 = EDGE_CURVE ( 'NONE', #1299, #224, #309, .T. ) ;
#2063 = VERTEX_POINT ( 'NONE', #240 ) ;
#2064 = LINE ( 'NONE', #2076, #1848 ) ;
#2065 = ORIENTED_EDGE ( 'NONE', *, *, #802, .F. ) ;
#2066 = PLANE ( 'NONE',  #1734 ) ;
#2067 = VERTEX_POINT ( 'NONE', #59 ) ;
#2068 = PRESENTATION_STYLE_ASSIGNMENT (( #303 ) ) ;
#2069 = EDGE_LOOP ( 'NONE', ( #2091, #2497, #559, #852 ) ) ;
#2070 = CARTESIAN_POINT ( 'NONE',  ( 1.596871942267736877, 2.299999999999581490, -5.000000000000000000 ) ) ;
#2071 = DIRECTION ( 'NONE',  ( -1.000000000000000000, 1.156482317317871478E-16, 0.000000000000000000 ) ) ;
#2072 = CONICAL_SURFACE ( 'NONE', #1347, 1.899999999999991696, 0.7853981633974466137 ) ;
#2073 = EDGE_CURVE ( 'NONE', #1353, #2263, #2098, .T. ) ;
#2074 = VECTOR ( 'NONE', #439, 1000.000000000000000 ) ;
#2075 = ORIENTED_EDGE ( 'NONE', *, *, #1166, .T. ) ;
#2076 = CARTESIAN_POINT ( 'NONE',  ( -12.59999999999999964, 0.6999999999999987343, -5.000000000000000000 ) ) ;
#2077 = DIRECTION ( 'NONE',  ( -0.6906814144933520749, -0.1515228816828327885, 0.7071067811865423547 ) ) ;
#2078 = VECTOR ( 'NONE', #511, 1000.000000000000000 ) ;
#2079 = ADVANCED_FACE ( 'NONE', ( #251 ), #2460, .T. ) ;
#2080 = DIRECTION ( 'NONE',  ( -1.000000000000000000, -1.204669080539449344E-16, 0.000000000000000000 ) ) ;
#2081 = EDGE_CURVE ( 'NONE', #1784, #565, #887, .T. ) ;
#2082 = FACE_OUTER_BOUND ( 'NONE', #2325, .T. ) ;
#2083 = CARTESIAN_POINT ( 'NONE',  ( -1.533279269595145156, 2.099837808785436799, -4.799837808785435200 ) ) ;
#2084 = AXIS2_PLACEMENT_3D ( 'NONE', #1867, #1263, #2417 ) ;
#2085 = ORIENTED_EDGE ( 'NONE', *, *, #413, .T. ) ;
#2086 = DIRECTION ( 'NONE',  ( 1.234051253235533540E-16, -1.000000000000000000, 0.000000000000000000 ) ) ;
#2087 = LINE ( 'NONE', #1439, #1612 ) ;
#2088 = ADVANCED_FACE ( 'NONE', ( #1170 ), #232, .F. ) ;
#2089 = ORIENTED_EDGE ( 'NONE', *, *, #1266, .F. ) ;
#2090 = CARTESIAN_POINT ( 'NONE',  ( -28.09999999999996589, 0.000000000000000000, 5.000000000000000000 ) ) ;
#2091 = ORIENTED_EDGE ( 'NONE', *, *, #2340, .F. ) ;
#2092 = ORIENTED_EDGE ( 'NONE', *, *, #1027, .T. ) ;
#2093 = ORIENTED_EDGE ( 'NONE', *, *, #1545, .T. ) ;
#2094 = EDGE_CURVE ( 'NONE', #1208, #1191, #651, .T. ) ;
#2095 = CONICAL_SURFACE ( 'NONE', #427, 0.6999999999999975131, 0.7853981633974498333 ) ;
#2096 = DIRECTION ( 'NONE',  ( -0.7071067811865516806, 0.000000000000000000, -0.7071067811865434649 ) ) ;
#2097 = ORIENTED_EDGE ( 'NONE', *, *, #601, .T. ) ;
#2098 = CIRCLE ( 'NONE', #40, 1.300000000000002487 ) ;
#2099 = DIRECTION ( 'NONE',  ( 0.4999999999999963918, -0.7071067811865512365, -0.4999999999999984457 ) ) ;
#2100 = ORIENTED_EDGE ( 'NONE', *, *, #2547, .T. ) ;
#2101 = LINE ( 'NONE', #1758, #1292 ) ;
#2102 = DIRECTION ( 'NONE',  ( 1.000000000000000000, 0.000000000000000000, 0.000000000000000000 ) ) ;
#2103 = ORIENTED_EDGE ( 'NONE', *, *, #1638, .F. ) ;
#2104 = DIRECTION ( 'NONE',  ( 0.5000000000000074385, -0.7071067811865412445, 0.5000000000000013323 ) ) ;
#2105 = ADVANCED_FACE ( 'NONE', ( #824 ), #1008, .F. ) ;
#2106 = DIRECTION ( 'NONE',  ( 0.000000000000000000, 0.000000000000000000, 1.000000000000000000 ) ) ;
#2107 = DIRECTION ( 'NONE',  ( 0.000000000000000000, 0.000000000000000000, -1.000000000000000000 ) ) ;
#2108 = ORIENTED_EDGE ( 'NONE', *, *, #1385, .T. ) ;
#2109 = CARTESIAN_POINT ( 'NONE',  ( -31.59999999999997655, 0.000000000000000000, 4.699999999999999289 ) ) ;
#2110 = VERTEX_POINT ( 'NONE', #621 ) ;
#2111 = ORIENTED_EDGE ( 'NONE', *, *, #1501, .F. ) ;
#2112 = AXIS2_PLACEMENT_3D ( 'NONE', #1415, #236, #2207 ) ;
#2113 = FACE_OUTER_BOUND ( 'NONE', #636, .T. ) ;
#2114 = DIRECTION ( 'NONE',  ( 1.000000000000000000, 0.000000000000000000, 0.000000000000000000 ) ) ;
#2115 = FACE_BOUND ( 'NONE', #983, .T. ) ;
#2116 = LINE ( 'NONE', #44, #87 ) ;
#2117 = DIRECTION ( 'NONE',  ( 8.177564888979182392E-17, 0.7071067811865515695, -0.7071067811865434649 ) ) ;
#2118 = ORIENTED_EDGE ( 'NONE', *, *, #1545, .F. ) ;
#2119 = ADVANCED_FACE ( 'NONE', ( #128 ), #2072, .F. ) ;
#2120 = EDGE_CURVE ( 'NONE', #903, #2457, #2269, .T. ) ;
#2121 = DIRECTION ( 'NONE',  ( -1.000000000000000000, 1.156482317317871725E-16, 0.000000000000000000 ) ) ;
#2122 = CARTESIAN_POINT ( 'NONE',  ( -2.734958866235468466, -0.6000000000000003109, -4.699999999999998401 ) ) ;
#2123 = CONICAL_SURFACE ( 'NONE', #893, 0.3000000000000016542, 0.7853981633974482790 ) ;
#2124 = LINE ( 'NONE', #56, #393 ) ;
#2125 = ORIENTED_EDGE ( 'NONE', *, *, #2275, .F. ) ;
#2126 = CARTESIAN_POINT ( 'NONE',  ( -6.000000000000000888, 0.2999999999999992673, 1.734723475976807094E-15 ) ) ;
#2127 = DIRECTION ( 'NONE',  ( 1.000000000000000000, 0.000000000000000000, 0.000000000000000000 ) ) ;
#2128 = ORIENTED_EDGE ( 'NONE', *, *, #1437, .T. ) ;
#2129 = AXIS2_PLACEMENT_3D ( 'NONE', #757, #1327, #1149 ) ;
#2130 = VERTEX_POINT ( 'NONE', #1206 ) ;
#2131 = EDGE_CURVE ( 'NONE', #816, #72, #910, .T. ) ;
#2132 = ORIENTED_EDGE ( 'NONE', *, *, #200, .T. ) ;
#2133 = ADVANCED_FACE ( 'NONE', ( #1951 ), #949, .T. ) ;
#2134 = DIRECTION ( 'NONE',  ( -0.000000000000000000, -0.000000000000000000, -1.000000000000000000 ) ) ;
#2135 = FACE_OUTER_BOUND ( 'NONE', #2214, .T. ) ;
#2136 = VECTOR ( 'NONE', #2198, 999.9999999999998863 ) ;
#2137 = VERTEX_POINT ( 'NONE', #1050 ) ;
#2138 = DIRECTION ( 'NONE',  ( -0.000000000000000000, -0.000000000000000000, -1.000000000000000000 ) ) ;
#2139 = CARTESIAN_POINT ( 'NONE',  ( -1.596871942267738431, 2.300000000000002043, -5.000000000000000000 ) ) ;
#2140 = CARTESIAN_POINT ( 'NONE',  ( -6.000000000000000000, 7.200000000000005507, 1.734723475976807094E-15 ) ) ;
#2141 = DIRECTION ( 'NONE',  ( -0.000000000000000000, -1.000000000000000000, -0.000000000000000000 ) ) ;
#2142 = VERTEX_POINT ( 'NONE', #2422 ) ;
#2143 = CARTESIAN_POINT ( 'NONE',  ( -29.99999999999997158, 0.000000000000000000, -4.699999999999996625 ) ) ;
#2144 = AXIS2_PLACEMENT_3D ( 'NONE', #573, #2141, #1917 ) ;
#2145 = DIRECTION ( 'NONE',  ( 0.7071067811865489050, -8.177564888978012660E-17, 0.7071067811865460184 ) ) ;
#2146 = FACE_OUTER_BOUND ( 'NONE', #209, .T. ) ;
#2147 = FACE_OUTER_BOUND ( 'NONE', #1392, .T. ) ;
#2148 = DIRECTION ( 'NONE',  ( 1.000000000000000000, 0.000000000000000000, 0.000000000000000000 ) ) ;
#2149 = DIRECTION ( 'NONE',  ( -0.000000000000000000, -0.000000000000000000, -1.000000000000000000 ) ) ;
#2150 = PLANE ( 'NONE',  #1936 ) ;
#2151 = AXIS2_PLACEMENT_3D ( 'NONE', #781, #1564, #2323 ) ;
#2152 = VECTOR ( 'NONE', #649, 1000.000000000000000 ) ;
#2153 = DIRECTION ( 'NONE',  ( 0.000000000000000000, 1.000000000000000000, 0.000000000000000000 ) ) ;
#2154 = VECTOR ( 'NONE', #1532, 1000.000000000000000 ) ;
#2155 = EDGE_CURVE ( 'NONE', #690, #522, #2333, .T. ) ;
#2156 = ORIENTED_EDGE ( 'NONE', *, *, #235, .F. ) ;
#2157 = ORIENTED_EDGE ( 'NONE', *, *, #1274, .F. ) ;
#2158 = FACE_OUTER_BOUND ( 'NONE', #1626, .T. ) ;
#2159 = DIRECTION ( 'NONE',  ( 0.000000000000000000, 0.000000000000000000, 1.000000000000000000 ) ) ;
#2160 = VERTEX_POINT ( 'NONE', #70 ) ;
#2161 = LINE ( 'NONE', #487, #1223 ) ;
#2162 = AXIS2_PLACEMENT_3D ( 'NONE', #2201, #1635, #2392 ) ;
#2163 = ORIENTED_EDGE ( 'NONE', *, *, #1886, .T. ) ;
#2164 = FACE_OUTER_BOUND ( 'NONE', #1521, .T. ) ;
#2165 = ORIENTED_EDGE ( 'NONE', *, *, #1459, .T. ) ;
#2166 = DIRECTION ( 'NONE',  ( -1.000000000000000000, 1.156482317317871478E-16, 0.000000000000000000 ) ) ;
#2167 = DIRECTION ( 'NONE',  ( 0.000000000000000000, 1.000000000000000000, 0.000000000000000000 ) ) ;
#2168 = AXIS2_PLACEMENT_3D ( 'NONE', #1453, #1033, #858 ) ;
#2169 = EDGE_CURVE ( 'NONE', #1465, #1945, #1827, .T. ) ;
#2170 = ORIENTED_EDGE ( 'NONE', *, *, #1512, .T. ) ;
#2171 = DIRECTION ( 'NONE',  ( 0.000000000000000000, 0.000000000000000000, 1.000000000000000000 ) ) ;
#2172 = ORIENTED_EDGE ( 'NONE', *, *, #762, .T. ) ;
#2173 = ORIENTED_EDGE ( 'NONE', *, *, #601, .F. ) ;
#2174 = CIRCLE ( 'NONE', #136, 7.500000000000000888 ) ;
#2175 = DIRECTION ( 'NONE',  ( 1.156482317317871725E-16, 1.000000000000000000, -0.000000000000000000 ) ) ;
#2176 = ORIENTED_EDGE ( 'NONE', *, *, #1969, .T. ) ;
#2177 = LINE ( 'NONE', #168, #1184 ) ;
#2178 = AXIS2_PLACEMENT_3D ( 'NONE', #2503, #178, #571 ) ;
#2179 = CYLINDRICAL_SURFACE ( 'NONE', #2162, 1.600000000000004086 ) ;
#2180 = ORIENTED_EDGE ( 'NONE', *, *, #1891, .T. ) ;
#2181 = EDGE_CURVE ( 'NONE', #2028, #1906, #2035, .T. ) ;
#2182 = FACE_OUTER_BOUND ( 'NONE', #214, .T. ) ;
#2183 = DIRECTION ( 'NONE',  ( 1.000000000000000000, 0.000000000000000000, 0.000000000000000000 ) ) ;
#2184 = VECTOR ( 'NONE', #1293, 1000.000000000000000 ) ;
#2185 =( GEOMETRIC_REPRESENTATION_CONTEXT ( 3 ) GLOBAL_UNCERTAINTY_ASSIGNED_CONTEXT ( ( #507 ) ) GLOBAL_UNIT_ASSIGNED_CONTEXT ( ( #707, #2459, #909 ) ) REPRESENTATION_CONTEXT ( 'NONE', 'WORKASPACE' ) );
#2186 = DIRECTION ( 'NONE',  ( 0.000000000000000000, 0.000000000000000000, 1.000000000000000000 ) ) ;
#2187 = DIRECTION ( 'NONE',  ( -0.000000000000000000, -0.000000000000000000, -1.000000000000000000 ) ) ;
#2188 = DIRECTION ( 'NONE',  ( 1.000000000000000000, -1.156482317317871478E-16, 0.000000000000000000 ) ) ;
#2189 = ORIENTED_EDGE ( 'NONE', *, *, #314, .F. ) ;
#2190 = ORIENTED_EDGE ( 'NONE', *, *, #1348, .F. ) ;
#2191 = CARTESIAN_POINT ( 'NONE',  ( -11.30000000000000071, 0.6999999999999987343, -5.000000000000000000 ) ) ;
#2192 = DIRECTION ( 'NONE',  ( 0.000000000000000000, 0.000000000000000000, 1.000000000000000000 ) ) ;
#2193 = B_SPLINE_CURVE_WITH_KNOTS ( 'NONE', 3,
 ( #2244, #1861, #674, #1054 ),
 .UNSPECIFIED., .F., .F.,
 ( 4, 4 ),
 ( 0.000000000000000000, 0.0004351829192406146663 ),
 .UNSPECIFIED. ) ;
#2194 = LINE ( 'NONE', #1778, #568 ) ;
#2195 = CARTESIAN_POINT ( 'NONE',  ( -12.59999999999999964, 0.000000000000000000, -5.000000000000000000 ) ) ;
#2196 = FACE_OUTER_BOUND ( 'NONE', #4, .T. ) ;
#2197 = EDGE_LOOP ( 'NONE', ( #784, #396, #2266, #2085, #61 ) ) ;
#2198 = DIRECTION ( 'NONE',  ( 0.000000000000000000, -0.7071067811865525687, 0.7071067811865425767 ) ) ;
#2199 = DIRECTION ( 'NONE',  ( 1.000000000000000000, 8.881784197001254296E-16, 0.000000000000000000 ) ) ;
#2200 = ORIENTED_EDGE ( 'NONE', *, *, #1641, .T. ) ;
#2201 = CARTESIAN_POINT ( 'NONE',  ( -29.99999999999997158, 0.000000000000000000, 5.000000000000000000 ) ) ;
#2202 = VECTOR ( 'NONE', #1950, 1000.000000000000000 ) ;
#2203 = CARTESIAN_POINT ( 'NONE',  ( -2.734958866235468466, 0.5999999999999996447, 4.699999999999998401 ) ) ;
#2204 = DIRECTION ( 'NONE',  ( -1.156482317317871478E-16, -1.000000000000000000, 0.000000000000000000 ) ) ;
#2205 = EDGE_CURVE ( 'NONE', #967, #1820, #2161, .T. ) ;
#2206 = LINE ( 'NONE', #1209, #2152 ) ;
#2207 = DIRECTION ( 'NONE',  ( 1.000000000000000000, 0.000000000000000000, 0.000000000000000000 ) ) ;
#2208 = CARTESIAN_POINT ( 'NONE',  ( -37.49999999999997868, 0.000000000000000000, 5.000000000000000000 ) ) ;
#2209 = ORIENTED_EDGE ( 'NONE', *, *, #1697, .T. ) ;
#2210 = AXIS2_PLACEMENT_3D ( 'NONE', #105, #1483, #1689 ) ;
#2211 = EDGE_CURVE ( 'NONE', #836, #1588, #2526, .T. ) ;
#2212 = DIRECTION ( 'NONE',  ( 0.000000000000000000, 0.7071067811865429098, -0.7071067811865521247 ) ) ;
#2213 = ORIENTED_EDGE ( 'NONE', *, *, #173, .T. ) ;
#2214 = EDGE_LOOP ( 'NONE', ( #338, #266, #1017, #140 ) ) ;
#2215 = VERTEX_POINT ( 'NONE', #1672 ) ;
#2216 = VECTOR ( 'NONE', #1268, 1000.000000000000114 ) ;
#2217 = ORIENTED_EDGE ( 'NONE', *, *, #1822, .T. ) ;
#2218 = DIRECTION ( 'NONE',  ( 1.000000000000000000, 0.000000000000000000, 0.000000000000000000 ) ) ;
#2219 = VECTOR ( 'NONE', #1560, 1000.000000000000000 ) ;
#2220 = AXIS2_PLACEMENT_3D ( 'NONE', #1407, #45, #827 ) ;
#2221 = ORIENTED_EDGE ( 'NONE', *, *, #1151, .F. ) ;
#2222 = DIRECTION ( 'NONE',  ( 1.000000000000000000, 0.000000000000000000, 0.000000000000000000 ) ) ;
#2223 = CARTESIAN_POINT ( 'NONE',  ( -29.99999999999997158, 0.000000000000000000, 4.699999999999999289 ) ) ;
#2224 = EDGE_CURVE ( 'NONE', #599, #1666, #708, .T. ) ;
#2225 = DIRECTION ( 'NONE',  ( 0.000000000000000000, 0.000000000000000000, 1.000000000000000000 ) ) ;
#2226 = LINE ( 'NONE', #301, #2368 ) ;
#2227 = CARTESIAN_POINT ( 'NONE',  ( -11.70000000000000107, 1.299999999999998712, 4.699999999999998401 ) ) ;
#2228 = ORIENTED_EDGE ( 'NONE', *, *, #1459, .F. ) ;
#2229 = ORIENTED_EDGE ( 'NONE', *, *, #725, .T. ) ;
#2230 = ORIENTED_EDGE ( 'NONE', *, *, #1664, .F. ) ;
#2231 = CARTESIAN_POINT ( 'NONE',  ( -4.156497115745525051, 7.500000000000001776, 0.8435028842543947913 ) ) ;
#2232 = LINE ( 'NONE', #1128, #1339 ) ;
#2233 = CIRCLE ( 'NONE', #176, 1.599999999999999867 ) ;
#2234 = DIRECTION ( 'NONE',  ( 1.000000000000000000, 0.000000000000000000, 0.000000000000000000 ) ) ;
#2235 = FACE_OUTER_BOUND ( 'NONE', #1738, .T. ) ;
#2236 = CARTESIAN_POINT ( 'NONE',  ( -5.999999999999996447, -0.6000000000000067502, 1.838477631085038144 ) ) ;
#2237 = AXIS2_PLACEMENT_3D ( 'NONE', #791, #2171, #1185 ) ;
#2238 = DIRECTION ( 'NONE',  ( -0.000000000000000000, -0.000000000000000000, -1.000000000000000000 ) ) ;
#2239 = VERTEX_POINT ( 'NONE', #1663 ) ;
#2240 = CARTESIAN_POINT ( 'NONE',  ( -6.000000000000000888, 0.2999999999999992673, -1.899999999999989919 ) ) ;
#2241 = ORIENTED_EDGE ( 'NONE', *, *, #2381, .T. ) ;
#2242 = ORIENTED_EDGE ( 'NONE', *, *, #191, .T. ) ;
#2243 = CARTESIAN_POINT ( 'NONE',  ( 6.215082505672815080E-14, 7.500000000000000888, -4.699999999999998401 ) ) ;
#2244 = CARTESIAN_POINT ( 'NONE',  ( -1.596871942267738875, 2.299999999999585487, 5.000000000000000000 ) ) ;
#2245 = ORIENTED_EDGE ( 'NONE', *, *, #1318, .T. ) ;
#2246 = PRODUCT_DEFINITION_CONTEXT ( 'detailed design', #127, 'design' ) ;
#2247 = LINE ( 'NONE', #1120, #2219 ) ;
#2248 = ORIENTED_EDGE ( 'NONE', *, *, #685, .F. ) ;
#2249 = EDGE_CURVE ( 'NONE', #310, #2355, #375, .T. ) ;
#2250 = DIRECTION ( 'NONE',  ( 0.000000000000000000, -1.000000000000000000, 0.000000000000000000 ) ) ;
#2251 = VERTEX_POINT ( 'NONE', #871 ) ;
#2252 = EDGE_CURVE ( 'NONE', #794, #155, #1977, .T. ) ;
#2253 = DIRECTION ( 'NONE',  ( 1.626303258728256848E-15, 0.000000000000000000, 1.000000000000000000 ) ) ;
#2254 = CARTESIAN_POINT ( 'NONE',  ( -2.441927559138811432, -0.5357142857142860315, -4.699999999999998401 ) ) ;
#2255 = ADVANCED_FACE ( 'NONE', ( #2485 ), #192, .F. ) ;
#2256 = MECHANICAL_DESIGN_GEOMETRIC_PRESENTATION_REPRESENTATION (  '', ( #1433 ), #1470 ) ;
#2257 = CARTESIAN_POINT ( 'NONE',  ( 6.215082505672815080E-14, -7.500000000000000888, 5.000000000000000000 ) ) ;
#2258 = DIRECTION ( 'NONE',  ( 0.7071067811865449082, 8.177564888977964588E-17, 0.7071067811865502373 ) ) ;
#2259 = VERTEX_POINT ( 'NONE', #728 ) ;
#2260 = VECTOR ( 'NONE', #2374, 1000.000000000000000 ) ;
#2261 = CARTESIAN_POINT ( 'NONE',  ( -10.70000000000000107, 0.2999999999999986566, -4.699999999999998401 ) ) ;
#2262 = ORIENTED_EDGE ( 'NONE', *, *, #1810, .F. ) ;
#2263 = VERTEX_POINT ( 'NONE', #751 ) ;
#2264 = ORIENTED_EDGE ( 'NONE', *, *, #1616, .F. ) ;
#2265 = DIRECTION ( 'NONE',  ( 0.000000000000000000, -0.7071067811865520136, -0.7071067811865431318 ) ) ;
#2266 = ORIENTED_EDGE ( 'NONE', *, *, #2340, .T. ) ;
#2267 = DIRECTION ( 'NONE',  ( -0.7071067811865431318, -8.726060094945978679E-17, 0.7071067811865517916 ) ) ;
#2268 = CARTESIAN_POINT ( 'NONE',  ( -7.599999999999999645, 7.200000000000005507, 1.734723475976807094E-15 ) ) ;
#2269 = CIRCLE ( 'NONE', #1760, 1.600000000000000755 ) ;
#2270 = ORIENTED_EDGE ( 'NONE', *, *, #15, .F. ) ;
#2271 = ADVANCED_FACE ( 'NONE', ( #1585 ), #739, .F. ) ;
#2272 = DIRECTION ( 'NONE',  ( -1.204669080539449344E-16, 1.000000000000000000, 0.000000000000000000 ) ) ;
#2273 = VECTOR ( 'NONE', #1138, 1000.000000000000000 ) ;
#2274 = ORIENTED_EDGE ( 'NONE', *, *, #1213, .F. ) ;
#2275 = EDGE_CURVE ( 'NONE', #376, #201, #1036, .T. ) ;
#2276 = VECTOR ( 'NONE', #2267, 1000.000000000000114 ) ;
#2277 = DIRECTION ( 'NONE',  ( 0.000000000000000000, 0.000000000000000000, -1.000000000000000000 ) ) ;
#2278 = AXIS2_PLACEMENT_3D ( 'NONE', #545, #1529, #2127 ) ;
#2279 = ADVANCED_FACE ( 'NONE', ( #1914 ), #360, .F. ) ;
#2280 = ORIENTED_EDGE ( 'NONE', *, *, #1318, .F. ) ;
#2281 = CARTESIAN_POINT ( 'NONE',  ( -6.000000000000000000, 0.2999999999999992673, 2.687005768508865522 ) ) ;
#2282 = EDGE_LOOP ( 'NONE', ( #656, #721, #2156, #1180, #2089 ) ) ;
#2283 = DIRECTION ( 'NONE',  ( 0.000000000000000000, 0.000000000000000000, 1.000000000000000000 ) ) ;
#2284 = DIRECTION ( 'NONE',  ( -0.000000000000000000, -0.000000000000000000, -1.000000000000000000 ) ) ;
#2285 = ADVANCED_FACE ( 'NONE', ( #1708 ), #386, .T. ) ;
#2286 = CIRCLE ( 'NONE', #2404, 7.199999999999995737 ) ;
#2287 = CARTESIAN_POINT ( 'NONE',  ( -13.29999999999999893, 6.500000000000002665, 5.000000000000000000 ) ) ;
#2288 = AXIS2_PLACEMENT_3D ( 'NONE', #1561, #1373, #1987 ) ;
#2289 = DIRECTION ( 'NONE',  ( 1.156482317317871725E-16, 1.000000000000000000, -0.000000000000000000 ) ) ;
#2290 = PLANE ( 'NONE',  #1055 ) ;
#2291 = CONICAL_SURFACE ( 'NONE', #1746, 1.599999999999999867, 0.7853981633974420618 ) ;
#2292 = CARTESIAN_POINT ( 'NONE',  ( -2.441927559138811432, -0.5357142857142860315, 5.000000000000000000 ) ) ;
#2293 = ORIENTED_EDGE ( 'NONE', *, *, #1919, .T. ) ;
#2294 = AXIS2_PLACEMENT_3D ( 'NONE', #564, #745, #374 ) ;
#2295 = DIRECTION ( 'NONE',  ( 1.000000000000000000, 7.228014483236697541E-16, 0.000000000000000000 ) ) ;
#2296 = VERTEX_POINT ( 'NONE', #1767 ) ;
#2297 = ORIENTED_EDGE ( 'NONE', *, *, #956, .T. ) ;
#2298 = EDGE_CURVE ( 'NONE', #2160, #1097, #529, .T. ) ;
#2299 = ADVANCED_FACE ( 'NONE', ( #1519, #1450 ), #964, .T. ) ;
#2300 = ORIENTED_EDGE ( 'NONE', *, *, #1937, .T. ) ;
#2301 = EDGE_CURVE ( 'NONE', #2400, #18, #342, .T. ) ;
#2302 = LINE ( 'NONE', #952, #774 ) ;
#2303 = DIRECTION ( 'NONE',  ( -1.000000000000000000, 0.000000000000000000, 0.000000000000000000 ) ) ;
#2304 = AXIS2_PLACEMENT_3D ( 'NONE', #80, #681, #290 ) ;
#2305 = VECTOR ( 'NONE', #934, 1000.000000000000000 ) ;
#2306 = CARTESIAN_POINT ( 'NONE',  ( -5.999999999999998224, -7.199999999999998401, 1.734723475976807094E-15 ) ) ;
#2307 = ORIENTED_EDGE ( 'NONE', *, *, #1078, .T. ) ;
#2308 = PLANE ( 'NONE',  #408 ) ;
#2309 = DIRECTION ( 'NONE',  ( 1.000000000000000000, 0.000000000000000000, 0.000000000000000000 ) ) ;
#2310 = DIRECTION ( 'NONE',  ( 0.4999999999999988898, -0.7071067811865480168, 0.5000000000000004441 ) ) ;
#2311 = DIRECTION ( 'NONE',  ( -2.115258955021912753E-15, 0.5773502691896245098, -0.8164965809277269226 ) ) ;
#2312 = ORIENTED_EDGE ( 'NONE', *, *, #1915, .F. ) ;
#2313 = AXIS2_PLACEMENT_3D ( 'NONE', #782, #2, #772 ) ;
#2314 = DIRECTION ( 'NONE',  ( -0.000000000000000000, -0.000000000000000000, -1.000000000000000000 ) ) ;
#2315 = FACE_OUTER_BOUND ( 'NONE', #2528, .T. ) ;
#2316 = CIRCLE ( 'NONE', #1212, 1.000000000000000888 ) ;
#2317 = DIRECTION ( 'NONE',  ( -0.4999999999999995559, -0.7071067811865502373, 0.4999999999999965028 ) ) ;
#2318 = CARTESIAN_POINT ( 'NONE',  ( -6.000000000000000888, 0.2999999999999992673, 1.734723475976807094E-15 ) ) ;
#2319 = CYLINDRICAL_SURFACE ( 'NONE', #1176, 1.600000000000004086 ) ;
#2320 = AXIS2_PLACEMENT_3D ( 'NONE', #1520, #1908, #2107 ) ;
#2321 = CARTESIAN_POINT ( 'NONE',  ( 0.000000000000000000, 0.000000000000000000, -5.000000000000000000 ) ) ;
#2322 = DIRECTION ( 'NONE',  ( -3.794707603699265519E-15, 0.000000000000000000, -1.000000000000000000 ) ) ;
#2323 = DIRECTION ( 'NONE',  ( -1.000000000000000000, 0.000000000000000000, 0.000000000000000000 ) ) ;
#2324 = CARTESIAN_POINT ( 'NONE',  ( -4.368629150101516423, -7.500000000000001776, 0.6313708498984745843 ) ) ;
#2325 = EDGE_LOOP ( 'NONE', ( #216, #1811, #1675, #1534, #1253 ) ) ;
#2326 = CYLINDRICAL_SURFACE ( 'NONE', #2446, 7.500000000000000888 ) ;
#2327 = UNCERTAINTY_MEASURE_WITH_UNIT (LENGTH_MEASURE( 1.000000000000000082E-05 ), #1934, 'distance_accuracy_value', 'NONE');
#2328 = ORIENTED_EDGE ( 'NONE', *, *, #352, .F. ) ;
#2329 = DIRECTION ( 'NONE',  ( -0.6906814144933474120, 0.1515228816828317615, -0.7071067811865471286 ) ) ;
#2330 = ORIENTED_EDGE ( 'NONE', *, *, #1116, .T. ) ;
#2331 = CARTESIAN_POINT ( 'NONE',  ( -37.49999999999997868, 0.000000000000000000, 4.699999999999998401 ) ) ;
#2332 = DIRECTION ( 'NONE',  ( 0.000000000000000000, 0.000000000000000000, 1.000000000000000000 ) ) ;
#2333 = CIRCLE ( 'NONE', #1696, 1.900000000000012790 ) ;
#2334 = EDGE_CURVE ( 'NONE', #1485, #1323, #1879, .T. ) ;
#2335 = ORIENTED_EDGE ( 'NONE', *, *, #71, .F. ) ;
#2336 = CIRCLE ( 'NONE', #659, 1.000000000000000888 ) ;
#2337 = CARTESIAN_POINT ( 'NONE',  ( -29.99999999999997158, 0.000000000000000000, 5.000000000000000000 ) ) ;
#2338 = DIRECTION ( 'NONE',  ( 0.000000000000000000, 0.000000000000000000, 1.000000000000000000 ) ) ;
#2339 = AXIS2_PLACEMENT_3D ( 'NONE', #1857, #1070, #1042 ) ;
#2340 = EDGE_CURVE ( 'NONE', #2390, #2063, #1321, .T. ) ;
#2341 = ORIENTED_EDGE ( 'NONE', *, *, #760, .F. ) ;
#2342 = DIRECTION ( 'NONE',  ( 0.000000000000000000, 0.000000000000000000, 1.000000000000000000 ) ) ;
#2343 = VERTEX_POINT ( 'NONE', #2406 ) ;
#2344 = AXIS2_PLACEMENT_3D ( 'NONE', #2050, #275, #2253 ) ;
#2345 = ADVANCED_FACE ( 'NONE', ( #2428 ), #1402, .T. ) ;
#2346 = EDGE_CURVE ( 'NONE', #599, #2239, #648, .T. ) ;
#2347 = FACE_OUTER_BOUND ( 'NONE', #415, .T. ) ;
#2348 = CARTESIAN_POINT ( 'NONE',  ( -1.631370849898474473, -7.500000000000000888, 6.631370849898525321 ) ) ;
#2349 = CARTESIAN_POINT ( 'NONE',  ( 1.596871942267737987, 2.299999999999585931, 5.000000000000000000 ) ) ;
#2350 = DIRECTION ( 'NONE',  ( -1.251002506714043540E-16, 1.000000000000000000, -0.000000000000000000 ) ) ;
#2351 = LINE ( 'NONE', #372, #671 ) ;
#2352 = FACE_OUTER_BOUND ( 'NONE', #2353, .T. ) ;
#2353 = EDGE_LOOP ( 'NONE', ( #592, #2108, #2330, #162, #341, #985, #645, #1648, #823, #1413, #442, #1175, #1374, #431, #1168, #2241, #256 ) ) ;
#2354 = CARTESIAN_POINT ( 'NONE',  ( 6.215082505672815080E-14, -7.500000000000000888, 4.699999999999998401 ) ) ;
#2355 = VERTEX_POINT ( 'NONE', #1358 ) ;
#2356 = ORIENTED_EDGE ( 'NONE', *, *, #1792, .F. ) ;
#2357 = CARTESIAN_POINT ( 'NONE',  ( -5.080761184457475821, -18.80000000000000782, 0.9192388155425080809 ) ) ;
#2358 = ORIENTED_EDGE ( 'NONE', *, *, #629, .T. ) ;
#2359 = VECTOR ( 'NONE', #1586, 1000.000000000000000 ) ;
#2360 = CARTESIAN_POINT ( 'NONE',  ( -29.99999999999997158, 7.199999999999999289, 5.000000000000000000 ) ) ;
#2361 = AXIS2_PLACEMENT_3D ( 'NONE', #861, #76, #2048 ) ;
#2362 = ORIENTED_EDGE ( 'NONE', *, *, #1188, .T. ) ;
#2363 = LINE ( 'NONE', #1943, #1918 ) ;
#2364 = VERTEX_POINT ( 'NONE', #2399 ) ;
#2365 = DIRECTION ( 'NONE',  ( -0.000000000000000000, -0.000000000000000000, -1.000000000000000000 ) ) ;
#2366 = CARTESIAN_POINT ( 'NONE',  ( 6.215082505672815080E-14, -7.500000000000000888, -4.699999999999998401 ) ) ;
#2367 = AXIS2_PLACEMENT_3D ( 'NONE', #737, #1119, #536 ) ;
#2368 = VECTOR ( 'NONE', #1693, 1000.000000000000227 ) ;
#2369 = ADVANCED_FACE ( 'NONE', ( #1032 ), #796, .F. ) ;
#2370 = DIRECTION ( 'NONE',  ( -1.000000000000000000, -1.234051253235533540E-16, 0.000000000000000000 ) ) ;
#2371 = VECTOR ( 'NONE', #114, 1000.000000000000000 ) ;
#2372 = DIRECTION ( 'NONE',  ( 0.7071067811865495711, 0.000000000000000000, 0.7071067811865454633 ) ) ;
#2373 = ORIENTED_EDGE ( 'NONE', *, *, #1862, .T. ) ;
#2374 = DIRECTION ( 'NONE',  ( -1.000000000000000000, 1.156482317317871478E-16, 0.000000000000000000 ) ) ;
#2375 = DIRECTION ( 'NONE',  ( -1.251002506714043540E-16, 1.000000000000000000, -0.000000000000000000 ) ) ;
#2376 = VECTOR ( 'NONE', #829, 1000.000000000000114 ) ;
#2377 = AXIS2_PLACEMENT_3D ( 'NONE', #2487, #2272, #1312 ) ;
#2378 = PLANE ( 'NONE',  #238 ) ;
#2379 = LINE ( 'NONE', #1367, #295 ) ;
#2380 = VECTOR ( 'NONE', #1695, 1000.000000000000000 ) ;
#2381 = EDGE_CURVE ( 'NONE', #2137, #967, #1357, .T. ) ;
#2382 = ADVANCED_FACE ( 'NONE', ( #882, #39 ), #2378, .F. ) ;
#2383 = EDGE_CURVE ( 'NONE', #146, #2296, #1582, .T. ) ;
#2384 = PRODUCT_DEFINITION_FORMATION_WITH_SPECIFIED_SOURCE ( 'ÈÎºÎ', '', #1805, .NOT_KNOWN. ) ;
#2385 = CARTESIAN_POINT ( 'NONE',  ( -5.999999999999999112, -0.6000000000000067502, 1.734723475976807094E-15 ) ) ;
#2386 = DIRECTION ( 'NONE',  ( 1.000000000000000000, -1.156482317317871478E-16, 0.000000000000000000 ) ) ;
#2387 = VERTEX_POINT ( 'NONE', #438 ) ;
#2388 = LINE ( 'NONE', #1021, #2260 ) ;
#2389 = CARTESIAN_POINT ( 'NONE',  ( 6.215082505672815080E-14, -7.500000000000000888, 5.000000000000000000 ) ) ;
#2390 = VERTEX_POINT ( 'NONE', #831 ) ;
#2391 = ORIENTED_EDGE ( 'NONE', *, *, #1891, .F. ) ;
#2392 = DIRECTION ( 'NONE',  ( -1.000000000000000000, 0.000000000000000000, 0.000000000000000000 ) ) ;
#2393 = VECTOR ( 'NONE', #462, 1000.000000000000114 ) ;
#2394 = CARTESIAN_POINT ( 'NONE',  ( -2.734958866235473796, -0.6000000000000014211, 5.000000000000000000 ) ) ;
#2395 = VECTOR ( 'NONE', #1595, 1000.000000000000000 ) ;
#2396 = DIRECTION ( 'NONE',  ( -1.000000000000000000, 0.000000000000000000, 0.000000000000000000 ) ) ;
#2397 = DIRECTION ( 'NONE',  ( 0.000000000000000000, 0.000000000000000000, -1.000000000000000000 ) ) ;
#2398 = EDGE_LOOP ( 'NONE', ( #1256, #460, #1200, #68 ) ) ;
#2399 = CARTESIAN_POINT ( 'NONE',  ( -29.99999999999993605, 7.500000000000004441, 4.699999999999998401 ) ) ;
#2400 = VERTEX_POINT ( 'NONE', #425 ) ;
#2401 = CARTESIAN_POINT ( 'NONE',  ( -10.70000000000000107, 7.500000000000001776, 5.000000000000000000 ) ) ;
#2402 = DIRECTION ( 'NONE',  ( -0.000000000000000000, -0.000000000000000000, -1.000000000000000000 ) ) ;
#2403 = DIRECTION ( 'NONE',  ( 0.000000000000000000, 1.000000000000000000, 0.000000000000000000 ) ) ;
#2404 = AXIS2_PLACEMENT_3D ( 'NONE', #771, #1146, #1173 ) ;
#2405 = VERTEX_POINT ( 'NONE', #1649 ) ;
#2406 = CARTESIAN_POINT ( 'NONE',  ( -37.49999999999997868, 0.000000000000000000, -4.699999999999998401 ) ) ;
#2407 = EDGE_LOOP ( 'NONE', ( #335, #2505, #270, #1948 ) ) ;
#2408 = EDGE_CURVE ( 'NONE', #201, #665, #1555, .T. ) ;
#2409 = CYLINDRICAL_SURFACE ( 'NONE', #198, 1.599999999999999867 ) ;
#2410 = DIRECTION ( 'NONE',  ( 0.000000000000000000, 0.000000000000000000, 1.000000000000000000 ) ) ;
#2411 = EDGE_CURVE ( 'NONE', #249, #1646, #124, .T. ) ;
#2412 = DIRECTION ( 'NONE',  ( 1.000000000000000000, 0.000000000000000000, 0.000000000000000000 ) ) ;
#2413 = CIRCLE ( 'NONE', #1216, 1.899999999999992806 ) ;
#2414 = DIRECTION ( 'NONE',  ( -0.000000000000000000, -0.000000000000000000, -1.000000000000000000 ) ) ;
#2415 = DIRECTION ( 'NONE',  ( 0.000000000000000000, 0.000000000000000000, 1.000000000000000000 ) ) ;
#2416 = AXIS2_PLACEMENT_3D ( 'NONE', #750, #716, #1732 ) ;
#2417 = DIRECTION ( 'NONE',  ( 1.000000000000000000, 0.000000000000000000, 0.000000000000000000 ) ) ;
#2418 = VECTOR ( 'NONE', #2145, 1000.000000000000114 ) ;
#2419 = LINE ( 'NONE', #1214, #2058 ) ;
#2420 = ORIENTED_EDGE ( 'NONE', *, *, #1083, .T. ) ;
#2421 = EDGE_CURVE ( 'NONE', #1465, #2137, #1486, .T. ) ;
#2422 = CARTESIAN_POINT ( 'NONE',  ( -4.868629150101526193, 0.5999999999999920952, 1.131370849898479580 ) ) ;
#2423 = ORIENTED_EDGE ( 'NONE', *, *, #286, .T. ) ;
#2424 = FACE_OUTER_BOUND ( 'NONE', #1418, .T. ) ;
#2425 =( LENGTH_UNIT ( ) NAMED_UNIT ( * ) SI_UNIT ( .MILLI., .METRE. ) );
#2426 = CARTESIAN_POINT ( 'NONE',  ( 0.000000000000000000, 0.000000000000000000, 4.699999999999998401 ) ) ;
#2427 = ADVANCED_FACE ( 'NONE', ( #2158 ), #1068, .F. ) ;
#2428 = FACE_OUTER_BOUND ( 'NONE', #1841, .T. ) ;
#2429 = ORIENTED_EDGE ( 'NONE', *, *, #1512, .F. ) ;
#2430 = CARTESIAN_POINT ( 'NONE',  ( -7.131370849898473807, 7.200000000000005507, 1.131370849898479802 ) ) ;
#2431 = VECTOR ( 'NONE', #2534, 1000.000000000000114 ) ;
#2432 = ORIENTED_EDGE ( 'NONE', *, *, #465, .F. ) ;
#2433 = EDGE_CURVE ( 'NONE', #1323, #249, #1876, .T. ) ;
#2434 = DIRECTION ( 'NONE',  ( -6.672013369141553384E-16, 0.000000000000000000, -1.000000000000000000 ) ) ;
#2435 = DIRECTION ( 'NONE',  ( 0.000000000000000000, 1.000000000000000000, 0.000000000000000000 ) ) ;
#2436 = ORIENTED_EDGE ( 'NONE', *, *, #835, .F. ) ;
#2437 = AXIS2_PLACEMENT_3D ( 'NONE', #1842, #2478, #1273 ) ;
#2438 = DIRECTION ( 'NONE',  ( 0.000000000000000000, 0.000000000000000000, -1.000000000000000000 ) ) ;
#2439 = DIRECTION ( 'NONE',  ( 1.000000000000000000, 0.000000000000000000, 0.000000000000000000 ) ) ;
#2440 = CIRCLE ( 'NONE', #1197, 1.000000000000000888 ) ;
#2441 = CARTESIAN_POINT ( 'NONE',  ( 1.499999999999999334, 2.000000000000000444, 5.000000000000000000 ) ) ;
#2442 = FACE_OUTER_BOUND ( 'NONE', #403, .T. ) ;
#2443 = LINE ( 'NONE', #1528, #1504 ) ;
#2444 = CIRCLE ( 'NONE', #1605, 1.300000000000002487 ) ;
#2445 = CARTESIAN_POINT ( 'NONE',  ( 6.215082505672815080E-14, -7.500000000000000888, -4.699999999999998401 ) ) ;
#2446 = AXIS2_PLACEMENT_3D ( 'NONE', #699, #691, #1265 ) ;
#2447 = EDGE_CURVE ( 'NONE', #879, #968, #945, .T. ) ;
#2448 = DIRECTION ( 'NONE',  ( -1.000000000000000000, 0.000000000000000000, 0.000000000000000000 ) ) ;
#2449 = ORIENTED_EDGE ( 'NONE', *, *, #1792, .T. ) ;
#2450 = CONICAL_SURFACE ( 'NONE', #276, 1.600000000000004086, 0.7853981633974482790 ) ;
#2451 = VERTEX_POINT ( 'NONE', #1673 ) ;
#2452 = VERTEX_POINT ( 'NONE', #497 ) ;
#2453 = DIRECTION ( 'NONE',  ( 0.7071067811865431318, 8.726060094945981144E-17, -0.7071067811865517916 ) ) ;
#2454 = CARTESIAN_POINT ( 'NONE',  ( -6.000000000000000000, 7.500000000000001776, 1.734723475976807094E-15 ) ) ;
#2455 = AXIS2_PLACEMENT_3D ( 'NONE', #2426, #81, #1850 ) ;
#2456 = ORIENTED_EDGE ( 'NONE', *, *, #2045, .T. ) ;
#2457 = VERTEX_POINT ( 'NONE', #419 ) ;
#2458 = CARTESIAN_POINT ( 'NONE',  ( -2.734958866235468466, 0.6000000000000051958, 5.000000000000000000 ) ) ;
#2459 =( NAMED_UNIT ( * ) PLANE_ANGLE_UNIT ( ) SI_UNIT ( $, .RADIAN. ) );
#2460 = CONICAL_SURFACE ( 'NONE', #1492, 0.6999999999999957367, 0.7853981633974541632 ) ;
#2461 = ORIENTED_EDGE ( 'NONE', *, *, #977, .T. ) ;
#2462 = DIRECTION ( 'NONE',  ( 0.000000000000000000, 0.000000000000000000, 1.000000000000000000 ) ) ;
#2463 = CARTESIAN_POINT ( 'NONE',  ( -2.734958866235468466, -0.3000000000000003220, 4.699999999999998401 ) ) ;
#2464 = DIRECTION ( 'NONE',  ( -0.4999999999999995004, 0.7071067811865469066, 0.5000000000000015543 ) ) ;
#2465 = ORIENTED_EDGE ( 'NONE', *, *, #1644, .T. ) ;
#2466 = CARTESIAN_POINT ( 'NONE',  ( -3.673940397442058882E-17, 0.2999999999999999889, 4.699999999999998401 ) ) ;
#2467 = DIRECTION ( 'NONE',  ( -1.251002506714043540E-16, 1.000000000000000000, -0.000000000000000000 ) ) ;
#2468 = VECTOR ( 'NONE', #811, 1000.000000000000114 ) ;
#2469 = ORIENTED_EDGE ( 'NONE', *, *, #2521, .F. ) ;
#2470 = AXIS2_PLACEMENT_3D ( 'NONE', #1620, #2402, #2010 ) ;
#2471 = PLANE ( 'NONE',  #1596 ) ;
#2472 = CARTESIAN_POINT ( 'NONE',  ( -5.999999999999998224, -7.500000000000000000, -1.600000000000002531 ) ) ;
#2473 = CIRCLE ( 'NONE', #639, 7.500000000000000888 ) ;
#2474 = EDGE_CURVE ( 'NONE', #2457, #903, #1740, .T. ) ;
#2475 = ADVANCED_FACE ( 'NONE', ( #1136 ), #1354, .T. ) ;
#2476 = PLANE ( 'NONE',  #2377 ) ;
#2477 = ORIENTED_EDGE ( 'NONE', *, *, #1502, .T. ) ;
#2478 = DIRECTION ( 'NONE',  ( 0.000000000000000000, 0.000000000000000000, 1.000000000000000000 ) ) ;
#2479 = ORIENTED_EDGE ( 'NONE', *, *, #28, .T. ) ;
#2480 = EDGE_LOOP ( 'NONE', ( #1803, #2118, #205, #493 ) ) ;
#2481 = CARTESIAN_POINT ( 'NONE',  ( -11.30000000000000071, -0.3000000000000013767, -4.699999999999998401 ) ) ;
#2482 = ORIENTED_EDGE ( 'NONE', *, *, #1013, .T. ) ;
#2483 = ORIENTED_EDGE ( 'NONE', *, *, #1266, .T. ) ;
#2484 = CARTESIAN_POINT ( 'NONE',  ( -2.734958866235468466, 0.5999999999999996447, 4.699999999999998401 ) ) ;
#2485 = FACE_OUTER_BOUND ( 'NONE', #908, .T. ) ;
#2486 = ORIENTED_EDGE ( 'NONE', *, *, #865, .T. ) ;
#2487 = CARTESIAN_POINT ( 'NONE',  ( -3.673940397442058882E-17, 0.2999999999999999889, -5.000000000000000000 ) ) ;
#2488 = LINE ( 'NONE', #1553, #1454 ) ;
#2489 = ORIENTED_EDGE ( 'NONE', *, *, #538, .T. ) ;
#2490 = DIRECTION ( 'NONE',  ( 1.000000000000000000, 0.000000000000000000, 0.000000000000000000 ) ) ;
#2491 = ADVANCED_FACE ( 'NONE', ( #7 ), #1949, .F. ) ;
#2492 = DIRECTION ( 'NONE',  ( -0.7071067811865502373, -8.845923557788730515E-17, 0.7071067811865449082 ) ) ;
#2493 = DIRECTION ( 'NONE',  ( -0.000000000000000000, -0.000000000000000000, -1.000000000000000000 ) ) ;
#2494 = DIRECTION ( 'NONE',  ( 0.6906814144933520749, -0.1515228816828325664, -0.7071067811865423547 ) ) ;
#2495 = AXIS2_PLACEMENT_3D ( 'NONE', #253, #258, #1653 ) ;
#2496 = VERTEX_POINT ( 'NONE', #1254 ) ;
#2497 = ORIENTED_EDGE ( 'NONE', *, *, #1404, .T. ) ;
#2498 = CARTESIAN_POINT ( 'NONE',  ( -11.39999999999999680, 6.500000000000001776, 5.000000000000000000 ) ) ;
#2499 = CYLINDRICAL_SURFACE ( 'NONE', #299, 7.500000000000007105 ) ;
#2500 = AXIS2_PLACEMENT_3D ( 'NONE', #628, #633, #996 ) ;
#2501 = LINE ( 'NONE', #1279, #990 ) ;
#2502 = CARTESIAN_POINT ( 'NONE',  ( -29.99999999999997158, 0.000000000000000000, -5.000000000000000000 ) ) ;
#2503 = CARTESIAN_POINT ( 'NONE',  ( -29.99999999999997158, 0.000000000000000000, 4.699999999999998401 ) ) ;
#2504 = VECTOR ( 'NONE', #1169, 1000.000000000000114 ) ;
#2505 = ORIENTED_EDGE ( 'NONE', *, *, #1435, .F. ) ;
#2506 = ADVANCED_FACE ( 'NONE', ( #186 ), #1167, .T. ) ;
#2507 = DIRECTION ( 'NONE',  ( -0.5000000000000012212, -0.7071067811865516806, -0.4999999999999930611 ) ) ;
#2508 = LINE ( 'NONE', #1953, #2418 ) ;
#2509 = DIRECTION ( 'NONE',  ( 0.000000000000000000, 0.000000000000000000, -1.000000000000000000 ) ) ;
#2510 = EDGE_LOOP ( 'NONE', ( #2297, #1066, #631, #23 ) ) ;
#2511 = AXIS2_PLACEMENT_3D ( 'NONE', #1939, #2134, #2148 ) ;
#2512 = CARTESIAN_POINT ( 'NONE',  ( -2.441927559138810988, -0.5357142857142859205, -4.699999999999998401 ) ) ;
#2513 = CIRCLE ( 'NONE', #325, 1.000000000000000888 ) ;
#2514 = CARTESIAN_POINT ( 'NONE',  ( -12.30000000000000071, 0.6999999999999987343, -5.000000000000000000 ) ) ;
#2515 = ORIENTED_EDGE ( 'NONE', *, *, #156, .T. ) ;
#2516 = ORIENTED_EDGE ( 'NONE', *, *, #1774, .F. ) ;
#2517 = EDGE_CURVE ( 'NONE', #224, #857, #822, .T. ) ;
#2518 = DIRECTION ( 'NONE',  ( -0.7071067811865495711, 0.000000000000000000, 0.7071067811865454633 ) ) ;
#2519 = ORIENTED_EDGE ( 'NONE', *, *, #1330, .T. ) ;
#2520 = VECTOR ( 'NONE', #1018, 999.9999999999998863 ) ;
#2521 = EDGE_CURVE ( 'NONE', #2160, #684, #433, .T. ) ;
#2522 = CARTESIAN_POINT ( 'NONE',  ( -11.40000000000000036, 0.000000000000000000, -5.000000000000000000 ) ) ;
#2523 = CARTESIAN_POINT ( 'NONE',  ( -13.29999999999999893, 7.500000000000002665, 4.699999999999998401 ) ) ;
#2524 = EDGE_LOOP ( 'NONE', ( #2245, #606, #1340, #2477 ) ) ;
#2525 = AXIS2_PLACEMENT_3D ( 'NONE', #838, #458, #2043 ) ;
#2526 = CIRCLE ( 'NONE', #1923, 1.599999999999999867 ) ;
#2527 = VECTOR ( 'NONE', #432, 1000.000000000000000 ) ;
#2528 = EDGE_LOOP ( 'NONE', ( #63, #1277, #1650, #1909 ) ) ;
#2529 = CARTESIAN_POINT ( 'NONE',  ( 7.199999999999999289, 0.000000000000000000, -5.000000000000000000 ) ) ;
#2530 = CARTESIAN_POINT ( 'NONE',  ( 6.215082505672815080E-14, 7.500000000000000888, 5.000000000000000000 ) ) ;
#2531 = DIRECTION ( 'NONE',  ( 1.000000000000000000, 1.156482317317871478E-16, 0.000000000000000000 ) ) ;
#2532 = AXIS2_PLACEMENT_3D ( 'NONE', #74, #450, #517 ) ;
#2533 = DIRECTION ( 'NONE',  ( 8.177564888977948565E-17, 0.7071067811865434649, 0.7071067811865515695 ) ) ;
#2534 = DIRECTION ( 'NONE',  ( 0.7071067811865489050, 8.518296759352094569E-17, -0.7071067811865461294 ) ) ;
#2535 = SURFACE_SIDE_STYLE ('',( #1962 ) ) ;
#2536 = ORIENTED_EDGE ( 'NONE', *, *, #743, .T. ) ;
#2537 = CARTESIAN_POINT ( 'NONE',  ( 0.000000000000000000, 0.000000000000000000, 5.000000000000000000 ) ) ;
#2538 = COLOUR_RGB ( '',0.8980392156862745390, 0.6352941176470587870, 0.5254901960784313930 ) ;
#2539 = CARTESIAN_POINT ( 'NONE',  ( -29.99999999999997158, 0.000000000000000000, 5.000000000000000000 ) ) ;
#2540 = DIRECTION ( 'NONE',  ( -1.000000000000000000, -1.234051253235533540E-16, 0.000000000000000000 ) ) ;
#2541 = LINE ( 'NONE', #919, #323 ) ;
#2542 = VECTOR ( 'NONE', #351, 1000.000000000000000 ) ;
#2543 = CARTESIAN_POINT ( 'NONE',  ( -2.734958866235468466, -0.3000000000000003220, 4.699999999999998401 ) ) ;
#2544 = AXIS2_PLACEMENT_3D ( 'NONE', #2530, #1751, #756 ) ;
#2545 = ORIENTED_EDGE ( 'NONE', *, *, #104, .T. ) ;
#2546 = CARTESIAN_POINT ( 'NONE',  ( -11.70000000000000107, 6.500000000000001776, -4.699999999999998401 ) ) ;
#2547 = EDGE_CURVE ( 'NONE', #2387, #706, #1098, .T. ) ;
#2548 = VECTOR ( 'NONE', #1645, 1000.000000000000000 ) ;
ENDSEC;
END-ISO-10303-21;
