ISO-10303-21;
HEADER;
FILE_DESCRIPTION (( 'STEP AP214' ),
    '1' );
FILE_NAME ('曲柄电机支架.STEP',
    '2026-07-29T04:05:20',
    ( 'HXX' ),
    ( '' ),
    'SwSTEP 2.0',
    'SolidWorks 2018',
    '' );
FILE_SCHEMA (( 'AUTOMOTIVE_DESIGN' ));
ENDSEC;

DATA;
#1 = CARTESIAN_POINT ( 'NONE',  ( -21.00000000000000000, 21.00000000000000000, 0.000000000000000000 ) ) ;
#2 = VERTEX_POINT ( 'NONE', #70 ) ;
#3 = FACE_OUTER_BOUND ( 'NONE', #3035, .T. ) ;
#4 = EDGE_CURVE ( 'NONE', #501, #3046, #383, .T. ) ;
#5 = EDGE_CURVE ( 'NONE', #1957, #2695, #3118, .T. ) ;
#6 = ORIENTED_EDGE ( 'NONE', *, *, #609, .F. ) ;
#7 = ORIENTED_EDGE ( 'NONE', *, *, #2109, .T. ) ;
#8 = ORIENTED_EDGE ( 'NONE', *, *, #500, .T. ) ;
#9 = VECTOR ( 'NONE', #3174, 1000.000000000000000 ) ;
#10 = ADVANCED_FACE ( 'NONE', ( #2693 ), #837, .F. ) ;
#11 = ORIENTED_EDGE ( 'NONE', *, *, #656, .T. ) ;
#12 = CARTESIAN_POINT ( 'NONE',  ( -16.63137084989837078, -14.36862915010152086, 5.000000000000000000 ) ) ;
#13 = AXIS2_PLACEMENT_3D ( 'NONE', #2819, #700, #1244 ) ;
#14 = FACE_OUTER_BOUND ( 'NONE', #2473, .T. ) ;
#15 = EDGE_LOOP ( 'NONE', ( #3066, #2612, #2596, #1085 ) ) ;
#16 = CARTESIAN_POINT ( 'NONE',  ( 14.01507575950825846, -14.01507575950835971, 5.000000000000000000 ) ) ;
#17 = LINE ( 'NONE', #1047, #2576 ) ;
#18 = CARTESIAN_POINT ( 'NONE',  ( -16.98492424049163319, -14.01507575950825313, 0.000000000000000000 ) ) ;
#19 = DIRECTION ( 'NONE',  ( 0.4999999999999995559, -0.4999999999999946709, -0.7071067811865515695 ) ) ;
#20 = ORIENTED_EDGE ( 'NONE', *, *, #39, .F. ) ;
#21 = DIRECTION ( 'NONE',  ( 1.000000000000000000, 0.000000000000000000, 0.000000000000000000 ) ) ;
#22 = EDGE_CURVE ( 'NONE', #1746, #501, #1001, .T. ) ;
#23 = AXIS2_PLACEMENT_3D ( 'NONE', #547, #3198, #821 ) ;
#24 = EDGE_CURVE ( 'NONE', #676, #1329, #1540, .T. ) ;
#25 = ORIENTED_EDGE ( 'NONE', *, *, #407, .T. ) ;
#26 = DIRECTION ( 'NONE',  ( 0.000000000000000000, 1.000000000000000000, 0.000000000000000000 ) ) ;
#27 = LINE ( 'NONE', #2250, #3400 ) ;
#28 = ADVANCED_FACE ( 'NONE', ( #925 ), #1394, .F. ) ;
#29 = VECTOR ( 'NONE', #406, 1000.000000000000000 ) ;
#30 = ORIENTED_EDGE ( 'NONE', *, *, #1823, .T. ) ;
#31 = ORIENTED_EDGE ( 'NONE', *, *, #1299, .F. ) ;
#32 = VECTOR ( 'NONE', #2383, 1000.000000000000000 ) ;
#33 = FACE_OUTER_BOUND ( 'NONE', #290, .T. ) ;
#34 = AXIS2_PLACEMENT_3D ( 'NONE', #2991, #1684, #3284 ) ;
#35 = ORIENTED_EDGE ( 'NONE', *, *, #1103, .T. ) ;
#36 = CIRCLE ( 'NONE', #3336, 2.099999999999983658 ) ;
#37 = DIRECTION ( 'NONE',  ( 1.000000000000000000, 0.000000000000000000, 0.000000000000000000 ) ) ;
#38 = DIRECTION ( 'NONE',  ( 0.7071067811865437980, 0.7071067811865513475, 0.000000000000000000 ) ) ;
#39 = EDGE_CURVE ( 'NONE', #2773, #1414, #64, .T. ) ;
#40 = DIRECTION ( 'NONE',  ( -3.469446951953609751E-16, 1.000000000000000000, 0.000000000000000000 ) ) ;
#41 = ORIENTED_EDGE ( 'NONE', *, *, #128, .T. ) ;
#42 = VECTOR ( 'NONE', #3342, 1000.000000000000000 ) ;
#43 = ORIENTED_EDGE ( 'NONE', *, *, #366, .T. ) ;
#44 = ADVANCED_FACE ( 'NONE', ( #1557 ), #3219, .T. ) ;
#45 = PLANE ( 'NONE',  #950 ) ;
#46 = ORIENTED_EDGE ( 'NONE', *, *, #2581, .F. ) ;
#47 = DIRECTION ( 'NONE',  ( 0.7071067811865491270, -0.7071067811865459074, 0.000000000000000000 ) ) ;
#48 = DIRECTION ( 'NONE',  ( 1.000000000000000000, 0.000000000000000000, 0.000000000000000000 ) ) ;
#49 = ORIENTED_EDGE ( 'NONE', *, *, #1621, .T. ) ;
#50 = VERTEX_POINT ( 'NONE', #1134 ) ;
#51 = CARTESIAN_POINT ( 'NONE',  ( 4.819278656698067209E-14, 16.26345596729073506, 0.4999999999999936162 ) ) ;
#52 = VECTOR ( 'NONE', #1207, 1000.000000000000114 ) ;
#53 = DIRECTION ( 'NONE',  ( 0.000000000000000000, -0.000000000000000000, -1.000000000000000000 ) ) ;
#54 = CARTESIAN_POINT ( 'NONE',  ( -20.99999999999999645, -11.00000000000000711, -5.000000000000039080 ) ) ;
#55 = ORIENTED_EDGE ( 'NONE', *, *, #3306, .F. ) ;
#56 = VERTEX_POINT ( 'NONE', #2169 ) ;
#57 = EDGE_CURVE ( 'NONE', #172, #1438, #2262, .T. ) ;
#58 = EDGE_CURVE ( 'NONE', #1056, #2199, #2008, .T. ) ;
#59 = CYLINDRICAL_SURFACE ( 'NONE', #1159, 1.600000000000002531 ) ;
#60 = ADVANCED_FACE ( 'NONE', ( #2177 ), #852, .F. ) ;
#61 = AXIS2_PLACEMENT_3D ( 'NONE', #2616, #1003, #2855 ) ;
#62 = DIRECTION ( 'NONE',  ( 0.7071067811865434649, 0.7071067811865516806, 0.000000000000000000 ) ) ;
#63 = CIRCLE ( 'NONE', #13, 2.100000000000060041 ) ;
#64 = LINE ( 'NONE', #1150, #3434 ) ;
#65 = AXIS2_PLACEMENT_3D ( 'NONE', #2651, #2943, #545 ) ;
#66 = CARTESIAN_POINT ( 'NONE',  ( 33.00000000000000000, -20.99999999999999289, 5.000000000000000000 ) ) ;
#67 = DIRECTION ( 'NONE',  ( 1.000000000000000000, 0.000000000000000000, 0.000000000000000000 ) ) ;
#68 = CARTESIAN_POINT ( 'NONE',  ( 15.50000000000010125, 15.50000000000000533, 5.000000000000000000 ) ) ;
#69 = DIRECTION ( 'NONE',  ( 0.000000000000000000, 0.000000000000000000, -1.000000000000000000 ) ) ;
#70 = CARTESIAN_POINT ( 'NONE',  ( 15.49999999999989342, -12.53015151901651869, 5.000000000000000000 ) ) ;
#71 = ORIENTED_EDGE ( 'NONE', *, *, #789, .F. ) ;
#72 = CARTESIAN_POINT ( 'NONE',  ( 15.49999999999989342, 17.76274169979696538, 5.000000000000000000 ) ) ;
#73 = AXIS2_PLACEMENT_3D ( 'NONE', #2178, #1640, #1131 ) ;
#74 = LINE ( 'NONE', #1174, #2020 ) ;
#75 = EDGE_CURVE ( 'NONE', #255, #2505, #1482, .T. ) ;
#76 = CIRCLE ( 'NONE', #1037, 2.099999999999981881 ) ;
#77 = CARTESIAN_POINT ( 'NONE',  ( -13.89999999999989022, -15.50000000000000178, 0.4999999999999917843 ) ) ;
#78 = DIRECTION ( 'NONE',  ( 8.973825869790016739E-16, 0.8164965809277290321, 0.5773502691896215122 ) ) ;
#79 = LINE ( 'NONE', #922, #853 ) ;
#80 = ORIENTED_EDGE ( 'NONE', *, *, #609, .T. ) ;
#81 = CARTESIAN_POINT ( 'NONE',  ( -31.00000000000000000, 0.000000000000000000, -27.99999999999999645 ) ) ;
#82 = UNCERTAINTY_MEASURE_WITH_UNIT (LENGTH_MEASURE( 1.000000000000000082E-05 ), #1272, 'distance_accuracy_value', 'NONE');
#83 = AXIS2_PLACEMENT_3D ( 'NONE', #2592, #1766, #3110 ) ;
#84 = ADVANCED_FACE ( 'NONE', ( #2967 ), #45, .F. ) ;
#85 = DIRECTION ( 'NONE',  ( -0.7071067811865562325, -0.7071067811865389130, 0.000000000000000000 ) ) ;
#86 = ORIENTED_EDGE ( 'NONE', *, *, #1170, .F. ) ;
#87 = DIRECTION ( 'NONE',  ( -0.000000000000000000, -0.000000000000000000, -1.000000000000000000 ) ) ;
#88 = CIRCLE ( 'NONE', #1838, 11.99999999999998934 ) ;
#89 = DIRECTION ( 'NONE',  ( -0.000000000000000000, -0.000000000000000000, -1.000000000000000000 ) ) ;
#90 = DIRECTION ( 'NONE',  ( 1.000000000000000000, 0.000000000000000000, 0.000000000000000000 ) ) ;
#91 = CARTESIAN_POINT ( 'NONE',  ( 14.36862915010141784, -14.36862915010152086, 0.5000000000000013323 ) ) ;
#92 = EDGE_LOOP ( 'NONE', ( #1366, #2395, #3048, #3216 ) ) ;
#93 = ADVANCED_FACE ( 'NONE', ( #2710 ), #1444, .T. ) ;
#94 = ORIENTED_EDGE ( 'NONE', *, *, #3419, .F. ) ;
#95 = CARTESIAN_POINT ( 'NONE',  ( -8.131727983645342661, 8.131727983645250291, 5.000000000000000000 ) ) ;
#96 = CYLINDRICAL_SURFACE ( 'NONE', #3340, 11.49999999999999645 ) ;
#97 = EDGE_CURVE ( 'NONE', #1355, #255, #3240, .T. ) ;
#98 = VERTEX_POINT ( 'NONE', #2758 ) ;
#99 = ORIENTED_EDGE ( 'NONE', *, *, #630, .F. ) ;
#100 = ORIENTED_EDGE ( 'NONE', *, *, #390, .T. ) ;
#101 = EDGE_CURVE ( 'NONE', #426, #2453, #2688, .T. ) ;
#102 = DIRECTION ( 'NONE',  ( -0.4999999999999985567, 0.4999999999999932276, -0.7071067811865533459 ) ) ;
#103 = LINE ( 'NONE', #611, #434 ) ;
#104 = DIRECTION ( 'NONE',  ( -0.000000000000000000, -0.000000000000000000, -1.000000000000000000 ) ) ;
#105 = ORIENTED_EDGE ( 'NONE', *, *, #2900, .F. ) ;
#106 = VECTOR ( 'NONE', #2621, 1000.000000000000114 ) ;
#107 = DIRECTION ( 'NONE',  ( 1.000000000000000000, 0.000000000000000000, 0.000000000000000000 ) ) ;
#108 = ADVANCED_FACE ( 'NONE', ( #1904 ), #3157, .F. ) ;
#109 = VERTEX_POINT ( 'NONE', #1971 ) ;
#110 = VECTOR ( 'NONE', #3001, 1000.000000000000000 ) ;
#111 = CARTESIAN_POINT ( 'NONE',  ( 15.49999999999989342, -13.23725830020305061, 4.500000000000004441 ) ) ;
#112 = EDGE_LOOP ( 'NONE', ( #960, #1194, #3381, #2594 ) ) ;
#113 = CARTESIAN_POINT ( 'NONE',  ( -28.00000000000000000, -21.00000000000000355, -24.99999999999999645 ) ) ;
#114 = DIRECTION ( 'NONE',  ( 0.000000000000000000, 0.000000000000000000, 1.000000000000000000 ) ) ;
#115 = ORIENTED_EDGE ( 'NONE', *, *, #2818, .T. ) ;
#116 = FACE_OUTER_BOUND ( 'NONE', #1306, .T. ) ;
#117 = LINE ( 'NONE', #1143, #567 ) ;
#118 = ORIENTED_EDGE ( 'NONE', *, *, #741, .T. ) ;
#119 = ORIENTED_EDGE ( 'NONE', *, *, #22, .T. ) ;
#120 = ADVANCED_FACE ( 'NONE', ( #1211, #665, #1290, #498, #1818 ), #914, .F. ) ;
#121 = FACE_OUTER_BOUND ( 'NONE', #1385, .T. ) ;
#122 = CARTESIAN_POINT ( 'NONE',  ( -28.00000000000000000, -20.50000000000007461, -24.99999999999999645 ) ) ;
#123 = VECTOR ( 'NONE', #2908, 1000.000000000000000 ) ;
#124 = VECTOR ( 'NONE', #988, 999.9999999999998863 ) ;
#125 = ORIENTED_EDGE ( 'NONE', *, *, #3059, .F. ) ;
#126 = VECTOR ( 'NONE', #2226, 1000.000000000000000 ) ;
#127 = CARTESIAN_POINT ( 'NONE',  ( -13.89999999999989022, -15.50000000000000178, 4.500000000000000888 ) ) ;
#128 = EDGE_CURVE ( 'NONE', #3420, #1427, #577, .T. ) ;
#129 = EDGE_CURVE ( 'NONE', #2447, #1002, #3326, .T. ) ;
#130 = EDGE_LOOP ( 'NONE', ( #2212, #3298, #736, #2181 ) ) ;
#131 = ADVANCED_FACE ( 'NONE', ( #420 ), #1195, .T. ) ;
#132 = CARTESIAN_POINT ( 'NONE',  ( -15.49999999999989342, -15.50000000000000178, 0.4999999999999917843 ) ) ;
#133 = ORIENTED_EDGE ( 'NONE', *, *, #1084, .T. ) ;
#134 = AXIS2_PLACEMENT_3D ( 'NONE', #944, #2781, #1595 ) ;
#135 = CARTESIAN_POINT ( 'NONE',  ( -15.49999999999990230, -3.186767679344478132, -6.606770072260973237 ) ) ;
#136 = DIRECTION ( 'NONE',  ( -0.000000000000000000, -0.000000000000000000, -1.000000000000000000 ) ) ;
#137 = CARTESIAN_POINT ( 'NONE',  ( -15.49999999999989342, -15.50000000000000178, 4.500000000000000888 ) ) ;
#138 = CARTESIAN_POINT ( 'NONE',  ( -15.49999999999989342, 15.50000000000000000, 0.000000000000000000 ) ) ;
#139 = ORIENTED_EDGE ( 'NONE', *, *, #2805, .T. ) ;
#140 = ORIENTED_EDGE ( 'NONE', *, *, #1050, .F. ) ;
#141 = EDGE_LOOP ( 'NONE', ( #2674, #830, #3279, #410 ) ) ;
#142 = LINE ( 'NONE', #1176, #3052 ) ;
#143 = CARTESIAN_POINT ( 'NONE',  ( 13.40000000000012292, -15.49999999999998757, 5.000000000000000000 ) ) ;
#144 = LINE ( 'NONE', #360, #3132 ) ;
#145 = EDGE_CURVE ( 'NONE', #520, #1446, #3410, .T. ) ;
#146 = ORIENTED_EDGE ( 'NONE', *, *, #557, .F. ) ;
#147 = CARTESIAN_POINT ( 'NONE',  ( 13.90000000000011227, -15.49999999999998757, 4.500000000000004441 ) ) ;
#148 = VECTOR ( 'NONE', #610, 1000.000000000000000 ) ;
#149 = DIRECTION ( 'NONE',  ( -0.000000000000000000, 0.000000000000000000, 1.000000000000000000 ) ) ;
#150 = LINE ( 'NONE', #937, #2884 ) ;
#151 = ORIENTED_EDGE ( 'NONE', *, *, #903, .T. ) ;
#152 = CARTESIAN_POINT ( 'NONE',  ( -13.89999999999989377, 15.50000000000000000, 4.499999999999998224 ) ) ;
#153 = AXIS2_PLACEMENT_3D ( 'NONE', #2780, #1961, #2265 ) ;
#154 = DIRECTION ( 'NONE',  ( -0.000000000000000000, 1.000000000000000000, -0.000000000000000000 ) ) ;
#155 = EDGE_CURVE ( 'NONE', #1871, #2292, #207, .T. ) ;
#156 = CONICAL_SURFACE ( 'NONE', #350, 2.099999999999988987, 0.7853981633974391752 ) ;
#157 = CARTESIAN_POINT ( 'NONE',  ( -15.49999999999989342, -13.23725830020305061, 4.500000000000000888 ) ) ;
#158 = CARTESIAN_POINT ( 'NONE',  ( -31.00000000000000000, -21.00000000000000355, -30.00000000000000000 ) ) ;
#159 = VECTOR ( 'NONE', #2171, 1000.000000000000114 ) ;
#160 = FACE_OUTER_BOUND ( 'NONE', #2162, .T. ) ;
#161 = EDGE_CURVE ( 'NONE', #3432, #1414, #2946, .T. ) ;
#162 = VECTOR ( 'NONE', #1516, 1000.000000000000000 ) ;
#163 = CARTESIAN_POINT ( 'NONE',  ( 16.63137084989837788, 16.63137084989847025, 0.5000000000000014433 ) ) ;
#164 = ORIENTED_EDGE ( 'NONE', *, *, #2080, .F. ) ;
#165 = CARTESIAN_POINT ( 'NONE',  ( -27.99999999999998934, -11.50000000000004619, -8.399999999999995026 ) ) ;
#166 = DIRECTION ( 'NONE',  ( 0.000000000000000000, 0.000000000000000000, -1.000000000000000000 ) ) ;
#167 = EDGE_CURVE ( 'NONE', #3155, #2847, #1365, .T. ) ;
#168 = LINE ( 'NONE', #1249, #2906 ) ;
#169 = CARTESIAN_POINT ( 'NONE',  ( 1.484924240491657388, 1.484924240491664493, 0.000000000000000000 ) ) ;
#170 = AXIS2_PLACEMENT_3D ( 'NONE', #1747, #1501, #2309 ) ;
#171 = DIRECTION ( 'NONE',  ( 0.000000000000000000, -0.000000000000000000, -1.000000000000000000 ) ) ;
#172 = VERTEX_POINT ( 'NONE', #1184 ) ;
#173 = AXIS2_PLACEMENT_3D ( 'NONE', #2733, #1941, #2245 ) ;
#174 = DIRECTION ( 'NONE',  ( 1.000000000000000000, 0.000000000000000000, 0.000000000000000000 ) ) ;
#175 = EDGE_LOOP ( 'NONE', ( #1602, #2668, #2528, #119, #2930, #1032 ) ) ;
#176 = DIRECTION ( 'NONE',  ( 0.000000000000000000, -0.7071067811865434649, -0.7071067811865516806 ) ) ;
#177 = LINE ( 'NONE', #2323, #2293 ) ;
#178 = DIRECTION ( 'NONE',  ( -0.000000000000000000, -0.000000000000000000, -1.000000000000000000 ) ) ;
#179 = EDGE_LOOP ( 'NONE', ( #1921, #1503, #2083, #1695 ) ) ;
#180 = ORIENTED_EDGE ( 'NONE', *, *, #2891, .F. ) ;
#181 = EDGE_LOOP ( 'NONE', ( #1340, #530, #1462, #679, #299 ) ) ;
#182 = FACE_OUTER_BOUND ( 'NONE', #1221, .T. ) ;
#183 = DIRECTION ( 'NONE',  ( -0.000000000000000000, 1.000000000000000000, -0.000000000000000000 ) ) ;
#184 = ORIENTED_EDGE ( 'NONE', *, *, #2900, .T. ) ;
#185 = FACE_OUTER_BOUND ( 'NONE', #2468, .T. ) ;
#186 = LINE ( 'NONE', #2219, #110 ) ;
#187 = CARTESIAN_POINT ( 'NONE',  ( -17.59999999999988773, -15.50000000000000178, 0.000000000000000000 ) ) ;
#188 = EDGE_CURVE ( 'NONE', #1125, #1288, #2774, .T. ) ;
#189 = EDGE_LOOP ( 'NONE', ( #2820, #2873, #388, #938 ) ) ;
#190 = DIRECTION ( 'NONE',  ( -0.4999999999999940048, 0.5000000000000013323, -0.7071067811865507924 ) ) ;
#191 = EDGE_CURVE ( 'NONE', #2938, #1188, #36, .T. ) ;
#192 = DIRECTION ( 'NONE',  ( 0.000000000000000000, -1.000000000000000000, 0.000000000000000000 ) ) ;
#193 = AXIS2_PLACEMENT_3D ( 'NONE', #2558, #2296, #974 ) ;
#194 = DIRECTION ( 'NONE',  ( 1.000000000000000000, 0.000000000000000000, 0.000000000000000000 ) ) ;
#195 = CARTESIAN_POINT ( 'NONE',  ( -31.12500000000000711, -6.000000000000023093, 0.000000000000000000 ) ) ;
#196 = ORIENTED_EDGE ( 'NONE', *, *, #366, .F. ) ;
#197 = VECTOR ( 'NONE', #1256, 1000.000000000000000 ) ;
#198 = VECTOR ( 'NONE', #559, 1000.000000000000000 ) ;
#199 = CARTESIAN_POINT ( 'NONE',  ( 33.00000000000000000, -20.99999999999999289, 0.000000000000000000 ) ) ;
#200 = ORIENTED_EDGE ( 'NONE', *, *, #2256, .F. ) ;
#201 = VERTEX_POINT ( 'NONE', #3327 ) ;
#202 = FACE_OUTER_BOUND ( 'NONE', #3355, .T. ) ;
#203 = LINE ( 'NONE', #1769, #124 ) ;
#204 = DIRECTION ( 'NONE',  ( -0.000000000000000000, -0.000000000000000000, -1.000000000000000000 ) ) ;
#205 = ORIENTED_EDGE ( 'NONE', *, *, #3440, .F. ) ;
#206 = VERTEX_POINT ( 'NONE', #1511 ) ;
#207 = LINE ( 'NONE', #375, #2153 ) ;
#208 = EDGE_CURVE ( 'NONE', #2170, #172, #662, .T. ) ;
#209 = AXIS2_PLACEMENT_3D ( 'NONE', #1106, #40, #2956 ) ;
#210 = CARTESIAN_POINT ( 'NONE',  ( -15.49999999999989342, 17.47989898732224034, 0.7000000000000755618 ) ) ;
#211 = CARTESIAN_POINT ( 'NONE',  ( -33.00000000000000000, -6.000000000000022204, 0.000000000000000000 ) ) ;
#212 = EDGE_CURVE ( 'NONE', #336, #2090, #2770, .T. ) ;
#213 = EDGE_LOOP ( 'NONE', ( #1970, #2254, #1678, #2654 ) ) ;
#214 = VECTOR ( 'NONE', #2093, 1000.000000000000114 ) ;
#215 = DIRECTION ( 'NONE',  ( 0.000000000000000000, -1.000000000000000000, 0.000000000000000000 ) ) ;
#216 = VECTOR ( 'NONE', #1901, 1000.000000000000000 ) ;
#217 = DIRECTION ( 'NONE',  ( -0.7071067811865437980, 0.7071067811865513475, -0.000000000000000000 ) ) ;
#218 = DIRECTION ( 'NONE',  ( 1.000000000000000000, 0.000000000000000000, 0.000000000000000000 ) ) ;
#219 = AXIS2_PLACEMENT_3D ( 'NONE', #2472, #1157, #629 ) ;
#220 = EDGE_LOOP ( 'NONE', ( #2232, #632, #2778, #3268 ) ) ;
#221 = ORIENTED_EDGE ( 'NONE', *, *, #866, .T. ) ;
#222 = CARTESIAN_POINT ( 'NONE',  ( 15.50000000000010658, -15.49999999999998757, 5.000000000000000000 ) ) ;
#223 = DIRECTION ( 'NONE',  ( -0.000000000000000000, -0.000000000000000000, -1.000000000000000000 ) ) ;
#224 = ORIENTED_EDGE ( 'NONE', *, *, #1170, .T. ) ;
#225 = EDGE_CURVE ( 'NONE', #1188, #2698, #2065, .T. ) ;
#226 = AXIS2_PLACEMENT_3D ( 'NONE', #2825, #2332, #747 ) ;
#227 = LINE ( 'NONE', #3372, #1549 ) ;
#228 = CARTESIAN_POINT ( 'NONE',  ( -15.49999999999989342, -13.23725830020305061, 4.500000000000000888 ) ) ;
#229 = ORIENTED_EDGE ( 'NONE', *, *, #328, .F. ) ;
#230 = VECTOR ( 'NONE', #3271, 1000.000000000000114 ) ;
#231 = VERTEX_POINT ( 'NONE', #2523 ) ;
#232 = CARTESIAN_POINT ( 'NONE',  ( 13.90000000000011227, -15.49999999999998757, 5.000000000000000000 ) ) ;
#233 = LINE ( 'NONE', #157, #479 ) ;
#234 = ORIENTED_EDGE ( 'NONE', *, *, #589, .F. ) ;
#235 = DIRECTION ( 'NONE',  ( 0.000000000000000000, 1.000000000000000000, 0.000000000000000000 ) ) ;
#236 = VERTEX_POINT ( 'NONE', #3111 ) ;
#237 = EDGE_CURVE ( 'NONE', #1548, #2787, #827, .T. ) ;
#238 = DIRECTION ( 'NONE',  ( -0.000000000000000000, -0.000000000000000000, -1.000000000000000000 ) ) ;
#239 = EDGE_CURVE ( 'NONE', #3228, #2569, #1362, .T. ) ;
#240 = AXIS2_PLACEMENT_3D ( 'NONE', #900, #2974, #2986 ) ;
#241 = DIRECTION ( 'NONE',  ( -0.000000000000000000, -0.000000000000000000, -1.000000000000000000 ) ) ;
#242 = FACE_OUTER_BOUND ( 'NONE', #1859, .T. ) ;
#243 = ORIENTED_EDGE ( 'NONE', *, *, #1485, .T. ) ;
#244 = AXIS2_PLACEMENT_3D ( 'NONE', #1835, #473, #731 ) ;
#245 = LINE ( 'NONE', #270, #2809 ) ;
#246 = DIRECTION ( 'NONE',  ( 8.659560562354908206E-17, 0.7071067811865493491, -0.7071067811865455743 ) ) ;
#247 = FACE_OUTER_BOUND ( 'NONE', #670, .T. ) ;
#248 = FILL_AREA_STYLE_COLOUR ( '', #2896 ) ;
#249 = DIRECTION ( 'NONE',  ( 0.7071067811865435759, 0.000000000000000000, 0.7071067811865514585 ) ) ;
#250 = ORIENTED_EDGE ( 'NONE', *, *, #2970, .T. ) ;
#251 = AXIS2_PLACEMENT_3D ( 'NONE', #1497, #2555, #1995 ) ;
#252 = DIRECTION ( 'NONE',  ( -0.000000000000000000, -0.000000000000000000, -1.000000000000000000 ) ) ;
#253 = CARTESIAN_POINT ( 'NONE',  ( 15.50000000000010658, -15.49999999999998757, 5.000000000000000000 ) ) ;
#254 = EDGE_CURVE ( 'NONE', #951, #1701, #661, .T. ) ;
#255 = VERTEX_POINT ( 'NONE', #3364 ) ;
#256 = CARTESIAN_POINT ( 'NONE',  ( -13.39999999999988489, 15.50000000000000000, 5.000000000000000000 ) ) ;
#257 = ORIENTED_EDGE ( 'NONE', *, *, #3357, .F. ) ;
#258 = CONICAL_SURFACE ( 'NONE', #959, 2.099999999999952571, 0.7853981633974541632 ) ;
#259 = AXIS2_PLACEMENT_3D ( 'NONE', #1802, #2885, #797 ) ;
#260 = ORIENTED_EDGE ( 'NONE', *, *, #1703, .T. ) ;
#261 = ORIENTED_EDGE ( 'NONE', *, *, #3419, .T. ) ;
#262 = FACE_OUTER_BOUND ( 'NONE', #1246, .T. ) ;
#263 = CARTESIAN_POINT ( 'NONE',  ( 28.00000000000000355, -21.00000000000000355, -10.00000000000000000 ) ) ;
#264 = EDGE_CURVE ( 'NONE', #840, #1094, #203, .T. ) ;
#265 = ORIENTED_EDGE ( 'NONE', *, *, #2361, .F. ) ;
#266 = FACE_OUTER_BOUND ( 'NONE', #1140, .T. ) ;
#267 = LINE ( 'NONE', #1671, #148 ) ;
#268 = DIRECTION ( 'NONE',  ( 1.000000000000000000, 0.000000000000000000, 0.000000000000000000 ) ) ;
#269 = ORIENTED_EDGE ( 'NONE', *, *, #856, .F. ) ;
#270 = CARTESIAN_POINT ( 'NONE',  ( 22.99999999999999645, 7.979727989493301590E-15, -30.00000000000000000 ) ) ;
#271 = EDGE_CURVE ( 'NONE', #3402, #431, #1454, .T. ) ;
#272 = EDGE_CURVE ( 'NONE', #368, #765, #2158, .T. ) ;
#273 = CARTESIAN_POINT ( 'NONE',  ( 15.50000000000010125, 15.50000000000000533, 5.000000000000000000 ) ) ;
#274 = ADVANCED_FACE ( 'NONE', ( #1865 ), #2857, .F. ) ;
#275 = CARTESIAN_POINT ( 'NONE',  ( -17.59999999999988773, -15.50000000000000178, 0.000000000000000000 ) ) ;
#276 = ORIENTED_EDGE ( 'NONE', *, *, #580, .T. ) ;
#277 = VECTOR ( 'NONE', #2036, 1000.000000000000114 ) ;
#278 = LINE ( 'NONE', #2702, #1527 ) ;
#279 = DIRECTION ( 'NONE',  ( 0.7071067811865436870, 8.659560562354886020E-17, -0.7071067811865513475 ) ) ;
#280 = ORIENTED_EDGE ( 'NONE', *, *, #1703, .F. ) ;
#281 = VERTEX_POINT ( 'NONE', #780 ) ;
#282 = VECTOR ( 'NONE', #1095, 1000.000000000000114 ) ;
#283 = EDGE_CURVE ( 'NONE', #1894, #2938, #1178, .T. ) ;
#284 = ORIENTED_EDGE ( 'NONE', *, *, #1546, .F. ) ;
#285 = DIRECTION ( 'NONE',  ( 1.000000000000000000, 0.000000000000000000, 0.000000000000000000 ) ) ;
#286 = CARTESIAN_POINT ( 'NONE',  ( 8.131727983645337332, 8.131727983645248514, 0.4999999999999952260 ) ) ;
#287 = EDGE_LOOP ( 'NONE', ( #1310, #1664, #99, #3203 ) ) ;
#288 = ORIENTED_EDGE ( 'NONE', *, *, #3255, .T. ) ;
#289 = ADVANCED_FACE ( 'NONE', ( #753 ), #1515, .F. ) ;
#290 = EDGE_LOOP ( 'NONE', ( #2737, #3371, #2372, #2376 ) ) ;
#291 = CARTESIAN_POINT ( 'NONE',  ( 28.00000000000000000, -11.50000000000004619, -23.39999999999999858 ) ) ;
#292 = DIRECTION ( 'NONE',  ( -1.577021341797097314E-16, 1.000000000000000000, 0.000000000000000000 ) ) ;
#293 = DIRECTION ( 'NONE',  ( -0.000000000000000000, 0.000000000000000000, 1.000000000000000000 ) ) ;
#294 = CARTESIAN_POINT ( 'NONE',  ( 13.40000000000011227, 15.50000000000000533, 0.000000000000000000 ) ) ;
#295 = ORIENTED_EDGE ( 'NONE', *, *, #1339, .T. ) ;
#296 = EDGE_CURVE ( 'NONE', #1250, #2690, #1123, .T. ) ;
#297 = EDGE_CURVE ( 'NONE', #281, #1414, #772, .T. ) ;
#298 = VERTEX_POINT ( 'NONE', #2934 ) ;
#299 = ORIENTED_EDGE ( 'NONE', *, *, #2099, .T. ) ;
#300 = AXIS2_PLACEMENT_3D ( 'NONE', #1286, #1023, #3435 ) ;
#301 = ORIENTED_EDGE ( 'NONE', *, *, #507, .T. ) ;
#302 = CIRCLE ( 'NONE', #1808, 1.599999999999997202 ) ;
#303 = CARTESIAN_POINT ( 'NONE',  ( -14.36862915010141784, -14.36862915010152086, 0.4999999999999917843 ) ) ;
#304 = ORIENTED_EDGE ( 'NONE', *, *, #1214, .F. ) ;
#305 = AXIS2_PLACEMENT_3D ( 'NONE', #2615, #2889, #2866 ) ;
#306 = FACE_OUTER_BOUND ( 'NONE', #1837, .T. ) ;
#307 = ORIENTED_EDGE ( 'NONE', *, *, #1518, .F. ) ;
#308 = FACE_OUTER_BOUND ( 'NONE', #969, .T. ) ;
#309 = CARTESIAN_POINT ( 'NONE',  ( 32.21167883211679595, -8.897810218978111862, -2.897810218978114527 ) ) ;
#310 = DIRECTION ( 'NONE',  ( -0.7071067811865437980, -0.7071067811865513475, 0.000000000000000000 ) ) ;
#311 = ADVANCED_FACE ( 'NONE', ( #33 ), #2600, .T. ) ;
#312 = VERTEX_POINT ( 'NONE', #3153 ) ;
#313 = CARTESIAN_POINT ( 'NONE',  ( -23.00000000000000000, -11.00000000000000711, -27.99999999999999645 ) ) ;
#314 = CARTESIAN_POINT ( 'NONE',  ( 15.50000000000010658, -15.49999999999998757, 0.000000000000000000 ) ) ;
#315 = AXIS2_PLACEMENT_3D ( 'NONE', #1892, #2176, #310 ) ;
#316 = ADVANCED_FACE ( 'NONE', ( #1455 ), #1939, .F. ) ;
#317 = EDGE_CURVE ( 'NONE', #3420, #1779, #1284, .T. ) ;
#318 = PLANE ( 'NONE',  #2673 ) ;
#319 = VECTOR ( 'NONE', #727, 1000.000000000000000 ) ;
#320 = CARTESIAN_POINT ( 'NONE',  ( 0.000000000000000000, 0.000000000000000000, 0.000000000000000000 ) ) ;
#321 = ORIENTED_EDGE ( 'NONE', *, *, #334, .F. ) ;
#322 = FACE_OUTER_BOUND ( 'NONE', #2334, .T. ) ;
#323 = VECTOR ( 'NONE', #1332, 1000.000000000000000 ) ;
#324 = DIRECTION ( 'NONE',  ( 0.000000000000000000, -1.000000000000000000, 0.000000000000000000 ) ) ;
#325 = AXIS2_PLACEMENT_3D ( 'NONE', #895, #1177, #1142 ) ;
#326 = ADVANCED_FACE ( 'NONE', ( #658 ), #1118, .F. ) ;
#327 = VECTOR ( 'NONE', #883, 1000.000000000000000 ) ;
#328 = EDGE_CURVE ( 'NONE', #3420, #2199, #614, .T. ) ;
#329 = DIRECTION ( 'NONE',  ( 1.000000000000000000, 1.652117596168388002E-16, 0.000000000000000000 ) ) ;
#330 = DIRECTION ( 'NONE',  ( -0.000000000000000000, -0.000000000000000000, 1.000000000000000000 ) ) ;
#331 = PRODUCT ( '曲柄电机支架', '曲柄电机支架', '', ( #489 ) ) ;
#332 = ADVANCED_FACE ( 'NONE', ( #121 ), #3405, .F. ) ;
#333 = DIRECTION ( 'NONE',  ( -1.000000000000000000, 0.000000000000000000, 0.000000000000000000 ) ) ;
#334 = EDGE_CURVE ( 'NONE', #2143, #803, #1734, .T. ) ;
#335 = DIRECTION ( 'NONE',  ( 1.000000000000000000, 0.000000000000000000, 0.000000000000000000 ) ) ;
#336 = VERTEX_POINT ( 'NONE', #1274 ) ;
#337 = CARTESIAN_POINT ( 'NONE',  ( 4.857225732735059864E-14, 16.26345596729073506, 5.000000000000000000 ) ) ;
#338 = DIRECTION ( 'NONE',  ( -0.000000000000000000, 1.000000000000000000, 0.000000000000000000 ) ) ;
#339 = EDGE_LOOP ( 'NONE', ( #3055, #261, #3362, #2367, #3252 ) ) ;
#340 = ORIENTED_EDGE ( 'NONE', *, *, #2116, .F. ) ;
#341 = ORIENTED_EDGE ( 'NONE', *, *, #1120, .T. ) ;
#342 = LINE ( 'NONE', #2910, #9 ) ;
#343 = DIRECTION ( 'NONE',  ( -0.000000000000000000, -0.000000000000000000, -1.000000000000000000 ) ) ;
#344 = CARTESIAN_POINT ( 'NONE',  ( -15.49999999999989342, -15.50000000000000178, 0.4999999999999917843 ) ) ;
#345 = ADVANCED_FACE ( 'NONE', ( #3149 ), #3230, .F. ) ;
#346 = ORIENTED_EDGE ( 'NONE', *, *, #836, .T. ) ;
#347 = ORIENTED_EDGE ( 'NONE', *, *, #2599, .T. ) ;
#348 = EDGE_CURVE ( 'NONE', #2447, #881, #2146, .T. ) ;
#349 = LINE ( 'NONE', #2452, #2375 ) ;
#350 = AXIS2_PLACEMENT_3D ( 'NONE', #2321, #3092, #2845 ) ;
#351 = DIRECTION ( 'NONE',  ( -0.000000000000000000, -0.000000000000000000, -1.000000000000000000 ) ) ;
#352 = VECTOR ( 'NONE', #2802, 1000.000000000000000 ) ;
#353 = DIRECTION ( 'NONE',  ( -0.000000000000000000, -1.000000000000000000, -0.000000000000000000 ) ) ;
#354 = DIRECTION ( 'NONE',  ( 8.659560562354984627E-17, -0.7071067811865434649, 0.7071067811865516806 ) ) ;
#355 = AXIS2_PLACEMENT_3D ( 'NONE', #1545, #1828, #2598 ) ;
#356 = CARTESIAN_POINT ( 'NONE',  ( 33.00000000000000000, -10.99999999999998579, -27.99999999999999289 ) ) ;
#357 = FACE_OUTER_BOUND ( 'NONE', #475, .T. ) ;
#358 = DIRECTION ( 'NONE',  ( -0.000000000000000000, -0.000000000000000000, -1.000000000000000000 ) ) ;
#359 = EDGE_LOOP ( 'NONE', ( #3347, #1945, #340, #2775 ) ) ;
#360 = CARTESIAN_POINT ( 'NONE',  ( -17.09999999999989484, 15.50000000000000000, 4.499999999999998224 ) ) ;
#361 = ADVANCED_FACE ( 'NONE', ( #322 ), #1851, .F. ) ;
#362 = VERTEX_POINT ( 'NONE', #1034 ) ;
#363 = DIRECTION ( 'NONE',  ( 0.000000000000000000, 0.000000000000000000, -1.000000000000000000 ) ) ;
#364 = VECTOR ( 'NONE', #645, 1000.000000000000114 ) ;
#365 = VECTOR ( 'NONE', #2692, 1000.000000000000000 ) ;
#366 = EDGE_CURVE ( 'NONE', #1713, #2385, #2063, .T. ) ;
#367 = EDGE_CURVE ( 'NONE', #1627, #2385, #1038, .T. ) ;
#368 = VERTEX_POINT ( 'NONE', #483 ) ;
#369 = DIRECTION ( 'NONE',  ( 0.000000000000000000, 0.000000000000000000, -1.000000000000000000 ) ) ;
#370 = CIRCLE ( 'NONE', #1457, 11.99999999999998224 ) ;
#371 = ORIENTED_EDGE ( 'NONE', *, *, #1258, .F. ) ;
#372 = ORIENTED_EDGE ( 'NONE', *, *, #2755, .T. ) ;
#373 = PLANE ( 'NONE',  #2988 ) ;
#374 = AXIS2_PLACEMENT_3D ( 'NONE', #2441, #1597, #2955 ) ;
#375 = CARTESIAN_POINT ( 'NONE',  ( -8.131727983645342661, 8.131727983645250291, 5.000000000000000000 ) ) ;
#376 = ORIENTED_EDGE ( 'NONE', *, *, #983, .T. ) ;
#377 = DIRECTION ( 'NONE',  ( 0.000000000000000000, 0.000000000000000000, 1.000000000000000000 ) ) ;
#378 = VECTOR ( 'NONE', #1991, 1000.000000000000000 ) ;
#379 = DIRECTION ( 'NONE',  ( -0.7071067811865436870, 0.000000000000000000, -0.7071067811865513475 ) ) ;
#380 = CARTESIAN_POINT ( 'NONE',  ( 23.00000000000000355, -20.99999999999999289, -27.99999999999999645 ) ) ;
#381 = EDGE_LOOP ( 'NONE', ( #945, #829, #1992, #2024 ) ) ;
#382 = DIRECTION ( 'NONE',  ( 0.5000000000000006661, -0.5000000000000028866, -0.7071067811865450192 ) ) ;
#383 = LINE ( 'NONE', #2686, #216 ) ;
#384 = ADVANCED_FACE ( 'NONE', ( #690 ), #2067, .T. ) ;
#385 = ORIENTED_EDGE ( 'NONE', *, *, #237, .T. ) ;
#386 = DIRECTION ( 'NONE',  ( 8.659560562354924230E-17, -0.7071067811865483499, 0.7071067811865467956 ) ) ;
#387 = EDGE_CURVE ( 'NONE', #2453, #2959, #2106, .T. ) ;
#388 = ORIENTED_EDGE ( 'NONE', *, *, #2503, .F. ) ;
#389 = VERTEX_POINT ( 'NONE', #1322 ) ;
#390 = EDGE_CURVE ( 'NONE', #1930, #3309, #1530, .T. ) ;
#391 = FACE_OUTER_BOUND ( 'NONE', #1476, .T. ) ;
#392 = DIRECTION ( 'NONE',  ( 1.000000000000000000, 3.252606517456518824E-15, 0.000000000000000000 ) ) ;
#393 = ADVANCED_FACE ( 'NONE', ( #1491 ), #525, .F. ) ;
#394 = ORIENTED_EDGE ( 'NONE', *, *, #3333, .F. ) ;
#395 = CARTESIAN_POINT ( 'NONE',  ( -28.00000000000000000, -21.00000000000000355, -24.99999999999999645 ) ) ;
#396 = LINE ( 'NONE', #1658, #2128 ) ;
#397 = CARTESIAN_POINT ( 'NONE',  ( 11.49999999999999645, 0.000000000000000000, 4.500000000000009770 ) ) ;
#398 = ORIENTED_EDGE ( 'NONE', *, *, #1982, .T. ) ;
#399 = AXIS2_PLACEMENT_3D ( 'NONE', #1345, #584, #329 ) ;
#400 = FACE_OUTER_BOUND ( 'NONE', #698, .T. ) ;
#401 = DIRECTION ( 'NONE',  ( 0.000000000000000000, 1.000000000000000000, 0.000000000000000000 ) ) ;
#402 = ORIENTED_EDGE ( 'NONE', *, *, #3395, .T. ) ;
#403 = DIRECTION ( 'NONE',  ( 1.000000000000000000, 0.000000000000000000, -0.000000000000000000 ) ) ;
#404 = EDGE_CURVE ( 'NONE', #596, #2330, #738, .T. ) ;
#405 = DIRECTION ( 'NONE',  ( 0.7071067811865491270, -0.7071067811865459074, 0.000000000000000000 ) ) ;
#406 = DIRECTION ( 'NONE',  ( -0.000000000000000000, -0.000000000000000000, -1.000000000000000000 ) ) ;
#407 = EDGE_CURVE ( 'NONE', #1173, #996, #1563, .T. ) ;
#408 = FACE_OUTER_BOUND ( 'NONE', #923, .T. ) ;
#409 = DIRECTION ( 'NONE',  ( -0.7071067811865491270, 0.7071067811865459074, 0.000000000000000000 ) ) ;
#410 = ORIENTED_EDGE ( 'NONE', *, *, #2669, .F. ) ;
#411 = LINE ( 'NONE', #337, #2894 ) ;
#412 = DIRECTION ( 'NONE',  ( -0.000000000000000000, -0.000000000000000000, -1.000000000000000000 ) ) ;
#413 = VECTOR ( 'NONE', #1870, 999.9999999999998863 ) ;
#414 = CARTESIAN_POINT ( 'NONE',  ( 28.00000000000000355, -20.99999999999999289, -7.900000000000047429 ) ) ;
#415 = CARTESIAN_POINT ( 'NONE',  ( 15.50000000000010125, 15.50000000000000533, 4.500000000000007994 ) ) ;
#416 = CIRCLE ( 'NONE', #251, 2.099999999999981881 ) ;
#417 = CARTESIAN_POINT ( 'NONE',  ( 0.000000000000000000, 0.000000000000000000, 5.000000000000000000 ) ) ;
#418 = EDGE_CURVE ( 'NONE', #1871, #389, #3275, .T. ) ;
#419 = CARTESIAN_POINT ( 'NONE',  ( 17.10000000000009734, -15.49999999999998757, 4.500000000000004441 ) ) ;
#420 = FACE_OUTER_BOUND ( 'NONE', #359, .T. ) ;
#421 = AXIS2_PLACEMENT_3D ( 'NONE', #3060, #1958, #1215 ) ;
#422 = DIRECTION ( 'NONE',  ( -0.000000000000000000, 0.000000000000000000, 1.000000000000000000 ) ) ;
#423 = AXIS2_PLACEMENT_3D ( 'NONE', #521, #215, #2584 ) ;
#424 = CARTESIAN_POINT ( 'NONE',  ( 28.00000000000000000, -20.99999999999999289, -24.99999999999999645 ) ) ;
#425 = CARTESIAN_POINT ( 'NONE',  ( -28.00000000000000000, -11.50000000000004619, -23.39999999999999858 ) ) ;
#426 = VERTEX_POINT ( 'NONE', #1090 ) ;
#427 = CARTESIAN_POINT ( 'NONE',  ( -15.49999999999989342, 17.76274169979696538, 4.499999999999998224 ) ) ;
#428 = ORIENTED_EDGE ( 'NONE', *, *, #1059, .T. ) ;
#429 = VERTEX_POINT ( 'NONE', #291 ) ;
#430 = CIRCLE ( 'NONE', #2368, 1.600000000000000755 ) ;
#431 = VERTEX_POINT ( 'NONE', #794 ) ;
#432 = CARTESIAN_POINT ( 'NONE',  ( 8.485281374238612173, 8.485281374238514474, 5.000000000000000000 ) ) ;
#433 = VERTEX_POINT ( 'NONE', #2396 ) ;
#434 = VECTOR ( 'NONE', #1155, 1000.000000000000114 ) ;
#435 = AXIS2_PLACEMENT_3D ( 'NONE', #1181, #324, #69 ) ;
#436 = EDGE_CURVE ( 'NONE', #1056, #1820, #2547, .T. ) ;
#437 = CARTESIAN_POINT ( 'NONE',  ( -15.49999999999989342, 15.50000000000000000, 5.000000000000000000 ) ) ;
#438 = DIRECTION ( 'NONE',  ( 1.000000000000000000, 0.000000000000000000, 0.000000000000000000 ) ) ;
#439 = CIRCLE ( 'NONE', #1395, 1.600000000000000755 ) ;
#440 = DIRECTION ( 'NONE',  ( 0.000000000000000000, -0.7071067811865483499, -0.7071067811865467956 ) ) ;
#441 = CIRCLE ( 'NONE', #2794, 1.599999999999992095 ) ;
#442 = ORIENTED_EDGE ( 'NONE', *, *, #1112, .F. ) ;
#443 = AXIS2_PLACEMENT_3D ( 'NONE', #2701, #868, #1884 ) ;
#444 = EDGE_CURVE ( 'NONE', #2453, #426, #3067, .T. ) ;
#445 = ORIENTED_EDGE ( 'NONE', *, *, #2813, .T. ) ;
#446 = CARTESIAN_POINT ( 'NONE',  ( -21.00000000000000000, 21.00000000000000000, 5.000000000000000000 ) ) ;
#447 = EDGE_LOOP ( 'NONE', ( #3409, #1709, #471, #757 ) ) ;
#448 = LINE ( 'NONE', #967, #652 ) ;
#449 = CIRCLE ( 'NONE', #2732, 11.99999999999998224 ) ;
#450 = EDGE_CURVE ( 'NONE', #2698, #986, #2850, .T. ) ;
#451 = ORIENTED_EDGE ( 'NONE', *, *, #1367, .F. ) ;
#452 = LINE ( 'NONE', #2739, #2279 ) ;
#453 = DIRECTION ( 'NONE',  ( -0.000000000000000000, -0.000000000000000000, -1.000000000000000000 ) ) ;
#454 = EDGE_CURVE ( 'NONE', #995, #1428, #865, .T. ) ;
#455 = DIRECTION ( 'NONE',  ( 1.000000000000000000, 0.000000000000000000, 0.000000000000000000 ) ) ;
#456 = ORIENTED_EDGE ( 'NONE', *, *, #225, .T. ) ;
#457 = ORIENTED_EDGE ( 'NONE', *, *, #167, .F. ) ;
#458 = CARTESIAN_POINT ( 'NONE',  ( -15.49999999999989342, 15.50000000000000000, 0.4999999999999978351 ) ) ;
#459 = DIRECTION ( 'NONE',  ( 0.7071067811865388020, -0.7071067811865561215, 0.000000000000000000 ) ) ;
#460 = DIRECTION ( 'NONE',  ( 0.7071067811865491270, 0.7071067811865459074, 0.000000000000000000 ) ) ;
#461 = ORIENTED_EDGE ( 'NONE', *, *, #1689, .T. ) ;
#462 = DIRECTION ( 'NONE',  ( 0.000000000000000000, 0.000000000000000000, -1.000000000000000000 ) ) ;
#463 = ORIENTED_EDGE ( 'NONE', *, *, #924, .F. ) ;
#464 = PLANE ( 'NONE',  #504 ) ;
#465 = EDGE_CURVE ( 'NONE', #1944, #1410, #782, .T. ) ;
#466 = EDGE_LOOP ( 'NONE', ( #1763, #1328, #80, #1789 ) ) ;
#467 = ORIENTED_EDGE ( 'NONE', *, *, #1485, .F. ) ;
#468 = LINE ( 'NONE', #1436, #2049 ) ;
#469 = DIRECTION ( 'NONE',  ( 1.000000000000000000, 0.000000000000000000, 0.000000000000000000 ) ) ;
#470 = ORIENTED_EDGE ( 'NONE', *, *, #808, .T. ) ;
#471 = ORIENTED_EDGE ( 'NONE', *, *, #1059, .F. ) ;
#472 = FACE_BOUND ( 'NONE', #181, .T. ) ;
#473 = DIRECTION ( 'NONE',  ( -0.000000000000000000, 1.000000000000000000, -0.000000000000000000 ) ) ;
#474 = DIRECTION ( 'NONE',  ( -0.000000000000000000, -1.000000000000000000, -0.000000000000000000 ) ) ;
#475 = EDGE_LOOP ( 'NONE', ( #3173, #1334, #536, #2529 ) ) ;
#476 = VECTOR ( 'NONE', #477, 1000.000000000000114 ) ;
#477 = DIRECTION ( 'NONE',  ( -0.000000000000000000, -0.8164965809277222597, 0.5773502691896310601 ) ) ;
#478 = CARTESIAN_POINT ( 'NONE',  ( -16.63137084989837788, 16.63137084989847025, 4.499999999999998224 ) ) ;
#479 = VECTOR ( 'NONE', #2011, 1000.000000000000114 ) ;
#480 = EDGE_CURVE ( 'NONE', #56, #362, #245, .T. ) ;
#481 = ORIENTED_EDGE ( 'NONE', *, *, #1636, .T. ) ;
#482 = EDGE_CURVE ( 'NONE', #3309, #2572, #2767, .T. ) ;
#483 = CARTESIAN_POINT ( 'NONE',  ( -13.89999999999989377, 15.50000000000000000, 4.499999999999998224 ) ) ;
#484 = AXIS2_PLACEMENT_3D ( 'NONE', #2406, #2954, #583 ) ;
#485 = CARTESIAN_POINT ( 'NONE',  ( -8.131727983645342661, 8.131727983645250291, 4.500000000000009770 ) ) ;
#486 = CARTESIAN_POINT ( 'NONE',  ( 4.510281037539698445E-14, 11.31370849898479491, 4.000000000000103029 ) ) ;
#487 = LINE ( 'NONE', #2059, #319 ) ;
#488 = DIRECTION ( 'NONE',  ( -0.000000000000000000, -0.000000000000000000, -1.000000000000000000 ) ) ;
#489 = PRODUCT_CONTEXT ( 'NONE', #3139, 'mechanical' ) ;
#490 = EDGE_LOOP ( 'NONE', ( #2643, #25, #1938, #1775 ) ) ;
#491 = ADVANCED_FACE ( 'NONE', ( #2509 ), #807, .F. ) ;
#492 = FACE_OUTER_BOUND ( 'NONE', #1490, .T. ) ;
#493 = FACE_OUTER_BOUND ( 'NONE', #1625, .T. ) ;
#494 = DIRECTION ( 'NONE',  ( -1.000000000000000000, 0.000000000000000000, 0.000000000000000000 ) ) ;
#495 = ORIENTED_EDGE ( 'NONE', *, *, #515, .T. ) ;
#496 = FACE_OUTER_BOUND ( 'NONE', #1831, .T. ) ;
#497 = AXIS2_PLACEMENT_3D ( 'NONE', #3167, #2388, #812 ) ;
#498 = FACE_BOUND ( 'NONE', #1855, .T. ) ;
#499 = ORIENTED_EDGE ( 'NONE', *, *, #1439, .T. ) ;
#500 = EDGE_CURVE ( 'NONE', #2330, #2938, #2721, .T. ) ;
#501 = VERTEX_POINT ( 'NONE', #1076 ) ;
#502 = DIRECTION ( 'NONE',  ( 0.000000000000000000, 0.000000000000000000, 1.000000000000000000 ) ) ;
#503 = CARTESIAN_POINT ( 'NONE',  ( 28.00000000000000355, -21.00000000000000355, -11.60000000000000320 ) ) ;
#504 = AXIS2_PLACEMENT_3D ( 'NONE', #518, #2107, #2631 ) ;
#505 = VERTEX_POINT ( 'NONE', #2424 ) ;
#506 = CARTESIAN_POINT ( 'NONE',  ( 17.10000000000009734, -15.49999999999998757, 0.5000000000000013323 ) ) ;
#507 = EDGE_CURVE ( 'NONE', #1428, #368, #2272, .T. ) ;
#508 = ORIENTED_EDGE ( 'NONE', *, *, #4, .T. ) ;
#509 = LINE ( 'NONE', #1817, #2525 ) ;
#510 = ORIENTED_EDGE ( 'NONE', *, *, #775, .T. ) ;
#511 = CARTESIAN_POINT ( 'NONE',  ( -27.99999999999998934, -21.00000000000000355, -9.999999999999996447 ) ) ;
#512 = FACE_OUTER_BOUND ( 'NONE', #1512, .T. ) ;
#513 = ORIENTED_EDGE ( 'NONE', *, *, #817, .F. ) ;
#514 = CARTESIAN_POINT ( 'NONE',  ( 14.01507575950814299, 16.98492424049173621, 0.000000000000000000 ) ) ;
#515 = EDGE_CURVE ( 'NONE', #1428, #2442, #571, .T. ) ;
#516 = CONICAL_SURFACE ( 'NONE', #259, 11.49999999999999645, 0.7853981633974517207 ) ;
#517 = ORIENTED_EDGE ( 'NONE', *, *, #983, .F. ) ;
#518 = CARTESIAN_POINT ( 'NONE',  ( -33.00000000000000000, -11.00000000000000711, -5.000000000000039968 ) ) ;
#519 = PLANE ( 'NONE',  #2939 ) ;
#520 = VERTEX_POINT ( 'NONE', #3269 ) ;
#521 = CARTESIAN_POINT ( 'NONE',  ( 21.00000000000000000, -10.99999999999998579, 5.000000000000000000 ) ) ;
#522 = VERTEX_POINT ( 'NONE', #1433 ) ;
#523 = ORIENTED_EDGE ( 'NONE', *, *, #101, .T. ) ;
#524 = AXIS2_PLACEMENT_3D ( 'NONE', #728, #1742, #166 ) ;
#525 = CONICAL_SURFACE ( 'NONE', #2421, 11.49999999999999645, 0.7853981633974517207 ) ;
#526 = DIRECTION ( 'NONE',  ( 0.000000000000000000, 0.000000000000000000, 1.000000000000000000 ) ) ;
#527 = LINE ( 'NONE', #486, #3366 ) ;
#528 = CYLINDRICAL_SURFACE ( 'NONE', #1324, 1.600000000000000755 ) ;
#529 = ORIENTED_EDGE ( 'NONE', *, *, #2597, .F. ) ;
#530 = ORIENTED_EDGE ( 'NONE', *, *, #1299, .T. ) ;
#531 = CARTESIAN_POINT ( 'NONE',  ( -17.09999999999989484, -15.50000000000000178, 5.000000000000000000 ) ) ;
#532 = FACE_OUTER_BOUND ( 'NONE', #1997, .T. ) ;
#533 = CARTESIAN_POINT ( 'NONE',  ( 28.00000000000000355, -11.50000000000004619, -8.399999999999998579 ) ) ;
#534 = EDGE_CURVE ( 'NONE', #431, #231, #74, .T. ) ;
#535 = EDGE_CURVE ( 'NONE', #1830, #1886, #3321, .T. ) ;
#536 = ORIENTED_EDGE ( 'NONE', *, *, #1198, .T. ) ;
#537 = CARTESIAN_POINT ( 'NONE',  ( -21.00000000000000000, 21.00000000000000000, 0.000000000000000000 ) ) ;
#538 = ORIENTED_EDGE ( 'NONE', *, *, #2898, .F. ) ;
#539 = CONICAL_SURFACE ( 'NONE', #3403, 11.99999999999998224, 0.7853981633974396193 ) ;
#540 = DIRECTION ( 'NONE',  ( 0.000000000000000000, 0.000000000000000000, 1.000000000000000000 ) ) ;
#541 = CARTESIAN_POINT ( 'NONE',  ( 0.000000000000000000, 0.000000000000000000, 4.500000000000009770 ) ) ;
#542 = AXIS2_PLACEMENT_3D ( 'NONE', #68, #53, #1907 ) ;
#543 = EDGE_LOOP ( 'NONE', ( #1046, #2492, #1529, #1053 ) ) ;
#544 = ORIENTED_EDGE ( 'NONE', *, *, #1339, .F. ) ;
#545 = DIRECTION ( 'NONE',  ( 1.000000000000000000, 0.000000000000000000, 0.000000000000000000 ) ) ;
#546 = VECTOR ( 'NONE', #3125, 1000.000000000000000 ) ;
#547 = CARTESIAN_POINT ( 'NONE',  ( -15.49999999999989342, -15.50000000000000178, 4.500000000000000888 ) ) ;
#548 = ADVANCED_FACE ( 'NONE', ( #2681 ), #2353, .F. ) ;
#549 = EDGE_LOOP ( 'NONE', ( #790, #1912, #1836, #1300, #619, #428 ) ) ;
#550 = CONICAL_SURFACE ( 'NONE', #83, 1.600000000000002531, 0.7853981633974456145 ) ;
#551 = VECTOR ( 'NONE', #405, 1000.000000000000114 ) ;
#552 = DIRECTION ( 'NONE',  ( 0.7071067811865437980, -0.7071067811865513475, 0.000000000000000000 ) ) ;
#553 = ORIENTED_EDGE ( 'NONE', *, *, #3134, .T. ) ;
#554 = DIRECTION ( 'NONE',  ( -0.7071067811865434649, -0.7071067811865516806, 0.000000000000000000 ) ) ;
#555 = EDGE_CURVE ( 'NONE', #2442, #2535, #1325, .T. ) ;
#556 = AXIS2_PLACEMENT_3D ( 'NONE', #1425, #382, #2233 ) ;
#557 = EDGE_CURVE ( 'NONE', #1002, #2511, #1647, .T. ) ;
#558 = CARTESIAN_POINT ( 'NONE',  ( 28.00000000000000000, -20.99999999999999289, -24.99999999999999645 ) ) ;
#559 = DIRECTION ( 'NONE',  ( 1.000000000000000000, 0.000000000000000000, 0.000000000000000000 ) ) ;
#560 = ORIENTED_EDGE ( 'NONE', *, *, #188, .F. ) ;
#561 = DIRECTION ( 'NONE',  ( 0.000000000000000000, 0.000000000000000000, -1.000000000000000000 ) ) ;
#562 = ORIENTED_EDGE ( 'NONE', *, *, #1982, .F. ) ;
#563 = ORIENTED_EDGE ( 'NONE', *, *, #2970, .F. ) ;
#564 = AXIS2_PLACEMENT_3D ( 'NONE', #2001, #422, #2270 ) ;
#565 = CONICAL_SURFACE ( 'NONE', #660, 2.099999999999942357, 0.7853981633974507215 ) ;
#566 = ADVANCED_FACE ( 'NONE', ( #2428 ), #876, .F. ) ;
#567 = VECTOR ( 'NONE', #78, 1000.000000000000114 ) ;
#568 = DIRECTION ( 'NONE',  ( 0.000000000000000000, 0.000000000000000000, 1.000000000000000000 ) ) ;
#569 = ORIENTED_EDGE ( 'NONE', *, *, #2549, .T. ) ;
#570 = CARTESIAN_POINT ( 'NONE',  ( 13.90000000000010338, 15.50000000000000533, 4.500000000000007994 ) ) ;
#571 = LINE ( 'NONE', #2649, #3441 ) ;
#572 = VECTOR ( 'NONE', #754, 1000.000000000000114 ) ;
#573 = CARTESIAN_POINT ( 'NONE',  ( -16.98492424049165095, -14.01507575950824069, 5.000000000000000000 ) ) ;
#574 = DIRECTION ( 'NONE',  ( 0.000000000000000000, 0.000000000000000000, 1.000000000000000000 ) ) ;
#575 = DIRECTION ( 'NONE',  ( 0.000000000000000000, 0.000000000000000000, 1.000000000000000000 ) ) ;
#576 = ORIENTED_EDGE ( 'NONE', *, *, #1546, .T. ) ;
#577 = CIRCLE ( 'NONE', #1128, 1.599999999999992095 ) ;
#578 = ADVANCED_FACE ( 'NONE', ( #2591 ), #1811, .F. ) ;
#579 = ORIENTED_EDGE ( 'NONE', *, *, #155, .F. ) ;
#580 = EDGE_CURVE ( 'NONE', #1288, #1270, #411, .T. ) ;
#581 = CARTESIAN_POINT ( 'NONE',  ( -8.485281374238610397, 8.485281374238514474, 0.000000000000000000 ) ) ;
#582 = CARTESIAN_POINT ( 'NONE',  ( 15.50000000000010658, -15.49999999999998757, 0.000000000000000000 ) ) ;
#583 = DIRECTION ( 'NONE',  ( 1.000000000000000000, 0.000000000000000000, 0.000000000000000000 ) ) ;
#584 = DIRECTION ( 'NONE',  ( 1.652117596168388002E-16, -1.000000000000000000, 0.000000000000000000 ) ) ;
#585 = CARTESIAN_POINT ( 'NONE',  ( 15.49999999999989342, -13.23725830020305061, 4.500000000000004441 ) ) ;
#586 = ORIENTED_EDGE ( 'NONE', *, *, #3302, .T. ) ;
#587 = ADVANCED_FACE ( 'NONE', ( #492 ), #3244, .T. ) ;
#588 = EDGE_LOOP ( 'NONE', ( #2002, #463, #1226, #1350 ) ) ;
#589 = EDGE_CURVE ( 'NONE', #3277, #1355, #1280, .T. ) ;
#590 = EDGE_CURVE ( 'NONE', #2789, #2, #2140, .T. ) ;
#591 = ORIENTED_EDGE ( 'NONE', *, *, #2080, .T. ) ;
#592 = EDGE_LOOP ( 'NONE', ( #3257, #1051, #2113, #597 ) ) ;
#593 = AXIS2_PLACEMENT_3D ( 'NONE', #1694, #2276, #2242 ) ;
#594 = CARTESIAN_POINT ( 'NONE',  ( 15.49999999999989342, -13.23725830020305061, 4.500000000000004441 ) ) ;
#595 = VECTOR ( 'NONE', #686, 1000.000000000000000 ) ;
#596 = VERTEX_POINT ( 'NONE', #598 ) ;
#597 = ORIENTED_EDGE ( 'NONE', *, *, #3282, .F. ) ;
#598 = CARTESIAN_POINT ( 'NONE',  ( 14.36862915010141073, 16.63137084989847025, 4.500000000000007994 ) ) ;
#599 = AXIS2_PLACEMENT_3D ( 'NONE', #2362, #1571, #561 ) ;
#600 = FACE_OUTER_BOUND ( 'NONE', #3259, .T. ) ;
#601 = ORIENTED_EDGE ( 'NONE', *, *, #1692, .T. ) ;
#602 = DIRECTION ( 'NONE',  ( 0.000000000000000000, 0.000000000000000000, 1.000000000000000000 ) ) ;
#603 = LINE ( 'NONE', #1737, #1101 ) ;
#604 = CARTESIAN_POINT ( 'NONE',  ( -16.98492424049164384, 16.98492424049173621, 0.000000000000000000 ) ) ;
#605 = CARTESIAN_POINT ( 'NONE',  ( -8.485281374238612173, 8.485281374238516250, 5.000000000000000000 ) ) ;
#606 = ADVANCED_FACE ( 'NONE', ( #1533 ), #1135, .T. ) ;
#607 = CARTESIAN_POINT ( 'NONE',  ( -15.49999999999989342, 15.50000000000000000, 4.499999999999998224 ) ) ;
#608 = CARTESIAN_POINT ( 'NONE',  ( 13.40000000000011227, 15.50000000000000533, 0.000000000000000000 ) ) ;
#609 = EDGE_CURVE ( 'NONE', #201, #2590, #1356, .T. ) ;
#610 = DIRECTION ( 'NONE',  ( -0.000000000000000000, -0.000000000000000000, -1.000000000000000000 ) ) ;
#611 = CARTESIAN_POINT ( 'NONE',  ( -28.00000000000000000, -11.50000000000004619, -26.59999999999999787 ) ) ;
#612 = DIRECTION ( 'NONE',  ( -0.000000000000000000, -0.000000000000000000, -1.000000000000000000 ) ) ;
#613 = ORIENTED_EDGE ( 'NONE', *, *, #450, .F. ) ;
#614 = LINE ( 'NONE', #232, #1402 ) ;
#615 = LINE ( 'NONE', #1611, #3276 ) ;
#616 = AXIS2_PLACEMENT_3D ( 'NONE', #2871, #1291, #1039 ) ;
#617 = FACE_OUTER_BOUND ( 'NONE', #2134, .T. ) ;
#618 = DIRECTION ( 'NONE',  ( -1.577021341797097314E-16, 1.000000000000000000, 0.000000000000000000 ) ) ;
#619 = ORIENTED_EDGE ( 'NONE', *, *, #2715, .F. ) ;
#620 = DIRECTION ( 'NONE',  ( -0.000000000000000000, -0.000000000000000000, -1.000000000000000000 ) ) ;
#621 = DIRECTION ( 'NONE',  ( 0.000000000000000000, -0.000000000000000000, -1.000000000000000000 ) ) ;
#622 = VERTEX_POINT ( 'NONE', #1681 ) ;
#623 = ORIENTED_EDGE ( 'NONE', *, *, #1015, .T. ) ;
#624 = EDGE_CURVE ( 'NONE', #2481, #622, #2676, .T. ) ;
#625 = CARTESIAN_POINT ( 'NONE',  ( -15.49999999999989342, 15.50000000000000000, 5.000000000000000000 ) ) ;
#626 = ADVANCED_FACE ( 'NONE', ( #1526 ), #2978, .F. ) ;
#627 = ORIENTED_EDGE ( 'NONE', *, *, #1785, .T. ) ;
#628 = VECTOR ( 'NONE', #1585, 1000.000000000000000 ) ;
#629 = DIRECTION ( 'NONE',  ( -0.7071067811865491270, 0.7071067811865459074, -0.000000000000000000 ) ) ;
#630 = EDGE_CURVE ( 'NONE', #236, #298, #1074, .T. ) ;
#631 = DIRECTION ( 'NONE',  ( 0.000000000000000000, 0.000000000000000000, 1.000000000000000000 ) ) ;
#632 = ORIENTED_EDGE ( 'NONE', *, *, #328, .T. ) ;
#633 = EDGE_CURVE ( 'NONE', #389, #312, #3105, .T. ) ;
#634 = ORIENTED_EDGE ( 'NONE', *, *, #2689, .T. ) ;
#635 = CIRCLE ( 'NONE', #3270, 2.099999999999931699 ) ;
#636 = DIRECTION ( 'NONE',  ( -0.000000000000000000, -0.000000000000000000, -1.000000000000000000 ) ) ;
#637 = ORIENTED_EDGE ( 'NONE', *, *, #1470, .T. ) ;
#638 = ORIENTED_EDGE ( 'NONE', *, *, #3044, .T. ) ;
#639 = LINE ( 'NONE', #2516, #52 ) ;
#640 = ORIENTED_EDGE ( 'NONE', *, *, #3117, .F. ) ;
#641 = VECTOR ( 'NONE', #1541, 1000.000000000000000 ) ;
#642 = ADVANCED_FACE ( 'NONE', ( #2386 ), #565, .F. ) ;
#643 = DIRECTION ( 'NONE',  ( -0.000000000000000000, -0.000000000000000000, -1.000000000000000000 ) ) ;
#644 = ORIENTED_EDGE ( 'NONE', *, *, #2399, .F. ) ;
#645 = DIRECTION ( 'NONE',  ( 0.000000000000000000, -0.7071067811865493491, -0.7071067811865455743 ) ) ;
#646 = LINE ( 'NONE', #2713, #2414 ) ;
#647 = CARTESIAN_POINT ( 'NONE',  ( -27.99999999999998934, -11.00000000000000711, -7.899999999999955946 ) ) ;
#648 = VERTEX_POINT ( 'NONE', #3344 ) ;
#649 = CARTESIAN_POINT ( 'NONE',  ( 15.49999999999994849, 7.146565653989148892, 8.006770072261010895 ) ) ;
#650 = CARTESIAN_POINT ( 'NONE',  ( 0.000000000000000000, 0.000000000000000000, 0.4999999999999952260 ) ) ;
#651 = ORIENTED_EDGE ( 'NONE', *, *, #952, .F. ) ;
#652 = VECTOR ( 'NONE', #176, 999.9999999999998863 ) ;
#653 = CIRCLE ( 'NONE', #1213, 2.099999999999990763 ) ;
#654 = DIRECTION ( 'NONE',  ( 0.000000000000000000, 0.000000000000000000, -1.000000000000000000 ) ) ;
#655 = ORIENTED_EDGE ( 'NONE', *, *, #1999, .T. ) ;
#656 = EDGE_CURVE ( 'NONE', #2044, #596, #27, .T. ) ;
#657 = PLANE ( 'NONE',  #855 ) ;
#658 = FACE_OUTER_BOUND ( 'NONE', #220, .T. ) ;
#659 = VECTOR ( 'NONE', #1253, 1000.000000000000114 ) ;
#660 = AXIS2_PLACEMENT_3D ( 'NONE', #424, #3316, #3070 ) ;
#661 = LINE ( 'NONE', #1726, #2853 ) ;
#662 = LINE ( 'NONE', #1468, #2685 ) ;
#663 = CARTESIAN_POINT ( 'NONE',  ( -27.99999999999998934, -11.50000000000004619, -9.999999999999996447 ) ) ;
#664 = AXIS2_PLACEMENT_3D ( 'NONE', #3075, #2527, #3062 ) ;
#665 = FACE_BOUND ( 'NONE', #3082, .T. ) ;
#666 = DIRECTION ( 'NONE',  ( 4.134369775724618645E-15, -0.8164965809277218156, 0.5773502691896318373 ) ) ;
#667 = EDGE_LOOP ( 'NONE', ( #3220, #3337, #250, #1147 ) ) ;
#668 = LINE ( 'NONE', #1593, #2994 ) ;
#669 = DIRECTION ( 'NONE',  ( -0.000000000000000000, 0.000000000000000000, 1.000000000000000000 ) ) ;
#670 = EDGE_LOOP ( 'NONE', ( #1478, #999, #3429, #2034 ) ) ;
#671 = CARTESIAN_POINT ( 'NONE',  ( -28.00000000000000000, -21.00000000000000355, -22.90000000000006608 ) ) ;
#672 = AXIS2_PLACEMENT_3D ( 'NONE', #1917, #2198, #575 ) ;
#673 = ORIENTED_EDGE ( 'NONE', *, *, #515, .F. ) ;
#674 = EDGE_CURVE ( 'NONE', #1713, #2068, #2229, .T. ) ;
#675 = DIRECTION ( 'NONE',  ( 0.000000000000000000, -1.000000000000000000, 0.000000000000000000 ) ) ;
#676 = VERTEX_POINT ( 'NONE', #2806 ) ;
#677 = CYLINDRICAL_SURFACE ( 'NONE', #1071, 1.600000000000002531 ) ;
#678 = CARTESIAN_POINT ( 'NONE',  ( -20.99999999999999645, -21.00000000000000000, -27.99999999999999645 ) ) ;
#679 = ORIENTED_EDGE ( 'NONE', *, *, #2138, .T. ) ;
#680 = DIRECTION ( 'NONE',  ( 1.922962686383568007E-16, 0.8164965809277321407, 0.5773502691896171823 ) ) ;
#681 = DIRECTION ( 'NONE',  ( -0.5000000000000001110, -0.5000000000000024425, -0.7071067811865456854 ) ) ;
#682 = AXIS2_PLACEMENT_3D ( 'NONE', #3119, #1531, #3390 ) ;
#683 = VECTOR ( 'NONE', #2652, 1000.000000000000000 ) ;
#684 = EDGE_CURVE ( 'NONE', #2556, #802, #2423, .T. ) ;
#685 = MECHANICAL_DESIGN_GEOMETRIC_PRESENTATION_REPRESENTATION (  '', ( #3135 ), #2243 ) ;
#686 = DIRECTION ( 'NONE',  ( -0.000000000000000000, 1.000000000000000000, -0.000000000000000000 ) ) ;
#687 = CARTESIAN_POINT ( 'NONE',  ( 28.00000000000000000, -10.99999999999998579, -24.99999999999999645 ) ) ;
#688 = EDGE_CURVE ( 'NONE', #109, #1255, #1596, .T. ) ;
#689 = CARTESIAN_POINT ( 'NONE',  ( -8.131727983645340885, 8.131727983645248514, 0.4999999999999952260 ) ) ;
#690 = FACE_OUTER_BOUND ( 'NONE', #2040, .T. ) ;
#691 = DIRECTION ( 'NONE',  ( 0.7071067811865437980, 0.7071067811865513475, 0.000000000000000000 ) ) ;
#692 = DIRECTION ( 'NONE',  ( -0.7071067811865442421, 0.000000000000000000, -0.7071067811865507924 ) ) ;
#693 = CARTESIAN_POINT ( 'NONE',  ( 21.00000000000000000, 21.00000000000000000, 0.000000000000000000 ) ) ;
#694 = LINE ( 'NONE', #3009, #2315 ) ;
#695 = ORIENTED_EDGE ( 'NONE', *, *, #976, .T. ) ;
#696 = CARTESIAN_POINT ( 'NONE',  ( 28.00000000000000355, -20.99999999999999289, -10.00000000000000000 ) ) ;
#697 = ORIENTED_EDGE ( 'NONE', *, *, #2439, .T. ) ;
#698 = EDGE_LOOP ( 'NONE', ( #347, #3339, #1180, #1466 ) ) ;
#699 = AXIS2_PLACEMENT_3D ( 'NONE', #1667, #102, #1122 ) ;
#700 = DIRECTION ( 'NONE',  ( 0.000000000000000000, -1.000000000000000000, 0.000000000000000000 ) ) ;
#701 = ORIENTED_EDGE ( 'NONE', *, *, #928, .T. ) ;
#702 = AXIS2_PLACEMENT_3D ( 'NONE', #2899, #1538, #3394 ) ;
#703 = FACE_OUTER_BOUND ( 'NONE', #3138, .T. ) ;
#704 = CARTESIAN_POINT ( 'NONE',  ( -1.484924240491719338, 1.484924240491703573, 5.000000000000000000 ) ) ;
#705 = EDGE_LOOP ( 'NONE', ( #3180, #2161, #872, #196 ) ) ;
#706 = DIRECTION ( 'NONE',  ( 0.7071067811865491270, 0.7071067811865459074, 0.000000000000000000 ) ) ;
#707 = CIRCLE ( 'NONE', #484, 1.600000000000004086 ) ;
#708 = ORIENTED_EDGE ( 'NONE', *, *, #2532, .T. ) ;
#709 = ORIENTED_EDGE ( 'NONE', *, *, #2519, .F. ) ;
#710 = ORIENTED_EDGE ( 'NONE', *, *, #985, .F. ) ;
#711 = LINE ( 'NONE', #1424, #848 ) ;
#712 = ORIENTED_EDGE ( 'NONE', *, *, #237, .F. ) ;
#713 = CARTESIAN_POINT ( 'NONE',  ( -20.99999999999999645, -11.00000000000000711, -30.00000000000000000 ) ) ;
#714 = EDGE_CURVE ( 'NONE', #50, #2909, #3319, .T. ) ;
#715 = CARTESIAN_POINT ( 'NONE',  ( -15.49999999999989342, -15.50000000000000178, 0.000000000000000000 ) ) ;
#716 = DIRECTION ( 'NONE',  ( 1.000000000000000000, 0.000000000000000000, 0.000000000000000000 ) ) ;
#717 = EDGE_CURVE ( 'NONE', #1731, #1528, #1035, .T. ) ;
#718 = VECTOR ( 'NONE', #3166, 1000.000000000000114 ) ;
#719 = VERTEX_POINT ( 'NONE', #1727 ) ;
#720 = DIRECTION ( 'NONE',  ( 0.4999999999999996669, 0.4999999999999873990, -0.7071067811865567876 ) ) ;
#721 = DIRECTION ( 'NONE',  ( 1.577021341797097314E-16, -1.000000000000000000, -0.000000000000000000 ) ) ;
#722 = VECTOR ( 'NONE', #680, 1000.000000000000000 ) ;
#723 = ORIENTED_EDGE ( 'NONE', *, *, #1521, .T. ) ;
#724 = AXIS2_PLACEMENT_3D ( 'NONE', #687, #2530, #654 ) ;
#725 = DIRECTION ( 'NONE',  ( 0.7071067811865437980, 0.7071067811865513475, 0.000000000000000000 ) ) ;
#726 = CARTESIAN_POINT ( 'NONE',  ( 21.00000000000000355, -23.49999999999997868, -17.50000000000014566 ) ) ;
#727 = DIRECTION ( 'NONE',  ( -0.000000000000000000, -0.000000000000000000, -1.000000000000000000 ) ) ;
#728 = CARTESIAN_POINT ( 'NONE',  ( 31.00000000000000000, 0.000000000000000000, -27.99999999999999645 ) ) ;
#729 = APPLICATION_CONTEXT ( 'automotive_design' ) ;
#730 = ORIENTED_EDGE ( 'NONE', *, *, #2632, .F. ) ;
#731 = DIRECTION ( 'NONE',  ( 0.000000000000000000, 0.000000000000000000, 1.000000000000000000 ) ) ;
#732 = FACE_OUTER_BOUND ( 'NONE', #2618, .T. ) ;
#733 = FACE_OUTER_BOUND ( 'NONE', #2425, .T. ) ;
#734 = EDGE_LOOP ( 'NONE', ( #301, #2945, #1860, #673 ) ) ;
#735 = EDGE_CURVE ( 'NONE', #2556, #2959, #1891, .T. ) ;
#736 = ORIENTED_EDGE ( 'NONE', *, *, #1129, .T. ) ;
#737 = AXIS2_PLACEMENT_3D ( 'NONE', #3391, #223, #2108 ) ;
#738 = CIRCLE ( 'NONE', #1067, 1.599999999999997202 ) ;
#739 = DIRECTION ( 'NONE',  ( -0.000000000000000000, 1.000000000000000000, -0.000000000000000000 ) ) ;
#740 = DIRECTION ( 'NONE',  ( 0.7071067811865437980, 0.7071067811865513475, 0.000000000000000000 ) ) ;
#741 = EDGE_CURVE ( 'NONE', #2602, #1845, #1687, .T. ) ;
#742 = LINE ( 'NONE', #1570, #2275 ) ;
#743 = VECTOR ( 'NONE', #2287, 999.9999999999998863 ) ;
#744 = ORIENTED_EDGE ( 'NONE', *, *, #535, .T. ) ;
#745 = VECTOR ( 'NONE', #666, 1000.000000000000000 ) ;
#746 = CARTESIAN_POINT ( 'NONE',  ( -13.89999999999989377, 15.50000000000000000, 0.4999999999999978351 ) ) ;
#747 = DIRECTION ( 'NONE',  ( 1.000000000000000000, 0.000000000000000000, 0.000000000000000000 ) ) ;
#748 = ORIENTED_EDGE ( 'NONE', *, *, #1172, .F. ) ;
#749 = VECTOR ( 'NONE', #2924, 999.9999999999998863 ) ;
#750 = AXIS2_PLACEMENT_3D ( 'NONE', #2340, #1792, #1519 ) ;
#751 = ORIENTED_EDGE ( 'NONE', *, *, #1559, .F. ) ;
#752 = ADVANCED_FACE ( 'NONE', ( #987 ), #1203, .F. ) ;
#753 = FACE_OUTER_BOUND ( 'NONE', #918, .T. ) ;
#754 = DIRECTION ( 'NONE',  ( -0.7071067811865491270, -0.7071067811865459074, 0.000000000000000000 ) ) ;
#755 = EDGE_CURVE ( 'NONE', #996, #1539, #2057, .T. ) ;
#756 = ORIENTED_EDGE ( 'NONE', *, *, #191, .T. ) ;
#757 = ORIENTED_EDGE ( 'NONE', *, *, #480, .F. ) ;
#758 = CARTESIAN_POINT ( 'NONE',  ( 15.49999999999988987, 18.46984848098349730, 5.000000000000000000 ) ) ;
#759 = SURFACE_STYLE_USAGE ( .BOTH. , #2878 ) ;
#760 = ORIENTED_EDGE ( 'NONE', *, *, #735, .F. ) ;
#761 = FACE_OUTER_BOUND ( 'NONE', #1475, .T. ) ;
#762 = CARTESIAN_POINT ( 'NONE',  ( 28.00000000000000355, -20.99999999999999289, -12.09999999999995346 ) ) ;
#763 = DIRECTION ( 'NONE',  ( 0.000000000000000000, 0.000000000000000000, -1.000000000000000000 ) ) ;
#764 = EDGE_CURVE ( 'NONE', #1407, #824, #487, .T. ) ;
#765 = VERTEX_POINT ( 'NONE', #746 ) ;
#766 = ORIENTED_EDGE ( 'NONE', *, *, #188, .T. ) ;
#767 = VECTOR ( 'NONE', #2677, 1000.000000000000114 ) ;
#768 = CARTESIAN_POINT ( 'NONE',  ( 28.00000000000000000, -20.50000000000005684, -24.99999999999999645 ) ) ;
#769 = ORIENTED_EDGE ( 'NONE', *, *, #208, .T. ) ;
#770 = CIRCLE ( 'NONE', #795, 2.099999999999988987 ) ;
#771 = CARTESIAN_POINT ( 'NONE',  ( 15.49999999999989342, -13.23725830020305061, 4.500000000000004441 ) ) ;
#772 = LINE ( 'NONE', #1333, #1536 ) ;
#773 = EDGE_CURVE ( 'NONE', #431, #3274, #908, .T. ) ;
#774 = CARTESIAN_POINT ( 'NONE',  ( 0.000000000000000000, 0.000000000000000000, 0.000000000000000000 ) ) ;
#775 = EDGE_CURVE ( 'NONE', #1820, #1830, #1164, .T. ) ;
#776 = AXIS2_PLACEMENT_3D ( 'NONE', #458, #1522, #3382 ) ;
#777 = PLANE ( 'NONE',  #305 ) ;
#778 = DIRECTION ( 'NONE',  ( 0.000000000000000000, -0.7071067811865457964, -0.7071067811865492381 ) ) ;
#779 = CARTESIAN_POINT ( 'NONE',  ( 28.00000000000000000, -21.00000000000000355, -23.39999999999999858 ) ) ;
#780 = CARTESIAN_POINT ( 'NONE',  ( -16.63137084989837078, -14.36862915010152086, 0.4999999999999917843 ) ) ;
#781 = ORIENTED_EDGE ( 'NONE', *, *, #2515, .F. ) ;
#782 = LINE ( 'NONE', #1889, #954 ) ;
#783 = FACE_OUTER_BOUND ( 'NONE', #2814, .T. ) ;
#784 = DIRECTION ( 'NONE',  ( -0.3511234415883916493, -0.9363291775690446572, 0.000000000000000000 ) ) ;
#785 = DIRECTION ( 'NONE',  ( -1.577021341797097314E-16, 1.000000000000000000, 0.000000000000000000 ) ) ;
#786 = CONICAL_SURFACE ( 'NONE', #2546, 2.099999999999992539, 0.7853981633974401744 ) ;
#787 = AXIS2_PLACEMENT_3D ( 'NONE', #1655, #1922, #333 ) ;
#788 = EDGE_LOOP ( 'NONE', ( #1069, #346, #288, #1606 ) ) ;
#789 = EDGE_CURVE ( 'NONE', #433, #2521, #3225, .T. ) ;
#790 = ORIENTED_EDGE ( 'NONE', *, *, #1214, .T. ) ;
#791 = DIRECTION ( 'NONE',  ( 0.000000000000000000, -0.000000000000000000, -1.000000000000000000 ) ) ;
#792 = CIRCLE ( 'NONE', #1903, 1.599999999999997202 ) ;
#793 = DIRECTION ( 'NONE',  ( 0.000000000000000000, -0.000000000000000000, -1.000000000000000000 ) ) ;
#794 = CARTESIAN_POINT ( 'NONE',  ( 33.00000000000000000, -11.00000000000000711, 5.000000000000000000 ) ) ;
#795 = AXIS2_PLACEMENT_3D ( 'NONE', #3086, #3098, #194 ) ;
#796 = ORIENTED_EDGE ( 'NONE', *, *, #2886, .F. ) ;
#797 = DIRECTION ( 'NONE',  ( 1.000000000000000000, 0.000000000000000000, 0.000000000000000000 ) ) ;
#798 = DIRECTION ( 'NONE',  ( 0.000000000000000000, 0.000000000000000000, 1.000000000000000000 ) ) ;
#799 = EDGE_CURVE ( 'NONE', #1731, #2909, #861, .T. ) ;
#800 = LINE ( 'NONE', #1706, #1182 ) ;
#801 = EDGE_LOOP ( 'NONE', ( #1517, #1686, #2319, #1359 ) ) ;
#802 = VERTEX_POINT ( 'NONE', #3137 ) ;
#803 = VERTEX_POINT ( 'NONE', #3100 ) ;
#804 = LINE ( 'NONE', #2183, #2619 ) ;
#805 = ORIENTED_EDGE ( 'NONE', *, *, #1112, .T. ) ;
#806 = CARTESIAN_POINT ( 'NONE',  ( 14.36862915010151376, 16.63137084989836723, 0.5000000000000013323 ) ) ;
#807 = PLANE ( 'NONE',  #3045 ) ;
#808 = EDGE_CURVE ( 'NONE', #719, #501, #2269, .T. ) ;
#809 = FACE_OUTER_BOUND ( 'NONE', #1748, .T. ) ;
#810 = EDGE_CURVE ( 'NONE', #1288, #2826, #3027, .T. ) ;
#811 = CYLINDRICAL_SURFACE ( 'NONE', #3156, 1.600000000000002531 ) ;
#812 = DIRECTION ( 'NONE',  ( 0.000000000000000000, 0.000000000000000000, 1.000000000000000000 ) ) ;
#813 = ORIENTED_EDGE ( 'NONE', *, *, #239, .F. ) ;
#814 = PLANE ( 'NONE',  #2869 ) ;
#815 = ADVANCED_FACE ( 'NONE', ( #1809 ), #2843, .F. ) ;
#816 = DIRECTION ( 'NONE',  ( 0.7071067811865437980, -0.7071067811865513475, 0.000000000000000000 ) ) ;
#817 = EDGE_CURVE ( 'NONE', #765, #2442, #2312, .T. ) ;
#818 = ORIENTED_EDGE ( 'NONE', *, *, #2288, .F. ) ;
#819 = VECTOR ( 'NONE', #942, 1000.000000000000227 ) ;
#820 = DIRECTION ( 'NONE',  ( 0.000000000000000000, -1.000000000000000000, -0.000000000000000000 ) ) ;
#821 = DIRECTION ( 'NONE',  ( 1.000000000000000000, 0.000000000000000000, 0.000000000000000000 ) ) ;
#822 = FACE_OUTER_BOUND ( 'NONE', #1089, .T. ) ;
#823 = ORIENTED_EDGE ( 'NONE', *, *, #940, .F. ) ;
#824 = VERTEX_POINT ( 'NONE', #2863 ) ;
#825 = VECTOR ( 'NONE', #816, 1000.000000000000000 ) ;
#826 = CONICAL_SURFACE ( 'NONE', #3417, 2.099999999999988987, 0.7853981633974391752 ) ;
#827 = CIRCLE ( 'NONE', #3443, 2.100000000000011635 ) ;
#828 = CARTESIAN_POINT ( 'NONE',  ( -15.49999999999989342, -15.50000000000000178, 4.500000000000000888 ) ) ;
#829 = ORIENTED_EDGE ( 'NONE', *, *, #2769, .F. ) ;
#830 = ORIENTED_EDGE ( 'NONE', *, *, #755, .T. ) ;
#831 = CARTESIAN_POINT ( 'NONE',  ( -20.99999999999999645, -6.000000000000022204, 0.000000000000000000 ) ) ;
#832 = DIRECTION ( 'NONE',  ( -0.7071067811865491270, 0.7071067811865459074, -0.000000000000000000 ) ) ;
#833 = ADVANCED_FACE ( 'NONE', ( #1729 ), #1013, .F. ) ;
#834 = ORIENTED_EDGE ( 'NONE', *, *, #2573, .T. ) ;
#835 = EDGE_CURVE ( 'NONE', #2447, #3211, #448, .T. ) ;
#836 = EDGE_CURVE ( 'NONE', #368, #1329, #3143, .T. ) ;
#837 = CONICAL_SURFACE ( 'NONE', #1599, 1.599999999999997202, 0.7853981633974427279 ) ;
#838 = AXIS2_PLACEMENT_3D ( 'NONE', #1566, #1298, #494 ) ;
#839 = DIRECTION ( 'NONE',  ( -0.7071067811865414665, 0.000000000000000000, -0.7071067811865536790 ) ) ;
#840 = VERTEX_POINT ( 'NONE', #2026 ) ;
#841 = CARTESIAN_POINT ( 'NONE',  ( -16.98492424049179661, 16.98492424049161542, 5.000000000000000000 ) ) ;
#842 = DIRECTION ( 'NONE',  ( -1.000000000000000000, 0.000000000000000000, -0.000000000000000000 ) ) ;
#843 = ORIENTED_EDGE ( 'NONE', *, *, #2783, .F. ) ;
#844 = ORIENTED_EDGE ( 'NONE', *, *, #2109, .F. ) ;
#845 = CARTESIAN_POINT ( 'NONE',  ( 15.49999999999989342, 17.76274169979696538, 0.5000000000000013323 ) ) ;
#846 = LINE ( 'NONE', #962, #1222 ) ;
#847 = CARTESIAN_POINT ( 'NONE',  ( 33.00000000000000000, -10.99999999999998579, -5.000000000000012434 ) ) ;
#848 = VECTOR ( 'NONE', #2221, 1000.000000000000000 ) ;
#849 = VECTOR ( 'NONE', #2348, 1000.000000000000000 ) ;
#850 = ADVANCED_FACE ( 'NONE', ( #116 ), #156, .F. ) ;
#851 = DIRECTION ( 'NONE',  ( -0.000000000000000000, -0.000000000000000000, -1.000000000000000000 ) ) ;
#852 = CYLINDRICAL_SURFACE ( 'NONE', #1963, 1.600000000000000755 ) ;
#853 = VECTOR ( 'NONE', #3301, 1000.000000000000000 ) ;
#854 = CARTESIAN_POINT ( 'NONE',  ( 16.98492424049178240, 16.98492424049159766, 0.000000000000000000 ) ) ;
#855 = AXIS2_PLACEMENT_3D ( 'NONE', #2508, #2043, #1240 ) ;
#856 = EDGE_CURVE ( 'NONE', #2867, #1548, #1447, .T. ) ;
#857 = DIRECTION ( 'NONE',  ( 0.9363291775690446572, 0.3511234415883916493, -0.000000000000000000 ) ) ;
#858 = CARTESIAN_POINT ( 'NONE',  ( -27.99999999999998934, -21.00000000000000355, -8.399999999999995026 ) ) ;
#859 = CARTESIAN_POINT ( 'NONE',  ( -33.00000000000000000, -21.00000000000000355, -30.00000000000000000 ) ) ;
#860 = AXIS2_PLACEMENT_3D ( 'NONE', #2513, #1225, #2765 ) ;
#861 = LINE ( 'NONE', #165, #277 ) ;
#862 = DIRECTION ( 'NONE',  ( 0.000000000000000000, 0.000000000000000000, 1.000000000000000000 ) ) ;
#863 = ORIENTED_EDGE ( 'NONE', *, *, #1040, .F. ) ;
#864 = DIRECTION ( 'NONE',  ( 1.000000000000000000, 0.000000000000000000, 0.000000000000000000 ) ) ;
#865 = CIRCLE ( 'NONE', #1946, 1.600000000000000755 ) ;
#866 = EDGE_CURVE ( 'NONE', #98, #3224, #1113, .T. ) ;
#867 = CIRCLE ( 'NONE', #1618, 2.000000000000001776 ) ;
#868 = DIRECTION ( 'NONE',  ( -0.000000000000000000, 0.000000000000000000, 1.000000000000000000 ) ) ;
#869 = ADVANCED_FACE ( 'NONE', ( #3064 ), #3392, .F. ) ;
#870 = CIRCLE ( 'NONE', #2996, 2.000000000000001776 ) ;
#871 = ORIENTED_EDGE ( 'NONE', *, *, #2886, .T. ) ;
#872 = ORIENTED_EDGE ( 'NONE', *, *, #2848, .F. ) ;
#873 = DIRECTION ( 'NONE',  ( -0.5000000000000016653, 0.5000000000000039968, -0.7071067811865434649 ) ) ;
#874 = EDGE_CURVE ( 'NONE', #995, #2535, #948, .T. ) ;
#875 = ORIENTED_EDGE ( 'NONE', *, *, #418, .T. ) ;
#876 = PLANE ( 'NONE',  #699 ) ;
#877 = LINE ( 'NONE', #2051, #214 ) ;
#878 = ADVANCED_FACE ( 'NONE', ( #242 ), #1804, .F. ) ;
#879 = PLANE ( 'NONE',  #2620 ) ;
#880 = ORIENTED_EDGE ( 'NONE', *, *, #3044, .F. ) ;
#881 = VERTEX_POINT ( 'NONE', #1043 ) ;
#882 = AXIS2_PLACEMENT_3D ( 'NONE', #977, #2822, #1247 ) ;
#883 = DIRECTION ( 'NONE',  ( -1.000000000000000000, -2.891205793294677833E-16, -0.000000000000000000 ) ) ;
#884 = LINE ( 'NONE', #2148, #2123 ) ;
#885 = ADVANCED_FACE ( 'NONE', ( #732 ), #1561, .T. ) ;
#886 = ORIENTED_EDGE ( 'NONE', *, *, #3000, .T. ) ;
#887 = CARTESIAN_POINT ( 'NONE',  ( 33.00000000000000000, -20.99999999999999289, 5.000000000000000000 ) ) ;
#888 = ORIENTED_EDGE ( 'NONE', *, *, #208, .F. ) ;
#889 = CARTESIAN_POINT ( 'NONE',  ( -15.49999999999989342, -13.23725830020305061, 5.000000000000000000 ) ) ;
#890 = AXIS2_PLACEMENT_3D ( 'NONE', #2180, #67, #1915 ) ;
#891 = LINE ( 'NONE', #2724, #230 ) ;
#892 = ORIENTED_EDGE ( 'NONE', *, *, #1479, .F. ) ;
#893 = CARTESIAN_POINT ( 'NONE',  ( -16.98492424049178240, 16.98492424049159766, 0.000000000000000000 ) ) ;
#894 = FACE_OUTER_BOUND ( 'NONE', #3170, .T. ) ;
#895 = CARTESIAN_POINT ( 'NONE',  ( 15.50000000000010125, 15.50000000000000533, 5.000000000000000000 ) ) ;
#896 = ADVANCED_FACE ( 'NONE', ( #408 ), #1983, .F. ) ;
#897 = LINE ( 'NONE', #2603, #2923 ) ;
#898 = ORIENTED_EDGE ( 'NONE', *, *, #2531, .T. ) ;
#899 = DIRECTION ( 'NONE',  ( 0.000000000000000000, 0.7071067811865515695, -0.7071067811865435759 ) ) ;
#900 = CARTESIAN_POINT ( 'NONE',  ( 0.000000000000000000, 0.000000000000000000, 0.000000000000000000 ) ) ;
#901 = CARTESIAN_POINT ( 'NONE',  ( -28.00000000000000000, -20.50000000000007461, -26.59999999999999787 ) ) ;
#902 = DIRECTION ( 'NONE',  ( -0.000000000000000000, -1.000000000000000000, -0.000000000000000000 ) ) ;
#903 = EDGE_CURVE ( 'NONE', #3455, #429, #2351, .T. ) ;
#904 = EDGE_CURVE ( 'NONE', #1407, #2, #2182, .T. ) ;
#905 = DIRECTION ( 'NONE',  ( 0.000000000000000000, 0.000000000000000000, 1.000000000000000000 ) ) ;
#906 = ADVANCED_FACE ( 'NONE', ( #2931 ), #1205, .F. ) ;
#907 = ORIENTED_EDGE ( 'NONE', *, *, #2769, .T. ) ;
#908 = LINE ( 'NONE', #2560, #2763 ) ;
#909 = LINE ( 'NONE', #3032, #29 ) ;
#910 = ORIENTED_EDGE ( 'NONE', *, *, #3246, .T. ) ;
#911 = AXIS2_PLACEMENT_3D ( 'NONE', #3414, #241, #3386 ) ;
#912 = ORIENTED_EDGE ( 'NONE', *, *, #3169, .T. ) ;
#913 = CYLINDRICAL_SURFACE ( 'NONE', #2159, 1.600000000000002531 ) ;
#914 = PLANE ( 'NONE',  #3264 ) ;
#915 = EDGE_LOOP ( 'NONE', ( #2832, #1509, #86, #280 ) ) ;
#916 = DIRECTION ( 'NONE',  ( 0.000000000000000000, 0.7071067811865493491, 0.7071067811865455743 ) ) ;
#917 = DIRECTION ( 'NONE',  ( -1.577021341797097314E-16, 1.000000000000000000, 0.000000000000000000 ) ) ;
#918 = EDGE_LOOP ( 'NONE', ( #2050, #1985, #1343, #257 ) ) ;
#919 = ORIENTED_EDGE ( 'NONE', *, *, #283, .T. ) ;
#920 = DIRECTION ( 'NONE',  ( 0.000000000000000000, 0.000000000000000000, 1.000000000000000000 ) ) ;
#921 = MANIFOLD_SOLID_BREP ( '倒角2', #1761 ) ;
#922 = CARTESIAN_POINT ( 'NONE',  ( -20.99999999999999645, -11.00000000000000711, -30.00000000000000000 ) ) ;
#923 = EDGE_LOOP ( 'NONE', ( #748, #1263, #2139, #2236 ) ) ;
#924 = EDGE_CURVE ( 'NONE', #3193, #2847, #742, .T. ) ;
#925 = FACE_OUTER_BOUND ( 'NONE', #15, .T. ) ;
#926 = AXIS2_PLACEMENT_3D ( 'NONE', #2311, #721, #3095 ) ;
#927 = ADVANCED_FACE ( 'NONE', ( #2064 ), #1008, .T. ) ;
#928 = EDGE_CURVE ( 'NONE', #2791, #3323, #2982, .T. ) ;
#929 = CARTESIAN_POINT ( 'NONE',  ( 21.00000000000000000, -10.99999999999998579, -27.99999999999999645 ) ) ;
#930 = CARTESIAN_POINT ( 'NONE',  ( -17.09999999999989484, 15.50000000000000000, 0.4999999999999978351 ) ) ;
#931 = EDGE_LOOP ( 'NONE', ( #2657, #2738, #1009, #1693, #164 ) ) ;
#932 = ORIENTED_EDGE ( 'NONE', *, *, #3184, .F. ) ;
#933 = ORIENTED_EDGE ( 'NONE', *, *, #1641, .T. ) ;
#934 = CIRCLE ( 'NONE', #1588, 2.100000000000011635 ) ;
#935 = AXIS2_PLACEMENT_3D ( 'NONE', #663, #401, #958 ) ;
#936 = VERTEX_POINT ( 'NONE', #2860 ) ;
#937 = CARTESIAN_POINT ( 'NONE',  ( -16.98492424049165095, -14.01507575950824069, 5.000000000000000000 ) ) ;
#938 = ORIENTED_EDGE ( 'NONE', *, *, #835, .F. ) ;
#939 = VECTOR ( 'NONE', #2408, 1000.000000000000114 ) ;
#940 = EDGE_CURVE ( 'NONE', #255, #1270, #527, .T. ) ;
#941 = ORIENTED_EDGE ( 'NONE', *, *, #3184, .T. ) ;
#942 = DIRECTION ( 'NONE',  ( -0.4999999999999953371, -0.5000000000000002220, -0.7071067811865505703 ) ) ;
#943 = LINE ( 'NONE', #427, #722 ) ;
#944 = CARTESIAN_POINT ( 'NONE',  ( 31.00000000000000000, -10.99999999999998579, -27.99999999999999645 ) ) ;
#945 = ORIENTED_EDGE ( 'NONE', *, *, #2755, .F. ) ;
#946 = EDGE_CURVE ( 'NONE', #1886, #2690, #1041, .T. ) ;
#947 = DIRECTION ( 'NONE',  ( 0.7071067811865417996, 8.659560562354862600E-17, -0.7071067811865531239 ) ) ;
#948 = LINE ( 'NONE', #1543, #2892 ) ;
#949 = CARTESIAN_POINT ( 'NONE',  ( 16.63137084989848091, 16.63137084989857328, 5.000000000000000000 ) ) ;
#950 = AXIS2_PLACEMENT_3D ( 'NONE', #1204, #1702, #403 ) ;
#951 = VERTEX_POINT ( 'NONE', #2835 ) ;
#952 = EDGE_CURVE ( 'NONE', #2044, #2847, #1735, .T. ) ;
#953 = DIRECTION ( 'NONE',  ( -1.000000000000000000, 0.000000000000000000, 0.000000000000000000 ) ) ;
#954 = VECTOR ( 'NONE', #3183, 1000.000000000000000 ) ;
#955 = LINE ( 'NONE', #211, #2722 ) ;
#956 = AXIS2_PLACEMENT_3D ( 'NONE', #314, #1206, #3330 ) ;
#957 = LINE ( 'NONE', #594, #2553 ) ;
#958 = DIRECTION ( 'NONE',  ( 0.000000000000000000, 0.000000000000000000, -1.000000000000000000 ) ) ;
#959 = AXIS2_PLACEMENT_3D ( 'NONE', #1929, #1449, #1683 ) ;
#960 = ORIENTED_EDGE ( 'NONE', *, *, #436, .F. ) ;
#961 = DIRECTION ( 'NONE',  ( 0.000000000000000000, 0.000000000000000000, -1.000000000000000000 ) ) ;
#962 = CARTESIAN_POINT ( 'NONE',  ( 8.131727983645337332, 8.131727983645248514, 0.4999999999999952260 ) ) ;
#963 = CARTESIAN_POINT ( 'NONE',  ( -15.49999999999989342, 17.76274169979696538, 4.499999999999998224 ) ) ;
#964 = ORIENTED_EDGE ( 'NONE', *, *, #1864, .T. ) ;
#965 = AXIS2_PLACEMENT_3D ( 'NONE', #2307, #3431, #1277 ) ;
#966 = VERTEX_POINT ( 'NONE', #1028 ) ;
#967 = CARTESIAN_POINT ( 'NONE',  ( 28.00000000000000355, -20.99999999999999289, -12.09999999999995346 ) ) ;
#968 = FACE_OUTER_BOUND ( 'NONE', #549, .T. ) ;
#969 = EDGE_LOOP ( 'NONE', ( #1126, #307, #3097, #712 ) ) ;
#970 = FACE_OUTER_BOUND ( 'NONE', #788, .T. ) ;
#971 = CARTESIAN_POINT ( 'NONE',  ( -15.49999999999989342, -15.50000000000000178, 5.000000000000000000 ) ) ;
#972 = ORIENTED_EDGE ( 'NONE', *, *, #465, .T. ) ;
#973 = LINE ( 'NONE', #2053, #2094 ) ;
#974 = DIRECTION ( 'NONE',  ( 0.7071067811865491270, -0.7071067811865459074, 0.000000000000000000 ) ) ;
#975 = FACE_BOUND ( 'NONE', #1918, .T. ) ;
#976 = EDGE_CURVE ( 'NONE', #1288, #1871, #2548, .T. ) ;
#977 = CARTESIAN_POINT ( 'NONE',  ( -15.49999999999989342, -15.50000000000000178, 5.000000000000000000 ) ) ;
#978 = ORIENTED_EDGE ( 'NONE', *, *, #1867, .F. ) ;
#979 = DIRECTION ( 'NONE',  ( -0.000000000000000000, -1.000000000000000000, -0.000000000000000000 ) ) ;
#980 = FILL_AREA_STYLE_COLOUR ( '', #1700 ) ;
#981 = DIRECTION ( 'NONE',  ( -0.5000000000000024425, -0.5000000000000048850, -0.7071067811865423547 ) ) ;
#982 = PLANE ( 'NONE',  #2803 ) ;
#983 = EDGE_CURVE ( 'NONE', #2187, #1022, #955, .T. ) ;
#984 = CARTESIAN_POINT ( 'NONE',  ( -17.09999999999989484, -15.50000000000000178, 4.500000000000000888 ) ) ;
#985 = EDGE_CURVE ( 'NONE', #3432, #2126, #1564, .T. ) ;
#986 = VERTEX_POINT ( 'NONE', #2054 ) ;
#987 = FACE_OUTER_BOUND ( 'NONE', #141, .T. ) ;
#988 = DIRECTION ( 'NONE',  ( -0.3511234415883916493, -0.9363291775690446572, 0.000000000000000000 ) ) ;
#989 = LINE ( 'NONE', #2184, #1075 ) ;
#990 = DIRECTION ( 'NONE',  ( -0.3511234415883916493, 0.9363291775690446572, -0.000000000000000000 ) ) ;
#991 = CARTESIAN_POINT ( 'NONE',  ( -15.49999999999989342, 18.46984848098353282, 5.000000000000000000 ) ) ;
#992 = EDGE_LOOP ( 'NONE', ( #3239, #1569, #269, #2989 ) ) ;
#993 = ORIENTED_EDGE ( 'NONE', *, *, #2503, .T. ) ;
#994 = LINE ( 'NONE', #1252, #162 ) ;
#995 = VERTEX_POINT ( 'NONE', #478 ) ;
#996 = VERTEX_POINT ( 'NONE', #3406 ) ;
#997 = CARTESIAN_POINT ( 'NONE',  ( -28.00000000000000000, -11.50000000000004619, -24.99999999999999645 ) ) ;
#998 = DIRECTION ( 'NONE',  ( -0.7071067811865434649, -0.7071067811865516806, 0.000000000000000000 ) ) ;
#999 = ORIENTED_EDGE ( 'NONE', *, *, #2357, .F. ) ;
#1000 = APPLICATION_PROTOCOL_DEFINITION ( 'draft international standard', 'automotive_design', 1998, #729 ) ;
#1001 = CIRCLE ( 'NONE', #3043, 2.000000000000001776 ) ;
#1002 = VERTEX_POINT ( 'NONE', #3159 ) ;
#1003 = DIRECTION ( 'NONE',  ( -0.000000000000000000, -0.000000000000000000, -1.000000000000000000 ) ) ;
#1004 = LINE ( 'NONE', #2777, #1786 ) ;
#1005 = ORIENTED_EDGE ( 'NONE', *, *, #75, .F. ) ;
#1006 = ORIENTED_EDGE ( 'NONE', *, *, #1083, .T. ) ;
#1007 = PLANE ( 'NONE',  #193 ) ;
#1008 = PLANE ( 'NONE',  #965 ) ;
#1009 = ORIENTED_EDGE ( 'NONE', *, *, #2116, .T. ) ;
#1010 = LINE ( 'NONE', #2562, #2252 ) ;
#1011 = DIRECTION ( 'NONE',  ( -1.000000000000000000, 0.000000000000000000, 0.000000000000000000 ) ) ;
#1012 = ORIENTED_EDGE ( 'NONE', *, *, #2186, .F. ) ;
#1013 = PLANE ( 'NONE',  #2191 ) ;
#1014 = ORIENTED_EDGE ( 'NONE', *, *, #1829, .F. ) ;
#1015 = EDGE_CURVE ( 'NONE', #3309, #995, #2682, .T. ) ;
#1016 = DIRECTION ( 'NONE',  ( -0.000000000000000000, -0.000000000000000000, -1.000000000000000000 ) ) ;
#1017 = APPLICATION_PROTOCOL_DEFINITION ( 'draft international standard', 'automotive_design', 1998, #3139 ) ;
#1018 = EDGE_CURVE ( 'NONE', #719, #1410, #867, .T. ) ;
#1019 = ADVANCED_FACE ( 'NONE', ( #1165 ), #1532, .T. ) ;
#1020 = FACE_OUTER_BOUND ( 'NONE', #3087, .T. ) ;
#1021 = AXIS2_PLACEMENT_3D ( 'NONE', #2436, #1926, #2194 ) ;
#1022 = VERTEX_POINT ( 'NONE', #195 ) ;
#1023 = DIRECTION ( 'NONE',  ( -0.000000000000000000, -0.000000000000000000, -1.000000000000000000 ) ) ;
#1024 = CONICAL_SURFACE ( 'NONE', #173, 11.99999999999998224, 0.7853981633974396193 ) ;
#1025 = ORIENTED_EDGE ( 'NONE', *, *, #3102, .F. ) ;
#1026 = AXIS2_PLACEMENT_3D ( 'NONE', #1751, #1474, #716 ) ;
#1027 = DIRECTION ( 'NONE',  ( 0.000000000000000000, 0.000000000000000000, -1.000000000000000000 ) ) ;
#1028 = CARTESIAN_POINT ( 'NONE',  ( -21.00000000000000000, 21.00000000000000000, 0.000000000000000000 ) ) ;
#1029 = DIRECTION ( 'NONE',  ( -0.7071067811865491270, -0.7071067811865459074, 0.000000000000000000 ) ) ;
#1030 = CARTESIAN_POINT ( 'NONE',  ( 0.000000000000000000, 0.000000000000000000, 5.000000000000000000 ) ) ;
#1031 =( NAMED_UNIT ( * ) PLANE_ANGLE_UNIT ( ) SI_UNIT ( $, .RADIAN. ) );
#1032 = ORIENTED_EDGE ( 'NONE', *, *, #1018, .T. ) ;
#1033 = DIRECTION ( 'NONE',  ( 1.000000000000000000, 7.589415207398568903E-15, 0.000000000000000000 ) ) ;
#1034 = CARTESIAN_POINT ( 'NONE',  ( 23.00000000000000000, -10.99999999999998579, -30.00000000000000000 ) ) ;
#1035 = CIRCLE ( 'NONE', #1832, 1.600000000000002531 ) ;
#1036 = ORIENTED_EDGE ( 'NONE', *, *, #2515, .T. ) ;
#1037 = AXIS2_PLACEMENT_3D ( 'NONE', #253, #2370, #2918 ) ;
#1038 = CIRCLE ( 'NONE', #2971, 2.099999999999942357 ) ;
#1039 = DIRECTION ( 'NONE',  ( 1.000000000000000000, 0.000000000000000000, 0.000000000000000000 ) ) ;
#1040 = EDGE_CURVE ( 'NONE', #206, #2305, #3150, .T. ) ;
#1041 = LINE ( 'NONE', #1542, #572 ) ;
#1042 = LINE ( 'NONE', #1614, #282 ) ;
#1043 = CARTESIAN_POINT ( 'NONE',  ( 28.00000000000000355, -11.50000000000004619, -11.60000000000000320 ) ) ;
#1044 = DIRECTION ( 'NONE',  ( -1.000000000000000000, 0.000000000000000000, 0.000000000000000000 ) ) ;
#1045 = ORIENTED_EDGE ( 'NONE', *, *, #3365, .T. ) ;
#1046 = ORIENTED_EDGE ( 'NONE', *, *, #3169, .F. ) ;
#1047 = CARTESIAN_POINT ( 'NONE',  ( 16.63137084989837078, -14.36862915010152086, 0.4999999999999982792 ) ) ;
#1048 = AXIS2_PLACEMENT_3D ( 'NONE', #2316, #2859, #171 ) ;
#1049 = DIRECTION ( 'NONE',  ( 0.4999999999999960032, -0.4999999999999984457, -0.7071067811865514585 ) ) ;
#1050 = EDGE_CURVE ( 'NONE', #109, #1833, #76, .T. ) ;
#1051 = ORIENTED_EDGE ( 'NONE', *, *, #535, .F. ) ;
#1052 = DIRECTION ( 'NONE',  ( -0.5000000000000114353, -0.4999999999999991673, -0.7071067811865401342 ) ) ;
#1053 = ORIENTED_EDGE ( 'NONE', *, *, #2255, .F. ) ;
#1054 = CARTESIAN_POINT ( 'NONE',  ( 28.00000000000000355, -10.99999999999998579, -7.899999999999938183 ) ) ;
#1055 = ORIENTED_EDGE ( 'NONE', *, *, #1294, .T. ) ;
#1056 = VERTEX_POINT ( 'NONE', #506 ) ;
#1057 = FACE_OUTER_BOUND ( 'NONE', #1283, .T. ) ;
#1058 = CARTESIAN_POINT ( 'NONE',  ( -28.00000000000000000, -21.00000000000000355, -26.59999999999999787 ) ) ;
#1059 = EDGE_CURVE ( 'NONE', #362, #2602, #1119, .T. ) ;
#1060 = ORIENTED_EDGE ( 'NONE', *, *, #2361, .T. ) ;
#1061 = LINE ( 'NONE', #3003, #2533 ) ;
#1062 = CARTESIAN_POINT ( 'NONE',  ( 28.00000000000000355, -11.50000000000004619, -10.00000000000000000 ) ) ;
#1063 = ORIENTED_EDGE ( 'NONE', *, *, #1601, .F. ) ;
#1064 = VECTOR ( 'NONE', #1576, 1000.000000000000114 ) ;
#1065 = CARTESIAN_POINT ( 'NONE',  ( 17.10000000000009734, 15.50000000000000533, 4.500000000000007994 ) ) ;
#1066 = LINE ( 'NONE', #152, #1630 ) ;
#1067 = AXIS2_PLACEMENT_3D ( 'NONE', #1594, #2926, #2416 ) ;
#1068 = CARTESIAN_POINT ( 'NONE',  ( 0.000000000000000000, 0.000000000000000000, 5.000000000000000000 ) ) ;
#1069 = ORIENTED_EDGE ( 'NONE', *, *, #272, .F. ) ;
#1070 = DIRECTION ( 'NONE',  ( 0.000000000000000000, 0.000000000000000000, 1.000000000000000000 ) ) ;
#1071 = AXIS2_PLACEMENT_3D ( 'NONE', #437, #2290, #1248 ) ;
#1072 = CARTESIAN_POINT ( 'NONE',  ( 15.50000000000010125, 15.50000000000000533, 5.000000000000000000 ) ) ;
#1073 = ORIENTED_EDGE ( 'NONE', *, *, #1813, .F. ) ;
#1074 = CIRCLE ( 'NONE', #421, 11.99999999999998934 ) ;
#1075 = VECTOR ( 'NONE', #330, 1000.000000000000000 ) ;
#1076 = CARTESIAN_POINT ( 'NONE',  ( -23.00000000000000000, -11.00000000000000711, -30.00000000000000000 ) ) ;
#1077 = ORIENTED_EDGE ( 'NONE', *, *, #2968, .T. ) ;
#1078 = CIRCLE ( 'NONE', #2502, 1.600000000000004086 ) ;
#1079 = DIRECTION ( 'NONE',  ( -0.2563072973150268274, 0.6834861261734050952, 0.6834861261734129778 ) ) ;
#1080 = DIRECTION ( 'NONE',  ( -1.000000000000000000, 0.000000000000000000, 0.000000000000000000 ) ) ;
#1081 = ORIENTED_EDGE ( 'NONE', *, *, #407, .F. ) ;
#1082 = ADVANCED_FACE ( 'NONE', ( #783 ), #1492, .F. ) ;
#1083 = EDGE_CURVE ( 'NONE', #2187, #2569, #2190, .T. ) ;
#1084 = EDGE_CURVE ( 'NONE', #1188, #596, #615, .T. ) ;
#1085 = ORIENTED_EDGE ( 'NONE', *, *, #3078, .F. ) ;
#1086 = CARTESIAN_POINT ( 'NONE',  ( 28.00000000000000355, -10.99999999999998579, -10.00000000000000000 ) ) ;
#1087 = LINE ( 'NONE', #806, #2286 ) ;
#1088 = DIRECTION ( 'NONE',  ( 0.7071067811865491270, 0.7071067811865459074, 0.000000000000000000 ) ) ;
#1089 = EDGE_LOOP ( 'NONE', ( #892, #1450, #180, #863 ) ) ;
#1090 = CARTESIAN_POINT ( 'NONE',  ( -28.00000000000000000, -20.50000000000007461, -23.39999999999999858 ) ) ;
#1091 = CARTESIAN_POINT ( 'NONE',  ( 17.10000000000009734, 15.50000000000000533, 0.5000000000000013323 ) ) ;
#1092 = CARTESIAN_POINT ( 'NONE',  ( 23.00000000000000000, -10.99999999999998579, -27.99999999999999645 ) ) ;
#1093 = ORIENTED_EDGE ( 'NONE', *, *, #1803, .T. ) ;
#1094 = VERTEX_POINT ( 'NONE', #1885 ) ;
#1095 = DIRECTION ( 'NONE',  ( 5.768888059150692928E-16, -0.8164965809277240361, 0.5773502691896285066 ) ) ;
#1096 = LINE ( 'NONE', #446, #546 ) ;
#1097 = ADVANCED_FACE ( 'NONE', ( #160 ), #519, .F. ) ;
#1098 = VERTEX_POINT ( 'NONE', #3188 ) ;
#1099 = CARTESIAN_POINT ( 'NONE',  ( -15.49999999999989342, 15.50000000000000000, 4.499999999999998224 ) ) ;
#1100 = EDGE_CURVE ( 'NONE', #2608, #995, #2021, .T. ) ;
#1101 = VECTOR ( 'NONE', #1712, 1000.000000000000000 ) ;
#1102 = AXIS2_PLACEMENT_3D ( 'NONE', #3116, #3080, #1765 ) ;
#1103 = EDGE_CURVE ( 'NONE', #966, #1022, #3407, .T. ) ;
#1104 = ORIENTED_EDGE ( 'NONE', *, *, #1368, .T. ) ;
#1105 = LINE ( 'NONE', #3332, #2260 ) ;
#1106 = CARTESIAN_POINT ( 'NONE',  ( 22.99999999999999645, 7.979727989493301590E-15, -27.99999999999999645 ) ) ;
#1107 = ORIENTED_EDGE ( 'NONE', *, *, #1621, .F. ) ;
#1108 = AXIS2_PLACEMENT_3D ( 'NONE', #625, #2208, #1674 ) ;
#1109 = DIRECTION ( 'NONE',  ( -0.7071067811865513475, -0.7071067811865437980, 0.000000000000000000 ) ) ;
#1110 = DIRECTION ( 'NONE',  ( 0.7071067811865437980, 0.7071067811865513475, 0.000000000000000000 ) ) ;
#1111 = PLANE ( 'NONE',  #1989 ) ;
#1112 = EDGE_CURVE ( 'NONE', #2068, #429, #1898, .T. ) ;
#1113 = CIRCLE ( 'NONE', #1369, 1.599999999999997202 ) ;
#1114 = DIRECTION ( 'NONE',  ( -0.3511234415883916493, 0.9363291775690446572, 0.000000000000000000 ) ) ;
#1115 = DIRECTION ( 'NONE',  ( 1.000000000000000000, 0.000000000000000000, 0.000000000000000000 ) ) ;
#1116 = ADVANCED_FACE ( 'NONE', ( #1852 ), #2429, .F. ) ;
#1117 = VERTEX_POINT ( 'NONE', #286 ) ;
#1118 = CYLINDRICAL_SURFACE ( 'NONE', #838, 1.599999999999993872 ) ;
#1119 = CIRCLE ( 'NONE', #3164, 2.000000000000001776 ) ;
#1120 = EDGE_CURVE ( 'NONE', #2090, #3155, #2593, .T. ) ;
#1121 = CIRCLE ( 'NONE', #1102, 1.599999999999992095 ) ;
#1122 = DIRECTION ( 'NONE',  ( -0.7071067811865437980, -0.7071067811865513475, 0.000000000000000000 ) ) ;
#1123 = LINE ( 'NONE', #2392, #1988 ) ;
#1124 = ADVANCED_FACE ( 'NONE', ( #2810 ), #3401, .F. ) ;
#1125 = VERTEX_POINT ( 'NONE', #2380 ) ;
#1126 = ORIENTED_EDGE ( 'NONE', *, *, #1914, .F. ) ;
#1127 = CARTESIAN_POINT ( 'NONE',  ( 15.50000000000010658, -15.49999999999998757, 4.500000000000004441 ) ) ;
#1128 = AXIS2_PLACEMENT_3D ( 'NONE', #1160, #1948, #2464 ) ;
#1129 = EDGE_CURVE ( 'NONE', #2789, #522, #1453, .T. ) ;
#1130 = AXIS2_PLACEMENT_3D ( 'NONE', #1550, #3415, #2326 ) ;
#1131 = DIRECTION ( 'NONE',  ( -1.000000000000000000, 0.000000000000000000, 0.000000000000000000 ) ) ;
#1132 = ORIENTED_EDGE ( 'NONE', *, *, #2419, .F. ) ;
#1133 = ADVANCED_FACE ( 'NONE', ( #2678 ), #3189, .F. ) ;
#1134 = CARTESIAN_POINT ( 'NONE',  ( -27.99999999999998934, -11.00000000000000711, -12.10000000000003695 ) ) ;
#1135 = PLANE ( 'NONE',  #1200 ) ;
#1136 = AXIS2_PLACEMENT_3D ( 'NONE', #696, #1239, #3351 ) ;
#1137 = CARTESIAN_POINT ( 'NONE',  ( 28.00000000000000000, -20.99999999999999289, -27.09999999999994102 ) ) ;
#1138 = ORIENTED_EDGE ( 'NONE', *, *, #367, .T. ) ;
#1139 = ORIENTED_EDGE ( 'NONE', *, *, #2188, .F. ) ;
#1140 = EDGE_LOOP ( 'NONE', ( #2944, #1791, #1994, #1055 ) ) ;
#1141 = CONICAL_SURFACE ( 'NONE', #3047, 2.099999999999992539, 0.7853981633974437271 ) ;
#1142 = DIRECTION ( 'NONE',  ( -1.000000000000000000, 0.000000000000000000, 0.000000000000000000 ) ) ;
#1143 = CARTESIAN_POINT ( 'NONE',  ( -15.49999999999989342, -13.23725830020305061, 4.500000000000000888 ) ) ;
#1144 = VERTEX_POINT ( 'NONE', #1353 ) ;
#1145 = VECTOR ( 'NONE', #107, 1000.000000000000000 ) ;
#1146 = ADVANCED_FACE ( 'NONE', ( #822 ), #826, .F. ) ;
#1147 = ORIENTED_EDGE ( 'NONE', *, *, #3212, .T. ) ;
#1148 = DIRECTION ( 'NONE',  ( 0.000000000000000000, 0.000000000000000000, 1.000000000000000000 ) ) ;
#1149 = LINE ( 'NONE', #1319, #683 ) ;
#1150 = CARTESIAN_POINT ( 'NONE',  ( -15.49999999999989342, -13.23725830020305061, 5.000000000000000000 ) ) ;
#1151 = DIRECTION ( 'NONE',  ( 0.7071067811865414665, 8.659560562354858902E-17, -0.7071067811865536790 ) ) ;
#1152 = VECTOR ( 'NONE', #720, 1000.000000000000000 ) ;
#1153 = DIRECTION ( 'NONE',  ( 0.000000000000000000, 0.000000000000000000, -1.000000000000000000 ) ) ;
#1154 = ORIENTED_EDGE ( 'NONE', *, *, #3231, .T. ) ;
#1155 = DIRECTION ( 'NONE',  ( 8.659560562354908206E-17, 0.7071067811865493491, -0.7071067811865455743 ) ) ;
#1156 = ADVANCED_FACE ( 'NONE', ( #2470 ), #2141, .T. ) ;
#1157 = DIRECTION ( 'NONE',  ( 0.4999999999999952816, 0.4999999999999975575, -0.7071067811865526798 ) ) ;
#1158 = ORIENTED_EDGE ( 'NONE', *, *, #454, .T. ) ;
#1159 = AXIS2_PLACEMENT_3D ( 'NONE', #1932, #343, #2197 ) ;
#1160 = CARTESIAN_POINT ( 'NONE',  ( 15.50000000000010658, -15.49999999999998757, 4.500000000000004441 ) ) ;
#1161 = CARTESIAN_POINT ( 'NONE',  ( 14.01507575950816964, -14.01507575950823536, 5.000000000000000000 ) ) ;
#1162 = EDGE_LOOP ( 'NONE', ( #2656, #1506, #2501, #3281 ) ) ;
#1163 = CARTESIAN_POINT ( 'NONE',  ( 15.50000000000010658, -15.49999999999998757, 0.5000000000000013323 ) ) ;
#1164 = CIRCLE ( 'NONE', #170, 2.099999999999988987 ) ;
#1165 = FACE_OUTER_BOUND ( 'NONE', #2445, .T. ) ;
#1166 = ORIENTED_EDGE ( 'NONE', *, *, #1893, .F. ) ;
#1167 = CARTESIAN_POINT ( 'NONE',  ( -8.131727983645342661, 8.131727983645250291, 0.4999999999999952260 ) ) ;
#1168 = CIRCLE ( 'NONE', #2225, 2.100000000000060041 ) ;
#1169 = EDGE_LOOP ( 'NONE', ( #1909, #3424, #2117, #2919 ) ) ;
#1170 = EDGE_CURVE ( 'NONE', #2505, #2747, #449, .T. ) ;
#1171 = ADVANCED_FACE ( 'NONE', ( #493 ), #2457, .F. ) ;
#1172 = EDGE_CURVE ( 'NONE', #1218, #2481, #1979, .T. ) ;
#1173 = VERTEX_POINT ( 'NONE', #3263 ) ;
#1174 = CARTESIAN_POINT ( 'NONE',  ( 33.00000000000000000, -10.99999999999998579, 5.000000000000000000 ) ) ;
#1175 = PRESENTATION_STYLE_ASSIGNMENT (( #759 ) ) ;
#1176 = CARTESIAN_POINT ( 'NONE',  ( 13.40000000000011582, -15.49999999999998757, 0.000000000000000000 ) ) ;
#1177 = DIRECTION ( 'NONE',  ( -0.000000000000000000, -0.000000000000000000, -1.000000000000000000 ) ) ;
#1178 = CIRCLE ( 'NONE', #1654, 2.099999999999983658 ) ;
#1179 = EDGE_LOOP ( 'NONE', ( #818, #1600, #105, #1208, #2861, #376, #2727, #3058 ) ) ;
#1180 = ORIENTED_EDGE ( 'NONE', *, *, #2009, .T. ) ;
#1181 = CARTESIAN_POINT ( 'NONE',  ( -27.99999999999998934, -11.00000000000000711, -9.999999999999996447 ) ) ;
#1182 = VECTOR ( 'NONE', #1962, 1000.000000000000000 ) ;
#1183 = ORIENTED_EDGE ( 'NONE', *, *, #212, .F. ) ;
#1184 = CARTESIAN_POINT ( 'NONE',  ( -14.36862915010141784, -14.36862915010152086, 0.4999999999999917843 ) ) ;
#1185 = EDGE_LOOP ( 'NONE', ( #3329, #2248, #151, #442 ) ) ;
#1186 = EDGE_CURVE ( 'NONE', #3323, #231, #2058, .T. ) ;
#1187 = LINE ( 'NONE', #3040, #1750 ) ;
#1188 = VERTEX_POINT ( 'NONE', #1650 ) ;
#1189 = FACE_OUTER_BOUND ( 'NONE', #1301, .T. ) ;
#1190 = CARTESIAN_POINT ( 'NONE',  ( 8.485281374238608620, 8.485281374238510921, 0.000000000000000000 ) ) ;
#1191 = ADVANCED_FACE ( 'NONE', ( #733 ), #879, .F. ) ;
#1192 = VERTEX_POINT ( 'NONE', #1639 ) ;
#1193 = CIRCLE ( 'NONE', #1551, 1.600000000000002531 ) ;
#1194 = ORIENTED_EDGE ( 'NONE', *, *, #3212, .F. ) ;
#1195 = PLANE ( 'NONE',  #1488 ) ;
#1196 = DIRECTION ( 'NONE',  ( 0.000000000000000000, 0.000000000000000000, 1.000000000000000000 ) ) ;
#1197 = EDGE_CURVE ( 'NONE', #2092, #1438, #653, .T. ) ;
#1198 = EDGE_CURVE ( 'NONE', #1218, #1731, #1281, .T. ) ;
#1199 = CARTESIAN_POINT ( 'NONE',  ( -14.36862915010141073, 16.63137084989847025, 4.499999999999998224 ) ) ;
#1200 = AXIS2_PLACEMENT_3D ( 'NONE', #2744, #3292, #47 ) ;
#1201 = ORIENTED_EDGE ( 'NONE', *, *, #924, .T. ) ;
#1202 = ORIENTED_EDGE ( 'NONE', *, *, #367, .F. ) ;
#1203 = CONICAL_SURFACE ( 'NONE', #593, 2.099999999999992539, 0.7853981633974437271 ) ;
#1204 = CARTESIAN_POINT ( 'NONE',  ( 0.000000000000000000, 0.000000000000000000, -30.00000000000000000 ) ) ;
#1205 = CONICAL_SURFACE ( 'NONE', #2438, 1.600000000000000755, 0.7853981633974456145 ) ;
#1206 = DIRECTION ( 'NONE',  ( -0.000000000000000000, -0.000000000000000000, -1.000000000000000000 ) ) ;
#1207 = DIRECTION ( 'NONE',  ( 0.7071067811865388020, -0.7071067811865561215, 0.000000000000000000 ) ) ;
#1208 = ORIENTED_EDGE ( 'NONE', *, *, #2573, .F. ) ;
#1209 = LINE ( 'NONE', #1628, #2811 ) ;
#1210 = DIRECTION ( 'NONE',  ( 0.7071067811865434649, 0.7071067811865516806, 0.000000000000000000 ) ) ;
#1211 = FACE_BOUND ( 'NONE', #1612, .T. ) ;
#1212 = CARTESIAN_POINT ( 'NONE',  ( 17.60000000000009379, -15.49999999999998757, 0.000000000000000000 ) ) ;
#1213 = AXIS2_PLACEMENT_3D ( 'NONE', #3235, #3272, #3004 ) ;
#1214 = EDGE_CURVE ( 'NONE', #2602, #3323, #989, .T. ) ;
#1215 = DIRECTION ( 'NONE',  ( 1.000000000000000000, 0.000000000000000000, 0.000000000000000000 ) ) ;
#1216 = CARTESIAN_POINT ( 'NONE',  ( -27.99999999999998934, -20.50000000000005329, -11.59999999999999964 ) ) ;
#1217 = DIRECTION ( 'NONE',  ( 1.000000000000000000, 0.000000000000000000, 0.000000000000000000 ) ) ;
#1218 = VERTEX_POINT ( 'NONE', #1659 ) ;
#1219 = DIRECTION ( 'NONE',  ( -0.4999999999999952816, 0.4999999999999952816, -0.7071067811865541231 ) ) ;
#1220 = VERTEX_POINT ( 'NONE', #54 ) ;
#1221 = EDGE_LOOP ( 'NONE', ( #1534, #1711, #1753, #2336 ) ) ;
#1222 = VECTOR ( 'NONE', #459, 1000.000000000000114 ) ;
#1223 = AXIS2_PLACEMENT_3D ( 'NONE', #222, #2047, #1276 ) ;
#1224 = EDGE_LOOP ( 'NONE', ( #3121, #760, #3447, #1293 ) ) ;
#1225 = DIRECTION ( 'NONE',  ( -0.000000000000000000, -0.000000000000000000, -1.000000000000000000 ) ) ;
#1226 = ORIENTED_EDGE ( 'NONE', *, *, #3357, .T. ) ;
#1227 = LINE ( 'NONE', #2966, #939 ) ;
#1228 = DIRECTION ( 'NONE',  ( 0.000000000000000000, -0.000000000000000000, -1.000000000000000000 ) ) ;
#1229 = EDGE_CURVE ( 'NONE', #2773, #2087, #117, .T. ) ;
#1230 = CARTESIAN_POINT ( 'NONE',  ( -28.00000000000000000, -11.50000000000004619, -23.39999999999999858 ) ) ;
#1231 = DIRECTION ( 'NONE',  ( 0.000000000000000000, 1.000000000000000000, 0.000000000000000000 ) ) ;
#1232 = CYLINDRICAL_SURFACE ( 'NONE', #1223, 1.599999999999993872 ) ;
#1233 = DIRECTION ( 'NONE',  ( -0.000000000000000000, -0.000000000000000000, -1.000000000000000000 ) ) ;
#1234 = DIRECTION ( 'NONE',  ( -0.7071067811865437980, 0.7071067811865513475, -0.000000000000000000 ) ) ;
#1235 = VERTEX_POINT ( 'NONE', #605 ) ;
#1236 = EDGE_CURVE ( 'NONE', #2283, #996, #1770, .T. ) ;
#1237 = DIRECTION ( 'NONE',  ( 0.000000000000000000, -1.000000000000000000, 0.000000000000000000 ) ) ;
#1238 = DIRECTION ( 'NONE',  ( 1.000000000000000000, 1.577021341797097314E-16, -0.000000000000000000 ) ) ;
#1239 = DIRECTION ( 'NONE',  ( -1.577021341797097314E-16, 1.000000000000000000, 0.000000000000000000 ) ) ;
#1240 = DIRECTION ( 'NONE',  ( 0.7071067811865437980, 0.7071067811865513475, 0.000000000000000000 ) ) ;
#1241 = VECTOR ( 'NONE', #778, 1000.000000000000000 ) ;
#1242 = AXIS2_PLACEMENT_3D ( 'NONE', #2124, #2935, #2951 ) ;
#1243 = VECTOR ( 'NONE', #440, 1000.000000000000000 ) ;
#1244 = DIRECTION ( 'NONE',  ( 0.000000000000000000, 0.000000000000000000, -1.000000000000000000 ) ) ;
#1245 = AXIS2_PLACEMENT_3D ( 'NONE', #395, #902, #1153 ) ;
#1246 = EDGE_LOOP ( 'NONE', ( #723, #640, #529, #591 ) ) ;
#1247 = DIRECTION ( 'NONE',  ( 1.000000000000000000, 0.000000000000000000, 0.000000000000000000 ) ) ;
#1248 = DIRECTION ( 'NONE',  ( -1.000000000000000000, 0.000000000000000000, 0.000000000000000000 ) ) ;
#1249 = CARTESIAN_POINT ( 'NONE',  ( 15.49999999999989342, -13.23725830020305061, 0.5000000000000013323 ) ) ;
#1250 = VERTEX_POINT ( 'NONE', #91 ) ;
#1251 = VECTOR ( 'NONE', #1862, 1000.000000000000000 ) ;
#1252 = CARTESIAN_POINT ( 'NONE',  ( 28.00000000000000000, -20.99999999999999289, -22.90000000000005542 ) ) ;
#1253 = DIRECTION ( 'NONE',  ( -0.7071067811865491270, -0.7071067811865459074, 0.000000000000000000 ) ) ;
#1254 = DIRECTION ( 'NONE',  ( -0.7071067811865388020, 0.7071067811865561215, -0.000000000000000000 ) ) ;
#1255 = VERTEX_POINT ( 'NONE', #2150 ) ;
#1256 = DIRECTION ( 'NONE',  ( 1.538370149106844742E-15, 0.8164965809277299202, 0.5773502691896201799 ) ) ;
#1257 = VECTOR ( 'NONE', #2079, 1000.000000000000114 ) ;
#1258 = EDGE_CURVE ( 'NONE', #1094, #3123, #278, .T. ) ;
#1259 = CARTESIAN_POINT ( 'NONE',  ( -11.49999999999999645, 0.000000000000000000, 0.4999999999999952260 ) ) ;
#1260 = EDGE_CURVE ( 'NONE', #2959, #2556, #2390, .T. ) ;
#1261 = ORIENTED_EDGE ( 'NONE', *, *, #3102, .T. ) ;
#1262 = ORIENTED_EDGE ( 'NONE', *, *, #2137, .T. ) ;
#1263 = ORIENTED_EDGE ( 'NONE', *, *, #2078, .T. ) ;
#1264 = FACE_BOUND ( 'NONE', #2025, .T. ) ;
#1265 = AXIS2_PLACEMENT_3D ( 'NONE', #3152, #1822, #2839 ) ;
#1266 = CYLINDRICAL_SURFACE ( 'NONE', #860, 1.599999999999993872 ) ;
#1267 = CARTESIAN_POINT ( 'NONE',  ( 15.49999999999989164, -12.53015151901650626, 0.000000000000000000 ) ) ;
#1268 = CIRCLE ( 'NONE', #1136, 2.099999999999952571 ) ;
#1269 = DIRECTION ( 'NONE',  ( 0.000000000000000000, 0.000000000000000000, 1.000000000000000000 ) ) ;
#1270 = VERTEX_POINT ( 'NONE', #2409 ) ;
#1271 = CARTESIAN_POINT ( 'NONE',  ( 21.00000000000000355, -20.99999999999999645, -30.00000000000000000 ) ) ;
#1272 =( LENGTH_UNIT ( ) NAMED_UNIT ( * ) SI_UNIT ( .MILLI., .METRE. ) );
#1273 = DIRECTION ( 'NONE',  ( 0.7071067811865434649, 0.000000000000000000, 0.7071067811865516806 ) ) ;
#1274 = CARTESIAN_POINT ( 'NONE',  ( 16.63137084989848091, 16.63137084989857328, 0.5000000000000013323 ) ) ;
#1275 = AXIS2_PLACEMENT_3D ( 'NONE', #344, #612, #1115 ) ;
#1276 = DIRECTION ( 'NONE',  ( -1.000000000000000000, 0.000000000000000000, 0.000000000000000000 ) ) ;
#1277 = DIRECTION ( 'NONE',  ( 0.7071067811865491270, 0.7071067811865459074, 0.000000000000000000 ) ) ;
#1278 = EDGE_CURVE ( 'NONE', #2, #109, #2313, .T. ) ;
#1279 = ORIENTED_EDGE ( 'NONE', *, *, #3246, .F. ) ;
#1280 = CIRCLE ( 'NONE', #240, 11.99999999999998224 ) ;
#1281 = LINE ( 'NONE', #858, #365 ) ;
#1282 = DIRECTION ( 'NONE',  ( -0.7071067811865437980, 0.7071067811865513475, -0.000000000000000000 ) ) ;
#1283 = EDGE_LOOP ( 'NONE', ( #1289, #886, #2902, #3008 ) ) ;
#1284 = LINE ( 'NONE', #2052, #1360 ) ;
#1285 = CARTESIAN_POINT ( 'NONE',  ( -14.36862915010141073, 16.63137084989847025, 5.000000000000000000 ) ) ;
#1286 = CARTESIAN_POINT ( 'NONE',  ( -15.49999999999989342, -15.50000000000000178, 5.000000000000000000 ) ) ;
#1287 = AXIS2_PLACEMENT_3D ( 'NONE', #1840, #252, #2379 ) ;
#1288 = VERTEX_POINT ( 'NONE', #2735 ) ;
#1289 = ORIENTED_EDGE ( 'NONE', *, *, #903, .F. ) ;
#1290 = FACE_BOUND ( 'NONE', #2876, .T. ) ;
#1291 = DIRECTION ( 'NONE',  ( -0.000000000000000000, -0.000000000000000000, -1.000000000000000000 ) ) ;
#1292 = DIRECTION ( 'NONE',  ( 2.453269466693381858E-16, -0.7071067811865435759, -0.7071067811865515695 ) ) ;
#1293 = ORIENTED_EDGE ( 'NONE', *, *, #2759, .F. ) ;
#1294 = EDGE_CURVE ( 'NONE', #1844, #1125, #3028, .T. ) ;
#1295 = EDGE_LOOP ( 'NONE', ( #146, #2743, #1699, #2449 ) ) ;
#1296 = VECTOR ( 'NONE', #3162, 1000.000000000000000 ) ;
#1297 = DIRECTION ( 'NONE',  ( 0.000000000000000000, 0.000000000000000000, -1.000000000000000000 ) ) ;
#1298 = DIRECTION ( 'NONE',  ( -0.000000000000000000, -0.000000000000000000, -1.000000000000000000 ) ) ;
#1299 = EDGE_CURVE ( 'NONE', #2728, #2143, #2933, .T. ) ;
#1300 = ORIENTED_EDGE ( 'NONE', *, *, #3101, .T. ) ;
#1301 = EDGE_LOOP ( 'NONE', ( #3005, #1919, #2766, #1666 ) ) ;
#1302 = ORIENTED_EDGE ( 'NONE', *, *, #2689, .F. ) ;
#1303 = CARTESIAN_POINT ( 'NONE',  ( 33.00000000000000000, -10.99999999999998579, -27.99999999999999289 ) ) ;
#1304 = CARTESIAN_POINT ( 'NONE',  ( -31.00000000000000000, -11.00000000000000711, -27.99999999999999645 ) ) ;
#1305 = ORIENTED_EDGE ( 'NONE', *, *, #1574, .T. ) ;
#1306 = EDGE_LOOP ( 'NONE', ( #1910, #1781, #2793, #1913 ) ) ;
#1307 = CONICAL_SURFACE ( 'NONE', #2538, 1.600000000000000755, 0.7853981633974456145 ) ;
#1308 = ORIENTED_EDGE ( 'NONE', *, *, #2716, .F. ) ;
#1309 = DIRECTION ( 'NONE',  ( 0.000000000000000000, -0.000000000000000000, 1.000000000000000000 ) ) ;
#1310 = ORIENTED_EDGE ( 'NONE', *, *, #633, .F. ) ;
#1311 = EDGE_CURVE ( 'NONE', #522, #1250, #2230, .T. ) ;
#1312 = EDGE_CURVE ( 'NONE', #1235, #2826, #2764, .T. ) ;
#1313 = VECTOR ( 'NONE', #2696, 1000.000000000000114 ) ;
#1314 = AXIS2_PLACEMENT_3D ( 'NONE', #1879, #1070, #21 ) ;
#1315 = ORIENTED_EDGE ( 'NONE', *, *, #2759, .T. ) ;
#1316 = DIRECTION ( 'NONE',  ( 0.5000000000000000000, 0.5000000000000000000, -0.7071067811865475727 ) ) ;
#1317 = FACE_OUTER_BOUND ( 'NONE', #175, .T. ) ;
#1318 = AXIS2_PLACEMENT_3D ( 'NONE', #2355, #2066, #784 ) ;
#1319 = CARTESIAN_POINT ( 'NONE',  ( -33.00000000000000000, -11.00000000000000711, 5.000000000000000000 ) ) ;
#1320 = CARTESIAN_POINT ( 'NONE',  ( 0.000000000000000000, 0.000000000000000000, -30.00000000000000000 ) ) ;
#1321 = CARTESIAN_POINT ( 'NONE',  ( 15.49999999999989342, 17.76274169979696538, 4.500000000000007994 ) ) ;
#1322 = CARTESIAN_POINT ( 'NONE',  ( -11.49999999999999645, 0.000000000000000000, 4.500000000000009770 ) ) ;
#1323 = EDGE_LOOP ( 'NONE', ( #3299, #2828, #2827, #1874 ) ) ;
#1324 = AXIS2_PLACEMENT_3D ( 'NONE', #1525, #183, #2840 ) ;
#1325 = CIRCLE ( 'NONE', #1021, 1.600000000000000755 ) ;
#1326 = CARTESIAN_POINT ( 'NONE',  ( -16.63137084989837078, -14.36862915010152086, 4.500000000000000888 ) ) ;
#1327 = CIRCLE ( 'NONE', #2096, 2.100000000000011635 ) ;
#1328 = ORIENTED_EDGE ( 'NONE', *, *, #2256, .T. ) ;
#1329 = VERTEX_POINT ( 'NONE', #1199 ) ;
#1330 = AXIS2_PLACEMENT_3D ( 'NONE', #582, #2427, #1409 ) ;
#1331 = CARTESIAN_POINT ( 'NONE',  ( 16.98492424049175042, 16.98492424049183569, 0.000000000000000000 ) ) ;
#1332 = DIRECTION ( 'NONE',  ( -0.7071067811865437980, -0.7071067811865513475, 0.000000000000000000 ) ) ;
#1333 = CARTESIAN_POINT ( 'NONE',  ( -15.49999999999989342, -13.23725830020305061, 0.4999999999999901190 ) ) ;
#1334 = ORIENTED_EDGE ( 'NONE', *, *, #3074, .T. ) ;
#1335 = DIRECTION ( 'NONE',  ( -1.000000000000000000, -1.652117596168388002E-16, -0.000000000000000000 ) ) ;
#1336 = ADVANCED_FACE ( 'NONE', ( #1688 ), #786, .F. ) ;
#1337 = CIRCLE ( 'NONE', #2497, 1.600000000000004086 ) ;
#1338 = DIRECTION ( 'NONE',  ( 0.000000000000000000, 0.000000000000000000, 1.000000000000000000 ) ) ;
#1339 = EDGE_CURVE ( 'NONE', #98, #2127, #909, .T. ) ;
#1340 = ORIENTED_EDGE ( 'NONE', *, *, #3436, .T. ) ;
#1341 = VERTEX_POINT ( 'NONE', #1697 ) ;
#1342 = EDGE_CURVE ( 'NONE', #312, #236, #1736, .T. ) ;
#1343 = ORIENTED_EDGE ( 'NONE', *, *, #3370, .F. ) ;
#1344 = FACE_OUTER_BOUND ( 'NONE', #3168, .T. ) ;
#1345 = CARTESIAN_POINT ( 'NONE',  ( -21.00000000000000000, 21.00000000000000000, 5.000000000000000000 ) ) ;
#1346 = CARTESIAN_POINT ( 'NONE',  ( 14.01507575950825846, -14.01507575950835971, 5.000000000000000000 ) ) ;
#1347 = ORIENTED_EDGE ( 'NONE', *, *, #39, .T. ) ;
#1348 = CIRCLE ( 'NONE', #616, 11.49999999999999645 ) ;
#1349 = FACE_OUTER_BOUND ( 'NONE', #1708, .T. ) ;
#1350 = ORIENTED_EDGE ( 'NONE', *, *, #3283, .F. ) ;
#1351 = CARTESIAN_POINT ( 'NONE',  ( -8.131727983645342661, 8.131727983645250291, 4.500000000000009770 ) ) ;
#1352 = DIRECTION ( 'NONE',  ( -0.000000000000000000, -1.000000000000000000, -0.000000000000000000 ) ) ;
#1353 = CARTESIAN_POINT ( 'NONE',  ( 17.60000000000009024, 15.50000000000000533, 0.000000000000000000 ) ) ;
#1354 = ADVANCED_FACE ( 'NONE', ( #202 ), #1707, .T. ) ;
#1355 = VERTEX_POINT ( 'NONE', #1190 ) ;
#1356 = CIRCLE ( 'NONE', #3020, 11.49999999999999645 ) ;
#1357 = VECTOR ( 'NONE', #3320, 1000.000000000000000 ) ;
#1358 = DIRECTION ( 'NONE',  ( -0.000000000000000000, 1.000000000000000000, -0.000000000000000000 ) ) ;
#1359 = ORIENTED_EDGE ( 'NONE', *, *, #946, .F. ) ;
#1360 = VECTOR ( 'NONE', #2890, 999.9999999999998863 ) ;
#1361 = VECTOR ( 'NONE', #3378, 1000.000000000000000 ) ;
#1362 = LINE ( 'NONE', #2308, #2235 ) ;
#1363 = DIRECTION ( 'NONE',  ( 1.000000000000000000, 0.000000000000000000, 0.000000000000000000 ) ) ;
#1364 = ORIENTED_EDGE ( 'NONE', *, *, #1172, .T. ) ;
#1365 = LINE ( 'NONE', #649, #745 ) ;
#1366 = ORIENTED_EDGE ( 'NONE', *, *, #836, .F. ) ;
#1367 = EDGE_CURVE ( 'NONE', #2747, #3277, #370, .T. ) ;
#1368 = EDGE_CURVE ( 'NONE', #505, #648, #1168, .T. ) ;
#1369 = AXIS2_PLACEMENT_3D ( 'NONE', #1816, #502, #3411 ) ;
#1370 = ORIENTED_EDGE ( 'NONE', *, *, #3059, .T. ) ;
#1371 = CARTESIAN_POINT ( 'NONE',  ( -15.49999999999989342, 15.50000000000000000, 0.4999999999999978351 ) ) ;
#1372 = CIRCLE ( 'NONE', #1026, 2.099999999999981881 ) ;
#1373 = ADVANCED_FACE ( 'NONE', ( #2940 ), #657, .T. ) ;
#1374 = ORIENTED_EDGE ( 'NONE', *, *, #1829, .T. ) ;
#1375 = AXIS2_PLACEMENT_3D ( 'NONE', #417, #149, #3063 ) ;
#1376 = DIRECTION ( 'NONE',  ( 0.000000000000000000, 0.000000000000000000, 1.000000000000000000 ) ) ;
#1377 = DIRECTION ( 'NONE',  ( -0.7071067811865491270, 0.7071067811865459074, -0.000000000000000000 ) ) ;
#1378 = DIRECTION ( 'NONE',  ( -0.7071067811865437980, 0.7071067811865513475, -0.000000000000000000 ) ) ;
#1379 = ORIENTED_EDGE ( 'NONE', *, *, #688, .T. ) ;
#1380 = VERTEX_POINT ( 'NONE', #2031 ) ;
#1381 = ORIENTED_EDGE ( 'NONE', *, *, #810, .T. ) ;
#1382 = ORIENTED_EDGE ( 'NONE', *, *, #3370, .T. ) ;
#1383 = CARTESIAN_POINT ( 'NONE',  ( 0.000000000000000000, 0.000000000000000000, 0.000000000000000000 ) ) ;
#1384 = FACE_OUTER_BOUND ( 'NONE', #2163, .T. ) ;
#1385 = EDGE_LOOP ( 'NONE', ( #1752, #3017, #3081, #1081 ) ) ;
#1386 = DIRECTION ( 'NONE',  ( -0.000000000000000000, -0.000000000000000000, -1.000000000000000000 ) ) ;
#1387 = CIRCLE ( 'NONE', #1464, 1.599999999999992095 ) ;
#1388 = AXIS2_PLACEMENT_3D ( 'NONE', #169, #681, #3368 ) ;
#1389 = EDGE_CURVE ( 'NONE', #3046, #3228, #2512, .T. ) ;
#1390 = DIRECTION ( 'NONE',  ( 0.7071067811865532349, 0.000000000000000000, 0.7071067811865417996 ) ) ;
#1391 = FACE_OUTER_BOUND ( 'NONE', #213, .T. ) ;
#1392 = DIRECTION ( 'NONE',  ( 0.000000000000000000, 0.000000000000000000, -1.000000000000000000 ) ) ;
#1393 = ADVANCED_FACE ( 'NONE', ( #1943 ), #2817, .T. ) ;
#1394 = CONICAL_SURFACE ( 'NONE', #2920, 1.600000000000000755, 0.7853981633974456145 ) ;
#1395 = AXIS2_PLACEMENT_3D ( 'NONE', #768, #1568, #526 ) ;
#1396 = ORIENTED_EDGE ( 'NONE', *, *, #1312, .T. ) ;
#1397 = CARTESIAN_POINT ( 'NONE',  ( -15.49999999999989342, 17.76274169979696538, 0.4999999999999979461 ) ) ;
#1398 = EDGE_CURVE ( 'NONE', #2453, #1741, #1405, .T. ) ;
#1399 = CARTESIAN_POINT ( 'NONE',  ( -27.99999999999998934, -21.00000000000000355, -11.59999999999999964 ) ) ;
#1400 = ORIENTED_EDGE ( 'NONE', *, *, #1229, .T. ) ;
#1401 = ORIENTED_EDGE ( 'NONE', *, *, #3436, .F. ) ;
#1402 = VECTOR ( 'NONE', #3399, 1000.000000000000000 ) ;
#1403 = EDGE_CURVE ( 'NONE', #1427, #1255, #1121, .T. ) ;
#1404 = ADVANCED_FACE ( 'NONE', ( #2639 ), #528, .F. ) ;
#1405 = LINE ( 'NONE', #2564, #1243 ) ;
#1406 = DIRECTION ( 'NONE',  ( -0.7071067811865434649, -0.7071067811865516806, 0.000000000000000000 ) ) ;
#1407 = VERTEX_POINT ( 'NONE', #1776 ) ;
#1408 = DIRECTION ( 'NONE',  ( 1.000000000000000000, 0.000000000000000000, 0.000000000000000000 ) ) ;
#1409 = DIRECTION ( 'NONE',  ( -1.000000000000000000, 0.000000000000000000, 0.000000000000000000 ) ) ;
#1410 = VERTEX_POINT ( 'NONE', #2019 ) ;
#1411 = VERTEX_POINT ( 'NONE', #2282 ) ;
#1412 = CARTESIAN_POINT ( 'NONE',  ( -15.49999999999989342, -15.50000000000000178, 0.4999999999999917843 ) ) ;
#1413 = DIRECTION ( 'NONE',  ( -0.7071067811865532349, 8.659560562355003116E-17, 0.7071067811865417996 ) ) ;
#1414 = VERTEX_POINT ( 'NONE', #3387 ) ;
#1415 = SHAPE_DEFINITION_REPRESENTATION ( #1821, #1672 ) ;
#1416 = AXIS2_PLACEMENT_3D ( 'NONE', #3427, #474, #763 ) ;
#1417 = PLANE ( 'NONE',  #3356 ) ;
#1418 = DIRECTION ( 'NONE',  ( 0.7071067811865388020, -0.7071067811865561215, 0.000000000000000000 ) ) ;
#1419 = ORIENTED_EDGE ( 'NONE', *, *, #297, .F. ) ;
#1420 = DIRECTION ( 'NONE',  ( 0.000000000000000000, 0.000000000000000000, 1.000000000000000000 ) ) ;
#1421 = AXIS2_PLACEMENT_3D ( 'NONE', #137, #3349, #1993 ) ;
#1422 = EDGE_LOOP ( 'NONE', ( #964, #1315 ) ) ;
#1423 = CIRCLE ( 'NONE', #2605, 2.100000000000011635 ) ;
#1424 = CARTESIAN_POINT ( 'NONE',  ( 11.49999999999999645, 1.408343819019455781E-15, 5.000000000000000000 ) ) ;
#1425 = CARTESIAN_POINT ( 'NONE',  ( -1.484924240491648728, 1.484924240491655834, 0.000000000000000000 ) ) ;
#1426 = ADVANCED_FACE ( 'NONE', ( #1815 ), #913, .F. ) ;
#1427 = VERTEX_POINT ( 'NONE', #419 ) ;
#1428 = VERTEX_POINT ( 'NONE', #1788 ) ;
#1429 = CONICAL_SURFACE ( 'NONE', #374, 1.599999999999997202, 0.7853981633974427279 ) ;
#1430 = ORIENTED_EDGE ( 'NONE', *, *, #1964, .T. ) ;
#1431 = CYLINDRICAL_SURFACE ( 'NONE', #1679, 1.600000000000002531 ) ;
#1432 = ORIENTED_EDGE ( 'NONE', *, *, #191, .F. ) ;
#1433 = CARTESIAN_POINT ( 'NONE',  ( 14.36862915010141784, -14.36862915010152086, 4.500000000000004441 ) ) ;
#1434 = CARTESIAN_POINT ( 'NONE',  ( 28.00000000000000355, -20.50000000000004974, -11.60000000000000320 ) ) ;
#1435 = FACE_OUTER_BOUND ( 'NONE', #1295, .T. ) ;
#1436 = CARTESIAN_POINT ( 'NONE',  ( 8.131727983645337332, 8.131727983645248514, 5.000000000000000000 ) ) ;
#1437 = EDGE_CURVE ( 'NONE', #1779, #2789, #416, .T. ) ;
#1438 = VERTEX_POINT ( 'NONE', #1487 ) ;
#1439 = EDGE_CURVE ( 'NONE', #2787, #2087, #3154, .T. ) ;
#1440 = PRODUCT_DEFINITION_CONTEXT ( 'detailed design', #729, 'design' ) ;
#1441 = CARTESIAN_POINT ( 'NONE',  ( -27.99999999999998934, -11.50000000000004619, -8.399999999999995026 ) ) ;
#1442 = AXIS2_PLACEMENT_3D ( 'NONE', #2440, #1696, #114 ) ;
#1443 = ADVANCED_FACE ( 'NONE', ( #3190 ), #982, .F. ) ;
#1444 = PLANE ( 'NONE',  #1652 ) ;
#1445 = DIRECTION ( 'NONE',  ( -0.000000000000000000, -1.000000000000000000, -0.000000000000000000 ) ) ;
#1446 = VERTEX_POINT ( 'NONE', #158 ) ;
#1447 = CIRCLE ( 'NONE', #882, 2.100000000000011635 ) ;
#1448 = VECTOR ( 'NONE', #636, 1000.000000000000000 ) ;
#1449 = DIRECTION ( 'NONE',  ( -0.000000000000000000, -1.000000000000000000, -0.000000000000000000 ) ) ;
#1450 = ORIENTED_EDGE ( 'NONE', *, *, #2055, .T. ) ;
#1451 = ORIENTED_EDGE ( 'NONE', *, *, #1389, .T. ) ;
#1452 = VECTOR ( 'NONE', #1573, 1000.000000000000000 ) ;
#1453 = LINE ( 'NONE', #1346, #3322 ) ;
#1454 = LINE ( 'NONE', #1739, #2942 ) ;
#1455 = FACE_OUTER_BOUND ( 'NONE', #2697, .T. ) ;
#1456 = CARTESIAN_POINT ( 'NONE',  ( 14.01507575950824425, 16.98492424049163319, 0.000000000000000000 ) ) ;
#1457 = AXIS2_PLACEMENT_3D ( 'NONE', #1463, #1987, #2258 ) ;
#1458 = DIRECTION ( 'NONE',  ( -1.000000000000000000, 0.000000000000000000, 0.000000000000000000 ) ) ;
#1459 = EDGE_CURVE ( 'NONE', #2068, #1627, #994, .T. ) ;
#1460 = DIRECTION ( 'NONE',  ( 1.000000000000000000, 0.000000000000000000, 0.000000000000000000 ) ) ;
#1461 = PLANE ( 'NONE',  #153 ) ;
#1462 = ORIENTED_EDGE ( 'NONE', *, *, #334, .T. ) ;
#1463 = CARTESIAN_POINT ( 'NONE',  ( 0.000000000000000000, 0.000000000000000000, 0.000000000000000000 ) ) ;
#1464 = AXIS2_PLACEMENT_3D ( 'NONE', #1634, #1376, #48 ) ;
#1465 = DIRECTION ( 'NONE',  ( 1.000000000000000000, 0.000000000000000000, 0.000000000000000000 ) ) ;
#1466 = ORIENTED_EDGE ( 'NONE', *, *, #2990, .F. ) ;
#1467 = VERTEX_POINT ( 'NONE', #3104 ) ;
#1468 = CARTESIAN_POINT ( 'NONE',  ( -14.36862915010141784, -14.36862915010152086, 5.000000000000000000 ) ) ;
#1469 = ORIENTED_EDGE ( 'NONE', *, *, #2224, .F. ) ;
#1470 = EDGE_CURVE ( 'NONE', #1329, #2608, #3034, .T. ) ;
#1471 = CARTESIAN_POINT ( 'NONE',  ( -28.00000000000000000, -11.50000000000004619, -24.99999999999999645 ) ) ;
#1472 = ORIENTED_EDGE ( 'NONE', *, *, #283, .F. ) ;
#1473 = VECTOR ( 'NONE', #190, 1000.000000000000114 ) ;
#1474 = DIRECTION ( 'NONE',  ( 0.000000000000000000, -0.000000000000000000, -1.000000000000000000 ) ) ;
#1475 = EDGE_LOOP ( 'NONE', ( #2491, #295, #1905, #1014 ) ) ;
#1476 = EDGE_LOOP ( 'NONE', ( #1890, #2980, #461, #1866 ) ) ;
#1477 = LINE ( 'NONE', #2963, #1510 ) ;
#1478 = ORIENTED_EDGE ( 'NONE', *, *, #317, .F. ) ;
#1479 = EDGE_CURVE ( 'NONE', #2127, #206, #3446, .T. ) ;
#1480 = FACE_OUTER_BOUND ( 'NONE', #2209, .T. ) ;
#1481 = CARTESIAN_POINT ( 'NONE',  ( -15.14644660940663101, -12.88370490960978465, 0.000000000000000000 ) ) ;
#1482 = LINE ( 'NONE', #581, #2095 ) ;
#1483 = DIRECTION ( 'NONE',  ( 0.000000000000000000, 0.000000000000000000, -1.000000000000000000 ) ) ;
#1484 = CARTESIAN_POINT ( 'NONE',  ( 15.50000000000010125, 15.50000000000000533, 0.5000000000000013323 ) ) ;
#1485 = EDGE_CURVE ( 'NONE', #2521, #1411, #1209, .T. ) ;
#1486 = EDGE_CURVE ( 'NONE', #1886, #824, #1042, .T. ) ;
#1487 = CARTESIAN_POINT ( 'NONE',  ( -14.01507575950815365, -14.01507575950825490, 0.000000000000000000 ) ) ;
#1488 = AXIS2_PLACEMENT_3D ( 'NONE', #2216, #899, #2484 ) ;
#1489 = ORIENTED_EDGE ( 'NONE', *, *, #2632, .T. ) ;
#1490 = EDGE_LOOP ( 'NONE', ( #20, #941, #1777, #1825 ) ) ;
#1491 = FACE_OUTER_BOUND ( 'NONE', #2206, .T. ) ;
#1492 = CYLINDRICAL_SURFACE ( 'NONE', #737, 11.49999999999999645 ) ;
#1493 = DIRECTION ( 'NONE',  ( 0.000000000000000000, 1.000000000000000000, 0.000000000000000000 ) ) ;
#1494 = CARTESIAN_POINT ( 'NONE',  ( -15.49999999999989342, 15.50000000000000000, 5.000000000000000000 ) ) ;
#1495 = VECTOR ( 'NONE', #2496, 1000.000000000000114 ) ;
#1496 = DIRECTION ( 'NONE',  ( -0.7071067811865388020, 0.7071067811865561215, -0.000000000000000000 ) ) ;
#1497 = CARTESIAN_POINT ( 'NONE',  ( 15.50000000000010658, -15.49999999999998757, 5.000000000000000000 ) ) ;
#1498 = ORIENTED_EDGE ( 'NONE', *, *, #1758, .T. ) ;
#1499 = ORIENTED_EDGE ( 'NONE', *, *, #480, .T. ) ;
#1500 = CARTESIAN_POINT ( 'NONE',  ( -27.99999999999998934, -11.50000000000004619, -9.999999999999996447 ) ) ;
#1501 = DIRECTION ( 'NONE',  ( -0.000000000000000000, 0.000000000000000000, 1.000000000000000000 ) ) ;
#1502 = CARTESIAN_POINT ( 'NONE',  ( -20.99999999999999645, -21.00000000000000000, 0.000000000000000000 ) ) ;
#1503 = ORIENTED_EDGE ( 'NONE', *, *, #436, .T. ) ;
#1504 = LINE ( 'NONE', #1399, #2344 ) ;
#1505 = AXIS2_PLACEMENT_3D ( 'NONE', #3361, #2570, #725 ) ;
#1506 = ORIENTED_EDGE ( 'NONE', *, *, #454, .F. ) ;
#1507 = ORIENTED_EDGE ( 'NONE', *, *, #2294, .T. ) ;
#1508 = CARTESIAN_POINT ( 'NONE',  ( -17.59999999999990905, 15.50000000000000000, 5.000000000000000000 ) ) ;
#1509 = ORIENTED_EDGE ( 'NONE', *, *, #2783, .T. ) ;
#1510 = VECTOR ( 'NONE', #2437, 1000.000000000000000 ) ;
#1511 = CARTESIAN_POINT ( 'NONE',  ( 13.90000000000010338, 15.50000000000000533, 0.5000000000000013323 ) ) ;
#1512 = EDGE_LOOP ( 'NONE', ( #2477, #1584, #3147, #2640 ) ) ;
#1513 = CARTESIAN_POINT ( 'NONE',  ( 3.816391647148975608E-14, 10.84230397819368363, 0.6666666666665984620 ) ) ;
#1514 = FACE_OUTER_BOUND ( 'NONE', #667, .T. ) ;
#1515 = CONICAL_SURFACE ( 'NONE', #1583, 2.099999999999988987, 0.7853981633974391752 ) ;
#1516 = DIRECTION ( 'NONE',  ( 8.659560562354953812E-17, -0.7071067811865457964, 0.7071067811865492381 ) ) ;
#1517 = ORIENTED_EDGE ( 'NONE', *, *, #1486, .T. ) ;
#1518 = EDGE_CURVE ( 'NONE', #2085, #1173, #1078, .T. ) ;
#1519 = DIRECTION ( 'NONE',  ( 1.000000000000000000, 0.000000000000000000, 0.000000000000000000 ) ) ;
#1520 = SURFACE_STYLE_USAGE ( .BOTH. , #1778 ) ;
#1521 = EDGE_CURVE ( 'NONE', #2561, #966, #2432, .T. ) ;
#1522 = DIRECTION ( 'NONE',  ( -0.000000000000000000, -0.000000000000000000, -1.000000000000000000 ) ) ;
#1523 = ORIENTED_EDGE ( 'NONE', *, *, #2848, .T. ) ;
#1524 = ORIENTED_EDGE ( 'NONE', *, *, #3315, .F. ) ;
#1525 = CARTESIAN_POINT ( 'NONE',  ( 28.00000000000000000, -21.00000000000000355, -24.99999999999999645 ) ) ;
#1526 = FACE_OUTER_BOUND ( 'NONE', #179, .T. ) ;
#1527 = VECTOR ( 'NONE', #1933, 1000.000000000000000 ) ;
#1528 = VERTEX_POINT ( 'NONE', #2164 ) ;
#1529 = ORIENTED_EDGE ( 'NONE', *, *, #24, .F. ) ;
#1530 = CIRCLE ( 'NONE', #2304, 2.100000000000011635 ) ;
#1531 = DIRECTION ( 'NONE',  ( -1.577021341797097314E-16, 1.000000000000000000, 0.000000000000000000 ) ) ;
#1532 = PLANE ( 'NONE',  #2756 ) ;
#1533 = FACE_OUTER_BOUND ( 'NONE', #2486, .T. ) ;
#1534 = ORIENTED_EDGE ( 'NONE', *, *, #1721, .F. ) ;
#1535 = ORIENTED_EDGE ( 'NONE', *, *, #534, .F. ) ;
#1536 = VECTOR ( 'NONE', #1088, 1000.000000000000114 ) ;
#1537 = DIRECTION ( 'NONE',  ( 1.000000000000000000, 0.000000000000000000, 0.000000000000000000 ) ) ;
#1538 = DIRECTION ( 'NONE',  ( -0.000000000000000000, -0.000000000000000000, -1.000000000000000000 ) ) ;
#1539 = VERTEX_POINT ( 'NONE', #275 ) ;
#1540 = LINE ( 'NONE', #1616, #2865 ) ;
#1541 = DIRECTION ( 'NONE',  ( -0.7071067811865532349, 8.659560562355003116E-17, 0.7071067811865417996 ) ) ;
#1542 = CARTESIAN_POINT ( 'NONE',  ( 14.01507575950814655, -14.01507575950824602, 0.000000000000000000 ) ) ;
#1543 = CARTESIAN_POINT ( 'NONE',  ( -16.63137084989837788, 16.63137084989847025, 5.000000000000000000 ) ) ;
#1544 = EDGE_CURVE ( 'NONE', #3123, #520, #2358, .T. ) ;
#1545 = CARTESIAN_POINT ( 'NONE',  ( 15.50000000000010658, -15.49999999999998757, 4.500000000000004441 ) ) ;
#1546 = EDGE_CURVE ( 'NONE', #2695, #2947, #2234, .T. ) ;
#1547 = ORIENTED_EDGE ( 'NONE', *, *, #2179, .F. ) ;
#1548 = VERTEX_POINT ( 'NONE', #2394 ) ;
#1549 = VECTOR ( 'NONE', #178, 1000.000000000000000 ) ;
#1550 = CARTESIAN_POINT ( 'NONE',  ( -23.00000000000000000, 0.000000000000000000, -27.99999999999999645 ) ) ;
#1551 = AXIS2_PLACEMENT_3D ( 'NONE', #1743, #2800, #2280 ) ;
#1552 = ADVANCED_FACE ( 'NONE', ( #3278 ), #814, .T. ) ;
#1553 = LINE ( 'NONE', #2714, #1145 ) ;
#1554 = DIRECTION ( 'NONE',  ( -0.5000000000000013323, -0.5000000000000035527, -0.7071067811865442421 ) ) ;
#1555 = CONICAL_SURFACE ( 'NONE', #1245, 2.099999999999931699, 0.7853981633974471688 ) ;
#1556 = DIRECTION ( 'NONE',  ( 0.000000000000000000, 1.000000000000000000, 0.000000000000000000 ) ) ;
#1557 = FACE_OUTER_BOUND ( 'NONE', #3050, .T. ) ;
#1558 = DIRECTION ( 'NONE',  ( -0.000000000000000000, 1.000000000000000000, -0.000000000000000000 ) ) ;
#1559 = EDGE_CURVE ( 'NONE', #2521, #765, #1774, .T. ) ;
#1560 = LINE ( 'NONE', #671, #2851 ) ;
#1561 = PLANE ( 'NONE',  #2717 ) ;
#1562 = CARTESIAN_POINT ( 'NONE',  ( -15.49999999999989342, -13.23725830020305061, 4.500000000000000888 ) ) ;
#1563 = LINE ( 'NONE', #531, #32 ) ;
#1564 = LINE ( 'NONE', #2872, #659 ) ;
#1565 = CARTESIAN_POINT ( 'NONE',  ( 15.50000000000010125, 15.50000000000000533, 4.500000000000007994 ) ) ;
#1566 = CARTESIAN_POINT ( 'NONE',  ( 15.50000000000010658, -15.49999999999998757, 5.000000000000000000 ) ) ;
#1567 = CONICAL_SURFACE ( 'NONE', #787, 2.099999999999988987, 0.7853981633974428389 ) ;
#1568 = DIRECTION ( 'NONE',  ( -0.000000000000000000, -1.000000000000000000, -0.000000000000000000 ) ) ;
#1569 = ORIENTED_EDGE ( 'NONE', *, *, #1914, .T. ) ;
#1570 = CARTESIAN_POINT ( 'NONE',  ( 15.49999999999989342, 17.76274169979696538, 0.4999999999999998890 ) ) ;
#1571 = DIRECTION ( 'NONE',  ( 0.000000000000000000, -1.000000000000000000, 0.000000000000000000 ) ) ;
#1572 = CARTESIAN_POINT ( 'NONE',  ( 15.50000000000010125, 15.50000000000000533, 0.000000000000000000 ) ) ;
#1573 = DIRECTION ( 'NONE',  ( -0.000000000000000000, 1.000000000000000000, -0.000000000000000000 ) ) ;
#1574 = EDGE_CURVE ( 'NONE', #2909, #50, #2022, .T. ) ;
#1575 = ORIENTED_EDGE ( 'NONE', *, *, #3078, .T. ) ;
#1576 = DIRECTION ( 'NONE',  ( 8.659560562354908206E-17, -0.7071067811865493491, 0.7071067811865455743 ) ) ;
#1577 = CARTESIAN_POINT ( 'NONE',  ( 15.50000000000010125, 15.50000000000000533, 0.000000000000000000 ) ) ;
#1578 = ORIENTED_EDGE ( 'NONE', *, *, #2342, .F. ) ;
#1579 = CIRCLE ( 'NONE', #2905, 2.099999999999942357 ) ;
#1580 = EDGE_LOOP ( 'NONE', ( #2041, #2271, #35, #569, #562 ) ) ;
#1581 = ORIENTED_EDGE ( 'NONE', *, *, #2255, .T. ) ;
#1582 = FACE_OUTER_BOUND ( 'NONE', #734, .T. ) ;
#1583 = AXIS2_PLACEMENT_3D ( 'NONE', #2100, #2625, #1011 ) ;
#1584 = ORIENTED_EDGE ( 'NONE', *, *, #2489, .T. ) ;
#1585 = DIRECTION ( 'NONE',  ( -0.000000000000000000, -0.000000000000000000, -1.000000000000000000 ) ) ;
#1586 = DIRECTION ( 'NONE',  ( 1.000000000000000000, 0.000000000000000000, 0.000000000000000000 ) ) ;
#1587 = CIRCLE ( 'NONE', #564, 2.099999999999990763 ) ;
#1588 = AXIS2_PLACEMENT_3D ( 'NONE', #1494, #1783, #3359 ) ;
#1589 = CYLINDRICAL_SURFACE ( 'NONE', #1608, 1.600000000000002531 ) ;
#1590 = DIRECTION ( 'NONE',  ( 0.000000000000000000, 1.000000000000000000, 0.000000000000000000 ) ) ;
#1591 = CARTESIAN_POINT ( 'NONE',  ( -15.49999999999989342, 17.76274169979696538, 4.499999999999998224 ) ) ;
#1592 = ORIENTED_EDGE ( 'NONE', *, *, #2274, .T. ) ;
#1593 = CARTESIAN_POINT ( 'NONE',  ( -17.59999999999988773, 15.50000000000000000, 0.000000000000000000 ) ) ;
#1594 = CARTESIAN_POINT ( 'NONE',  ( 15.50000000000010125, 15.50000000000000533, 4.500000000000007994 ) ) ;
#1595 = DIRECTION ( 'NONE',  ( 0.000000000000000000, 0.000000000000000000, -1.000000000000000000 ) ) ;
#1596 = LINE ( 'NONE', #2504, #819 ) ;
#1597 = DIRECTION ( 'NONE',  ( 0.000000000000000000, 0.000000000000000000, 1.000000000000000000 ) ) ;
#1598 = VECTOR ( 'NONE', #3296, 1000.000000000000000 ) ;
#1599 = AXIS2_PLACEMENT_3D ( 'NONE', #2973, #862, #335 ) ;
#1600 = ORIENTED_EDGE ( 'NONE', *, *, #2397, .T. ) ;
#1601 = EDGE_CURVE ( 'NONE', #389, #298, #694, .T. ) ;
#1602 = ORIENTED_EDGE ( 'NONE', *, *, #465, .F. ) ;
#1603 = FACE_OUTER_BOUND ( 'NONE', #1878, .T. ) ;
#1604 = ORIENTED_EDGE ( 'NONE', *, *, #145, .F. ) ;
#1605 = DIRECTION ( 'NONE',  ( 0.000000000000000000, -1.000000000000000000, 0.000000000000000000 ) ) ;
#1606 = ORIENTED_EDGE ( 'NONE', *, *, #1559, .T. ) ;
#1607 = ADVANCED_FACE ( 'NONE', ( #496 ), #2111, .F. ) ;
#1608 = AXIS2_PLACEMENT_3D ( 'NONE', #1807, #2102, #2854 ) ;
#1609 = ORIENTED_EDGE ( 'NONE', *, *, #2324, .T. ) ;
#1610 = CARTESIAN_POINT ( 'NONE',  ( 28.00000000000000355, -11.50000000000004619, -10.00000000000000000 ) ) ;
#1611 = CARTESIAN_POINT ( 'NONE',  ( 14.01507575950824780, 16.98492424049162963, 5.000000000000000000 ) ) ;
#1612 = EDGE_LOOP ( 'NONE', ( #115, #481 ) ) ;
#1613 = EDGE_LOOP ( 'NONE', ( #875, #2493, #655, #579 ) ) ;
#1614 = CARTESIAN_POINT ( 'NONE',  ( 15.49999999999989342, -13.52010101267764952, 0.6999999999999884093 ) ) ;
#1615 = ORIENTED_EDGE ( 'NONE', *, *, #1740, .T. ) ;
#1616 = CARTESIAN_POINT ( 'NONE',  ( -14.01507575950812878, 16.98492424049175042, 5.000000000000000000 ) ) ;
#1617 = DIRECTION ( 'NONE',  ( -3.469446951953609751E-16, 1.000000000000000000, 0.000000000000000000 ) ) ;
#1618 = AXIS2_PLACEMENT_3D ( 'NONE', #1304, #1558, #3120 ) ;
#1619 = ORIENTED_EDGE ( 'NONE', *, *, #1720, .T. ) ;
#1620 = ORIENTED_EDGE ( 'NONE', *, *, #2638, .T. ) ;
#1621 = EDGE_CURVE ( 'NONE', #1192, #2867, #1327, .T. ) ;
#1622 = CYLINDRICAL_SURFACE ( 'NONE', #2384, 1.599999999999997202 ) ;
#1623 = CARTESIAN_POINT ( 'NONE',  ( -27.99999999999998934, -21.00000000000000355, -9.999999999999996447 ) ) ;
#1624 = ADVANCED_FACE ( 'NONE', ( #1603 ), #373, .T. ) ;
#1625 = EDGE_LOOP ( 'NONE', ( #2077, #3030, #133, #2210 ) ) ;
#1626 = CIRCLE ( 'NONE', #542, 2.099999999999983658 ) ;
#1627 = VERTEX_POINT ( 'NONE', #1662 ) ;
#1628 = CARTESIAN_POINT ( 'NONE',  ( -14.36862915010141073, 16.63137084989847025, 0.4999999999999991673 ) ) ;
#1629 = AXIS2_PLACEMENT_3D ( 'NONE', #2456, #905, #2467 ) ;
#1630 = VECTOR ( 'NONE', #2831, 1000.000000000000000 ) ;
#1631 = DIRECTION ( 'NONE',  ( 0.000000000000000000, 1.000000000000000000, 0.000000000000000000 ) ) ;
#1632 = EDGE_LOOP ( 'NONE', ( #1104, #1575 ) ) ;
#1633 = DIRECTION ( 'NONE',  ( 1.000000000000000000, 0.000000000000000000, 0.000000000000000000 ) ) ;
#1634 = CARTESIAN_POINT ( 'NONE',  ( 15.50000000000010658, -15.49999999999998757, 4.500000000000004441 ) ) ;
#1635 = ADVANCED_FACE ( 'NONE', ( #2475 ), #1417, .F. ) ;
#1636 = EDGE_CURVE ( 'NONE', #1467, #1741, #3109, .T. ) ;
#1637 = CARTESIAN_POINT ( 'NONE',  ( -28.00000000000000000, -21.00000000000000355, -24.99999999999999645 ) ) ;
#1638 = CARTESIAN_POINT ( 'NONE',  ( 13.90000000000011227, -15.49999999999998757, 0.5000000000000013323 ) ) ;
#1639 = CARTESIAN_POINT ( 'NONE',  ( -14.01507575950814122, -14.01507575950824069, 5.000000000000000000 ) ) ;
#1640 = DIRECTION ( 'NONE',  ( -1.577021341797097314E-16, 1.000000000000000000, 0.000000000000000000 ) ) ;
#1641 = EDGE_CURVE ( 'NONE', #3046, #1446, #2726, .T. ) ;
#1642 = VECTOR ( 'NONE', #3358, 1000.000000000000000 ) ;
#1643 = ADVANCED_FACE ( 'NONE', ( #617 ), #3071, .T. ) ;
#1644 = DIRECTION ( 'NONE',  ( 0.7071067811865459074, -0.7071067811865491270, 0.000000000000000000 ) ) ;
#1645 = ORIENTED_EDGE ( 'NONE', *, *, #2532, .F. ) ;
#1646 = DIRECTION ( 'NONE',  ( 0.7071067811865513475, -0.7071067811865437980, 0.000000000000000000 ) ) ;
#1647 = LINE ( 'NONE', #2450, #1897 ) ;
#1648 = PLANE ( 'NONE',  #890 ) ;
#1649 = DIRECTION ( 'NONE',  ( -0.000000000000000000, -0.000000000000000000, -1.000000000000000000 ) ) ;
#1650 = CARTESIAN_POINT ( 'NONE',  ( 14.01507575950824780, 16.98492424049162963, 5.000000000000000000 ) ) ;
#1651 = VECTOR ( 'NONE', #1335, 1000.000000000000000 ) ;
#1652 = AXIS2_PLACEMENT_3D ( 'NONE', #1936, #85, #1418 ) ;
#1653 = EDGE_CURVE ( 'NONE', #1255, #1407, #957, .T. ) ;
#1654 = AXIS2_PLACEMENT_3D ( 'NONE', #1072, #2680, #2922 ) ;
#1655 = CARTESIAN_POINT ( 'NONE',  ( 15.50000000000010658, -15.49999999999998757, 0.000000000000000000 ) ) ;
#1656 = DIRECTION ( 'NONE',  ( 0.000000000000000000, 1.000000000000000000, 0.000000000000000000 ) ) ;
#1657 = CARTESIAN_POINT ( 'NONE',  ( 28.00000000000000355, -21.00000000000000355, -10.00000000000000000 ) ) ;
#1658 = CARTESIAN_POINT ( 'NONE',  ( 1.484924240491736658, 1.484924240491720893, 5.000000000000000000 ) ) ;
#1659 = CARTESIAN_POINT ( 'NONE',  ( -27.99999999999998934, -20.50000000000005329, -8.399999999999995026 ) ) ;
#1660 = ADVANCED_FACE ( 'NONE', ( #2984 ), #1567, .F. ) ;
#1661 = VERTEX_POINT ( 'NONE', #1947 ) ;
#1662 = CARTESIAN_POINT ( 'NONE',  ( 28.00000000000000000, -20.99999999999999289, -22.90000000000005542 ) ) ;
#1663 = LINE ( 'NONE', #51, #2740 ) ;
#1664 = ORIENTED_EDGE ( 'NONE', *, *, #1601, .T. ) ;
#1665 = CARTESIAN_POINT ( 'NONE',  ( 15.50000000000010658, -15.49999999999998757, 0.5000000000000013323 ) ) ;
#1666 = ORIENTED_EDGE ( 'NONE', *, *, #2399, .T. ) ;
#1667 = CARTESIAN_POINT ( 'NONE',  ( -15.49999999999989342, 17.76274169979696538, 4.499999999999998224 ) ) ;
#1668 = CIRCLE ( 'NONE', #2104, 11.99999999999998934 ) ;
#1669 = DIRECTION ( 'NONE',  ( 0.7071067811865437980, 0.7071067811865513475, 0.000000000000000000 ) ) ;
#1670 = AXIS2_PLACEMENT_3D ( 'NONE', #2762, #3192, #3202 ) ;
#1671 = CARTESIAN_POINT ( 'NONE',  ( 16.63137084989837078, -14.36862915010152086, 5.000000000000000000 ) ) ;
#1672 = ADVANCED_BREP_SHAPE_REPRESENTATION ( '曲柄电机支架', ( #921, #226 ), #2084 ) ;
#1673 = FACE_OUTER_BOUND ( 'NONE', #2114, .T. ) ;
#1674 = DIRECTION ( 'NONE',  ( -1.000000000000000000, 0.000000000000000000, 0.000000000000000000 ) ) ;
#1675 = EDGE_LOOP ( 'NONE', ( #49, #2038, #385, #499, #1745 ) ) ;
#1676 = CIRCLE ( 'NONE', #2975, 1.999999999999998224 ) ;
#1677 = DIRECTION ( 'NONE',  ( -0.7071067811865491270, 0.7071067811865459074, -0.000000000000000000 ) ) ;
#1678 = ORIENTED_EDGE ( 'NONE', *, *, #2990, .T. ) ;
#1679 = AXIS2_PLACEMENT_3D ( 'NONE', #263, #2606, #3158 ) ;
#1680 = ADVANCED_FACE ( 'NONE', ( #3367 ), #2213, .F. ) ;
#1681 = CARTESIAN_POINT ( 'NONE',  ( -27.99999999999998934, -21.00000000000000355, -12.09999999999994813 ) ) ;
#1682 = CARTESIAN_POINT ( 'NONE',  ( 28.00000000000000355, -20.99999999999999289, -10.00000000000000000 ) ) ;
#1683 = DIRECTION ( 'NONE',  ( 0.000000000000000000, 0.000000000000000000, -1.000000000000000000 ) ) ;
#1684 = DIRECTION ( 'NONE',  ( 0.4999999999999998335, -0.5000000000000021094, -0.7071067811865462405 ) ) ;
#1685 = CARTESIAN_POINT ( 'NONE',  ( 1.484924240491652503, 1.484924240491659386, 5.000000000000000000 ) ) ;
#1686 = ORIENTED_EDGE ( 'NONE', *, *, #3393, .F. ) ;
#1687 = LINE ( 'NONE', #929, #2589 ) ;
#1688 = FACE_OUTER_BOUND ( 'NONE', #2870, .T. ) ;
#1689 = EDGE_CURVE ( 'NONE', #426, #2556, #452, .T. ) ;
#1690 = EDGE_LOOP ( 'NONE', ( #544, #221, #1370, #2039 ) ) ;
#1691 = VECTOR ( 'NONE', #706, 1000.000000000000114 ) ;
#1692 = EDGE_CURVE ( 'NONE', #1701, #3413, #870, .T. ) ;
#1693 = ORIENTED_EDGE ( 'NONE', *, *, #2288, .T. ) ;
#1694 = CARTESIAN_POINT ( 'NONE',  ( -15.49999999999989342, -15.50000000000000178, 0.000000000000000000 ) ) ;
#1695 = ORIENTED_EDGE ( 'NONE', *, *, #2489, .F. ) ;
#1696 = DIRECTION ( 'NONE',  ( -0.000000000000000000, 1.000000000000000000, -0.000000000000000000 ) ) ;
#1697 = CARTESIAN_POINT ( 'NONE',  ( -13.39999999999990266, 15.50000000000000000, 0.000000000000000000 ) ) ;
#1698 = ADVANCED_FACE ( 'NONE', ( #247 ), #2635, .F. ) ;
#1699 = ORIENTED_EDGE ( 'NONE', *, *, #835, .T. ) ;
#1700 = COLOUR_RGB ( '',1.000000000000000000, 1.000000000000000000, 1.000000000000000000 ) ;
#1701 = VERTEX_POINT ( 'NONE', #1969 ) ;
#1702 = DIRECTION ( 'NONE',  ( 0.000000000000000000, 0.000000000000000000, 1.000000000000000000 ) ) ;
#1703 = EDGE_CURVE ( 'NONE', #2292, #2505, #2192, .T. ) ;
#1704 = CARTESIAN_POINT ( 'NONE',  ( -27.99999999999998934, -11.50000000000004619, -9.999999999999996447 ) ) ;
#1705 = ORIENTED_EDGE ( 'NONE', *, *, #2941, .T. ) ;
#1706 = CARTESIAN_POINT ( 'NONE',  ( -11.49999999999999645, 0.000000000000000000, 5.000000000000000000 ) ) ;
#1707 = PLANE ( 'NONE',  #556 ) ;
#1708 = EDGE_LOOP ( 'NONE', ( #394, #1547, #1469, #613 ) ) ;
#1709 = ORIENTED_EDGE ( 'NONE', *, *, #741, .F. ) ;
#1710 = CIRCLE ( 'NONE', #3428, 2.099999999999952571 ) ;
#1711 = ORIENTED_EDGE ( 'NONE', *, *, #444, .F. ) ;
#1712 = DIRECTION ( 'NONE',  ( -0.000000000000000000, -0.000000000000000000, -1.000000000000000000 ) ) ;
#1713 = VERTEX_POINT ( 'NONE', #1723 ) ;
#1714 = CYLINDRICAL_SURFACE ( 'NONE', #1108, 1.600000000000002531 ) ;
#1715 = DIRECTION ( 'NONE',  ( 1.577021341797097314E-16, -1.000000000000000000, -0.000000000000000000 ) ) ;
#1716 = DIRECTION ( 'NONE',  ( 1.000000000000000000, 0.000000000000000000, 0.000000000000000000 ) ) ;
#1717 = CARTESIAN_POINT ( 'NONE',  ( 0.000000000000000000, 0.000000000000000000, 4.500000000000009770 ) ) ;
#1718 = LINE ( 'NONE', #1730, #1762 ) ;
#1719 = DIRECTION ( 'NONE',  ( -0.000000000000000000, -0.000000000000000000, -1.000000000000000000 ) ) ;
#1720 = EDGE_CURVE ( 'NONE', #1528, #1731, #3238, .T. ) ;
#1721 = EDGE_CURVE ( 'NONE', #426, #1467, #1560, .T. ) ;
#1722 = CARTESIAN_POINT ( 'NONE',  ( 14.36862915010141784, -14.36862915010152086, 5.000000000000000000 ) ) ;
#1723 = CARTESIAN_POINT ( 'NONE',  ( 28.00000000000000000, -20.50000000000005684, -26.59999999999999787 ) ) ;
#1724 = ORIENTED_EDGE ( 'NONE', *, *, #874, .F. ) ;
#1725 = AXIS2_PLACEMENT_3D ( 'NONE', #1572, #2281, #3360 ) ;
#1726 = CARTESIAN_POINT ( 'NONE',  ( 31.00000000000000000, 0.000000000000000000, -30.00000000000000000 ) ) ;
#1727 = CARTESIAN_POINT ( 'NONE',  ( -31.00000000000000000, -11.00000000000000711, -30.00000000000000000 ) ) ;
#1728 = CARTESIAN_POINT ( 'NONE',  ( 33.00000000000000000, -20.99999999999999289, -27.99999999999999289 ) ) ;
#1729 = FACE_OUTER_BOUND ( 'NONE', #543, .T. ) ;
#1730 = CARTESIAN_POINT ( 'NONE',  ( -20.99999999999999645, -28.49999999999992895, -22.50000000000015987 ) ) ;
#1731 = VERTEX_POINT ( 'NONE', #1441 ) ;
#1732 = CARTESIAN_POINT ( 'NONE',  ( 15.49999999999989342, 18.46984848098350440, 0.000000000000000000 ) ) ;
#1733 = DIRECTION ( 'NONE',  ( -1.000000000000000000, 0.000000000000000000, 0.000000000000000000 ) ) ;
#1734 = CIRCLE ( 'NONE', #2601, 2.099999999999990763 ) ;
#1735 = LINE ( 'NONE', #2580, #1361 ) ;
#1736 = LINE ( 'NONE', #397, #2393 ) ;
#1737 = CARTESIAN_POINT ( 'NONE',  ( 13.90000000000010338, 15.50000000000000533, 5.000000000000000000 ) ) ;
#1738 = AXIS2_PLACEMENT_3D ( 'NONE', #1371, #351, #2753 ) ;
#1739 = CARTESIAN_POINT ( 'NONE',  ( 33.00000000000000000, -10.99999999999998579, 5.000000000000000000 ) ) ;
#1740 = EDGE_CURVE ( 'NONE', #2787, #2085, #150, .T. ) ;
#1741 = VERTEX_POINT ( 'NONE', #2238 ) ;
#1742 = DIRECTION ( 'NONE',  ( 0.000000000000000000, -1.000000000000000000, 0.000000000000000000 ) ) ;
#1743 = CARTESIAN_POINT ( 'NONE',  ( -27.99999999999998934, -20.50000000000005329, -9.999999999999996447 ) ) ;
#1744 = AXIS2_PLACEMENT_3D ( 'NONE', #1163, #2976, #864 ) ;
#1745 = ORIENTED_EDGE ( 'NONE', *, *, #2342, .T. ) ;
#1746 = VERTEX_POINT ( 'NONE', #3057 ) ;
#1747 = CARTESIAN_POINT ( 'NONE',  ( 15.50000000000010658, -15.49999999999998757, 0.000000000000000000 ) ) ;
#1748 = EDGE_LOOP ( 'NONE', ( #563, #3021, #2837, #1795 ) ) ;
#1749 = PRODUCT_DEFINITION_FORMATION_WITH_SPECIFIED_SOURCE ( '任何', '', #331, .NOT_KNOWN. ) ;
#1750 = VECTOR ( 'NONE', #1972, 1000.000000000000000 ) ;
#1751 = CARTESIAN_POINT ( 'NONE',  ( 15.50000000000010658, -15.49999999999998757, 5.000000000000000000 ) ) ;
#1752 = ORIENTED_EDGE ( 'NONE', *, *, #2784, .T. ) ;
#1753 = ORIENTED_EDGE ( 'NONE', *, *, #1398, .T. ) ;
#1754 = VECTOR ( 'NONE', #38, 1000.000000000000000 ) ;
#1755 = PLANE ( 'NONE',  #3222 ) ;
#1756 = DIRECTION ( 'NONE',  ( -1.000000000000000000, 0.000000000000000000, 0.000000000000000000 ) ) ;
#1757 = ORIENTED_EDGE ( 'NONE', *, *, #1867, .T. ) ;
#1758 = EDGE_CURVE ( 'NONE', #1746, #1220, #79, .T. ) ;
#1759 = FACE_OUTER_BOUND ( 'NONE', #381, .T. ) ;
#1760 = DIRECTION ( 'NONE',  ( 0.000000000000000000, -1.000000000000000000, 0.000000000000000000 ) ) ;
#1761 = CLOSED_SHELL ( 'NONE', ( #345, #1942, #642, #2684, #896, #274, #2993, #1896, #1607, #2703, #2458, #1967, #626, #2418, #2736, #2185, #2694, #752, #1133, #3256, #1336, #361, #1924, #3404, #1146, #289, #3311, #10, #60, #3289, #2972, #1404, #1806, #326, #2474, #2247, #2333, #2666, #332, #1426, #578, #2757, #2490, #3019, #2133, #1872, #2868, #120, #1443, #2718, #1082, #93, #1624, #2222, #606, #587, #2228, #44, #1887, #2499, #2402, #1116, #1934, #1908, #927, #3273, #84, #1097, #869, #3237, #2152, #3012, #1975, #3218, #2444, #1643, #311, #2646, #1156, #131, #1954, #3199, #2167, #1171, #2389, #850, #1373, #833, #815, #566, #384, #316, #2932, #1680, #3033, #878, #1019, #2070, #1354, #1191, #1698, #1635, #1393, #1660, #2239, #3140, #393, #491, #885, #2957, #1552, #906, #2434, #1124, #2201, #28, #108, #548, #2964 ) ) ;
#1762 = VECTOR ( 'NONE', #1986, 1000.000000000000000 ) ;
#1763 = ORIENTED_EDGE ( 'NONE', *, *, #633, .T. ) ;
#1764 = DIRECTION ( 'NONE',  ( 0.5000000000000041078, -0.4999999999999991673, -0.7071067811865451302 ) ) ;
#1765 = DIRECTION ( 'NONE',  ( 1.000000000000000000, 0.000000000000000000, 0.000000000000000000 ) ) ;
#1766 = DIRECTION ( 'NONE',  ( 0.000000000000000000, 1.000000000000000000, 0.000000000000000000 ) ) ;
#1767 = EDGE_LOOP ( 'NONE', ( #398, #972, #2374, #1974, #371 ) ) ;
#1768 = VECTOR ( 'NONE', #3023, 1000.000000000000114 ) ;
#1769 = CARTESIAN_POINT ( 'NONE',  ( -21.00000000000000000, 21.00000000000000000, 5.000000000000000000 ) ) ;
#1770 = CIRCLE ( 'NONE', #1275, 1.600000000000004086 ) ;
#1771 = DIRECTION ( 'NONE',  ( 0.000000000000000000, 0.000000000000000000, 1.000000000000000000 ) ) ;
#1772 = CARTESIAN_POINT ( 'NONE',  ( 28.00000000000000000, -11.50000000000004619, -24.99999999999999645 ) ) ;
#1773 = ORIENTED_EDGE ( 'NONE', *, *, #418, .F. ) ;
#1774 = CIRCLE ( 'NONE', #1738, 1.600000000000000755 ) ;
#1775 = ORIENTED_EDGE ( 'NONE', *, *, #3334, .F. ) ;
#1776 = CARTESIAN_POINT ( 'NONE',  ( 15.49999999999989342, -13.23725830020305061, 4.500000000000004441 ) ) ;
#1777 = ORIENTED_EDGE ( 'NONE', *, *, #3334, .T. ) ;
#1778 = SURFACE_SIDE_STYLE ('',( #2636 ) ) ;
#1779 = VERTEX_POINT ( 'NONE', #143 ) ;
#1780 = CYLINDRICAL_SURFACE ( 'NONE', #244, 1.600000000000002531 ) ;
#1781 = ORIENTED_EDGE ( 'NONE', *, *, #2707, .F. ) ;
#1782 = AXIS2_PLACEMENT_3D ( 'NONE', #2709, #1109, #552 ) ;
#1783 = DIRECTION ( 'NONE',  ( 0.000000000000000000, -0.000000000000000000, -1.000000000000000000 ) ) ;
#1784 =( NAMED_UNIT ( * ) SI_UNIT ( $, .STERADIAN. ) SOLID_ANGLE_UNIT ( ) );
#1785 = EDGE_CURVE ( 'NONE', #765, #1341, #1004, .T. ) ;
#1786 = VECTOR ( 'NONE', #947, 1000.000000000000114 ) ;
#1787 = CARTESIAN_POINT ( 'NONE',  ( 21.00000000000000000, 21.00000000000000000, 5.000000000000000000 ) ) ;
#1788 = CARTESIAN_POINT ( 'NONE',  ( -17.09999999999989484, 15.50000000000000000, 4.499999999999998224 ) ) ;
#1789 = ORIENTED_EDGE ( 'NONE', *, *, #2937, .F. ) ;
#1790 = AXIS2_PLACEMENT_3D ( 'NONE', #3444, #3182, #3454 ) ;
#1791 = ORIENTED_EDGE ( 'NONE', *, *, #1342, .T. ) ;
#1792 = DIRECTION ( 'NONE',  ( 0.000000000000000000, 0.000000000000000000, 1.000000000000000000 ) ) ;
#1793 = EDGE_LOOP ( 'NONE', ( #2381, #3250, #3328, #2249 ) ) ;
#1794 = LINE ( 'NONE', #1271, #3380 ) ;
#1795 = ORIENTED_EDGE ( 'NONE', *, *, #3282, .T. ) ;
#1796 = PLANE ( 'NONE',  #423 ) ;
#1797 = LINE ( 'NONE', #309, #2006 ) ;
#1798 = CARTESIAN_POINT ( 'NONE',  ( 28.00000000000000000, -20.99999999999999289, -27.09999999999994102 ) ) ;
#1799 = FACE_OUTER_BOUND ( 'NONE', #1810, .T. ) ;
#1800 = EDGE_LOOP ( 'NONE', ( #41, #2404, #2796, #229 ) ) ;
#1801 = PRESENTATION_LAYER_ASSIGNMENT (  '', '', ( #3229 ) ) ;
#1802 = CARTESIAN_POINT ( 'NONE',  ( 0.000000000000000000, 0.000000000000000000, 4.500000000000009770 ) ) ;
#1803 = EDGE_CURVE ( 'NONE', #1438, #3432, #2147, .T. ) ;
#1804 = PLANE ( 'NONE',  #2534 ) ;
#1805 = CARTESIAN_POINT ( 'NONE',  ( -11.99999999999998224, 0.000000000000000000, 0.000000000000000000 ) ) ;
#1806 = ADVANCED_FACE ( 'NONE', ( #2455 ), #1266, .F. ) ;
#1807 = CARTESIAN_POINT ( 'NONE',  ( -27.99999999999998934, -21.00000000000000355, -9.999999999999996447 ) ) ;
#1808 = AXIS2_PLACEMENT_3D ( 'NONE', #1484, #136, #392 ) ;
#1809 = FACE_OUTER_BOUND ( 'NONE', #1162, .T. ) ;
#1810 = EDGE_LOOP ( 'NONE', ( #265, #2056, #2237, #234 ) ) ;
#1811 = CYLINDRICAL_SURFACE ( 'NONE', #3151, 11.49999999999999645 ) ;
#1812 = CARTESIAN_POINT ( 'NONE',  ( -33.00000000000000000, -11.00000000000000711, -5.000000000000039968 ) ) ;
#1813 = EDGE_CURVE ( 'NONE', #3123, #3402, #3177, .T. ) ;
#1814 = VECTOR ( 'NONE', #1848, 1000.000000000000114 ) ;
#1815 = FACE_OUTER_BOUND ( 'NONE', #490, .T. ) ;
#1816 = CARTESIAN_POINT ( 'NONE',  ( 15.50000000000010125, 15.50000000000000533, 4.500000000000007994 ) ) ;
#1817 = CARTESIAN_POINT ( 'NONE',  ( 17.10000000000009734, -15.49999999999998757, 5.000000000000000000 ) ) ;
#1818 = FACE_OUTER_BOUND ( 'NONE', #2121, .T. ) ;
#1819 = ORIENTED_EDGE ( 'NONE', *, *, #2567, .T. ) ;
#1820 = VERTEX_POINT ( 'NONE', #1212 ) ;
#1821 = PRODUCT_DEFINITION_SHAPE ( 'NONE', 'NONE',  #2582 ) ;
#1822 = DIRECTION ( 'NONE',  ( 0.000000000000000000, 0.000000000000000000, 1.000000000000000000 ) ) ;
#1823 = EDGE_CURVE ( 'NONE', #2126, #1539, #1587, .T. ) ;
#1824 = CARTESIAN_POINT ( 'NONE',  ( 28.00000000000000000, -20.50000000000005684, -23.39999999999999858 ) ) ;
#1825 = ORIENTED_EDGE ( 'NONE', *, *, #297, .T. ) ;
#1826 = DIRECTION ( 'NONE',  ( 0.000000000000000000, 0.000000000000000000, 1.000000000000000000 ) ) ;
#1827 = AXIS2_PLACEMENT_3D ( 'NONE', #2476, #3314, #2768 ) ;
#1828 = DIRECTION ( 'NONE',  ( 0.000000000000000000, 0.000000000000000000, 1.000000000000000000 ) ) ;
#1829 = EDGE_CURVE ( 'NONE', #2330, #206, #603, .T. ) ;
#1830 = VERTEX_POINT ( 'NONE', #2520 ) ;
#1831 = EDGE_LOOP ( 'NONE', ( #6, #1060, #451, #843 ) ) ;
#1832 = AXIS2_PLACEMENT_3D ( 'NONE', #1704, #1493, #961 ) ;
#1833 = VERTEX_POINT ( 'NONE', #3354 ) ;
#1834 = FACE_OUTER_BOUND ( 'NONE', #915, .T. ) ;
#1835 = CARTESIAN_POINT ( 'NONE',  ( -27.99999999999998934, -21.00000000000000355, -9.999999999999996447 ) ) ;
#1836 = ORIENTED_EDGE ( 'NONE', *, *, #3306, .T. ) ;
#1837 = EDGE_LOOP ( 'NONE', ( #2524, #2997, #1955, #3165 ) ) ;
#1838 = AXIS2_PLACEMENT_3D ( 'NONE', #1068, #793, #2904 ) ;
#1839 = CONICAL_SURFACE ( 'NONE', #2927, 1.599999999999992095, 0.7853981633974423948 ) ;
#1840 = CARTESIAN_POINT ( 'NONE',  ( -15.49999999999989342, -15.50000000000000178, 0.000000000000000000 ) ) ;
#1841 = ORIENTED_EDGE ( 'NONE', *, *, #507, .F. ) ;
#1842 = VECTOR ( 'NONE', #409, 1000.000000000000114 ) ;
#1843 = CARTESIAN_POINT ( 'NONE',  ( -15.49999999999989342, 15.50000000000000000, 5.000000000000000000 ) ) ;
#1844 = VERTEX_POINT ( 'NONE', #432 ) ;
#1845 = VERTEX_POINT ( 'NONE', #2285 ) ;
#1846 = AXIS2_PLACEMENT_3D ( 'NONE', #81, #2706, #1148 ) ;
#1847 = DIRECTION ( 'NONE',  ( -0.000000000000000000, 1.000000000000000000, -0.000000000000000000 ) ) ;
#1848 = DIRECTION ( 'NONE',  ( -0.7071067811865411334, 0.000000000000000000, -0.7071067811865539010 ) ) ;
#1849 = ORIENTED_EDGE ( 'NONE', *, *, #1398, .F. ) ;
#1850 = CARTESIAN_POINT ( 'NONE',  ( -33.00000000000000000, -21.00000000000000355, 5.000000000000000000 ) ) ;
#1851 = CONICAL_SURFACE ( 'NONE', #61, 2.099999999999992539, 0.7853981633974401744 ) ;
#1852 = FACE_OUTER_BOUND ( 'NONE', #1690, .T. ) ;
#1853 = DIRECTION ( 'NONE',  ( 0.000000000000000000, -0.000000000000000000, -1.000000000000000000 ) ) ;
#1854 = AXIS2_PLACEMENT_3D ( 'NONE', #2998, #3014, #363 ) ;
#1855 = EDGE_LOOP ( 'NONE', ( #993, #553 ) ) ;
#1856 = VECTOR ( 'NONE', #2131, 1000.000000000000000 ) ;
#1857 = ORIENTED_EDGE ( 'NONE', *, *, #580, .F. ) ;
#1858 = VERTEX_POINT ( 'NONE', #1456 ) ;
#1859 = EDGE_LOOP ( 'NONE', ( #1400, #2320, #1615, #932 ) ) ;
#1860 = ORIENTED_EDGE ( 'NONE', *, *, #817, .T. ) ;
#1861 = LINE ( 'NONE', #3398, #628 ) ;
#1862 = DIRECTION ( 'NONE',  ( -0.000000000000000000, -0.000000000000000000, -1.000000000000000000 ) ) ;
#1863 = ORIENTED_EDGE ( 'NONE', *, *, #271, .F. ) ;
#1864 = EDGE_CURVE ( 'NONE', #802, #2541, #3011, .T. ) ;
#1865 = FACE_OUTER_BOUND ( 'NONE', #1793, .T. ) ;
#1866 = ORIENTED_EDGE ( 'NONE', *, *, #735, .T. ) ;
#1867 = EDGE_CURVE ( 'NONE', #2947, #2695, #63, .T. ) ;
#1868 = CARTESIAN_POINT ( 'NONE',  ( -13.39999999999988312, -15.50000000000000178, 5.000000000000000000 ) ) ;
#1869 = PLANE ( 'NONE',  #3288 ) ;
#1870 = DIRECTION ( 'NONE',  ( -0.3511234415883916493, -0.9363291775690446572, 0.000000000000000000 ) ) ;
#1871 = VERTEX_POINT ( 'NONE', #485 ) ;
#1872 = ADVANCED_FACE ( 'NONE', ( #3262, #1880, #1317 ), #3133, .F. ) ;
#1873 = LINE ( 'NONE', #2662, #2037 ) ;
#1874 = ORIENTED_EDGE ( 'NONE', *, *, #254, .F. ) ;
#1875 = ORIENTED_EDGE ( 'NONE', *, *, #755, .F. ) ;
#1876 = DIRECTION ( 'NONE',  ( 0.000000000000000000, 0.000000000000000000, -1.000000000000000000 ) ) ;
#1877 = CONICAL_SURFACE ( 'NONE', #1330, 2.099999999999988987, 0.7853981633974428389 ) ;
#1878 = EDGE_LOOP ( 'NONE', ( #1857, #695, #3223, #445 ) ) ;
#1879 = CARTESIAN_POINT ( 'NONE',  ( 0.000000000000000000, 0.000000000000000000, 4.500000000000009770 ) ) ;
#1880 = FACE_BOUND ( 'NONE', #2062, .T. ) ;
#1881 = EDGE_CURVE ( 'NONE', #1098, #1820, #770, .T. ) ;
#1882 = DIRECTION ( 'NONE',  ( -1.577021341797097314E-16, 1.000000000000000000, 0.000000000000000000 ) ) ;
#1883 = VECTOR ( 'NONE', #1719, 1000.000000000000000 ) ;
#1884 = DIRECTION ( 'NONE',  ( 1.000000000000000000, 0.000000000000000000, 0.000000000000000000 ) ) ;
#1885 = CARTESIAN_POINT ( 'NONE',  ( -33.00000000000000000, -11.00000000000000711, 5.000000000000000000 ) ) ;
#1886 = VERTEX_POINT ( 'NONE', #1267 ) ;
#1887 = ADVANCED_FACE ( 'NONE', ( #1189 ), #2834, .T. ) ;
#1888 = DIRECTION ( 'NONE',  ( 0.000000000000000000, 0.000000000000000000, 1.000000000000000000 ) ) ;
#1889 = CARTESIAN_POINT ( 'NONE',  ( -33.00000000000000000, -11.00000000000000711, 5.000000000000000000 ) ) ;
#1890 = ORIENTED_EDGE ( 'NONE', *, *, #387, .F. ) ;
#1891 = CIRCLE ( 'NONE', #2364, 1.600000000000000755 ) ;
#1892 = CARTESIAN_POINT ( 'NONE',  ( 15.49999999999989342, 17.76274169979696538, 4.500000000000007994 ) ) ;
#1893 = EDGE_CURVE ( 'NONE', #1713, #3455, #973, .T. ) ;
#1894 = VERTEX_POINT ( 'NONE', #2071 ) ;
#1895 = EDGE_CURVE ( 'NONE', #2925, #2283, #1923, .T. ) ;
#1896 = ADVANCED_FACE ( 'NONE', ( #894 ), #2300, .F. ) ;
#1897 = VECTOR ( 'NONE', #354, 999.9999999999998863 ) ;
#1898 = LINE ( 'NONE', #779, #1940 ) ;
#1899 = ORIENTED_EDGE ( 'NONE', *, *, #271, .T. ) ;
#1900 = VECTOR ( 'NONE', #1234, 1000.000000000000000 ) ;
#1901 = DIRECTION ( 'NONE',  ( 0.000000000000000000, -1.000000000000000000, 0.000000000000000000 ) ) ;
#1902 = CARTESIAN_POINT ( 'NONE',  ( -27.99999999999998934, -21.00000000000000355, -12.09999999999994813 ) ) ;
#1903 = AXIS2_PLACEMENT_3D ( 'NONE', #415, #3346, #438 ) ;
#1904 = FACE_OUTER_BOUND ( 'NONE', #2297, .T. ) ;
#1905 = ORIENTED_EDGE ( 'NONE', *, *, #1479, .T. ) ;
#1906 = DIRECTION ( 'NONE',  ( -1.000000000000000000, 0.000000000000000000, 0.000000000000000000 ) ) ;
#1907 = DIRECTION ( 'NONE',  ( 1.000000000000000000, 2.478176394252600665E-15, 0.000000000000000000 ) ) ;
#1908 = ADVANCED_FACE ( 'NONE', ( #809 ), #1007, .T. ) ;
#1909 = ORIENTED_EDGE ( 'NONE', *, *, #2045, .F. ) ;
#1910 = ORIENTED_EDGE ( 'NONE', *, *, #2055, .F. ) ;
#1911 = AXIS2_PLACEMENT_3D ( 'NONE', #1383, #2483, #2200 ) ;
#1912 = ORIENTED_EDGE ( 'NONE', *, *, #1186, .T. ) ;
#1913 = ORIENTED_EDGE ( 'NONE', *, *, #3395, .F. ) ;
#1914 = EDGE_CURVE ( 'NONE', #1173, #1548, #2377, .T. ) ;
#1915 = DIRECTION ( 'NONE',  ( 0.000000000000000000, 0.000000000000000000, -1.000000000000000000 ) ) ;
#1916 = FACE_BOUND ( 'NONE', #2327, .T. ) ;
#1917 = CARTESIAN_POINT ( 'NONE',  ( -27.99999999999998934, -20.50000000000005329, -9.999999999999996447 ) ) ;
#1918 = EDGE_LOOP ( 'NONE', ( #1045, #3031, #1977, #1396, #697 ) ) ;
#1919 = ORIENTED_EDGE ( 'NONE', *, *, #1100, .T. ) ;
#1920 = LINE ( 'NONE', #2173, #1313 ) ;
#1921 = ORIENTED_EDGE ( 'NONE', *, *, #58, .F. ) ;
#1922 = DIRECTION ( 'NONE',  ( -0.000000000000000000, -0.000000000000000000, -1.000000000000000000 ) ) ;
#1923 = LINE ( 'NONE', #2544, #3353 ) ;
#1924 = ADVANCED_FACE ( 'NONE', ( #185 ), #2624, .F. ) ;
#1925 = EDGE_LOOP ( 'NONE', ( #2936, #634, #1012, #3374 ) ) ;
#1926 = DIRECTION ( 'NONE',  ( -0.000000000000000000, -0.000000000000000000, -1.000000000000000000 ) ) ;
#1927 = DIRECTION ( 'NONE',  ( 1.000000000000000000, -2.168404344971003346E-15, 0.000000000000000000 ) ) ;
#1928 = EDGE_CURVE ( 'NONE', #622, #2913, #2799, .T. ) ;
#1929 = CARTESIAN_POINT ( 'NONE',  ( 28.00000000000000355, -20.99999999999999289, -10.00000000000000000 ) ) ;
#1930 = VERTEX_POINT ( 'NONE', #1508 ) ;
#1931 = UNCERTAINTY_MEASURE_WITH_UNIT (LENGTH_MEASURE( 1.000000000000000082E-05 ), #2551, 'distance_accuracy_value', 'NONE');
#1932 = CARTESIAN_POINT ( 'NONE',  ( -15.49999999999989342, 15.50000000000000000, 5.000000000000000000 ) ) ;
#1933 = DIRECTION ( 'NONE',  ( -0.000000000000000000, -1.000000000000000000, -0.000000000000000000 ) ) ;
#1934 = ADVANCED_FACE ( 'NONE', ( #1514 ), #1232, .F. ) ;
#1935 = EDGE_CURVE ( 'NONE', #2728, #433, #2833, .T. ) ;
#1936 = CARTESIAN_POINT ( 'NONE',  ( 8.131727983645337332, 8.131727983645248514, 5.000000000000000000 ) ) ;
#1937 = DIRECTION ( 'NONE',  ( 0.000000000000000000, 0.000000000000000000, 1.000000000000000000 ) ) ;
#1938 = ORIENTED_EDGE ( 'NONE', *, *, #2953, .T. ) ;
#1939 = CONICAL_SURFACE ( 'NONE', #2259, 2.099999999999992539, 0.7853981633974401744 ) ;
#1940 = VECTOR ( 'NONE', #3437, 1000.000000000000000 ) ;
#1941 = DIRECTION ( 'NONE',  ( -0.000000000000000000, -0.000000000000000000, -1.000000000000000000 ) ) ;
#1942 = ADVANCED_FACE ( 'NONE', ( #2536 ), #550, .F. ) ;
#1943 = FACE_OUTER_BOUND ( 'NONE', #592, .T. ) ;
#1944 = VERTEX_POINT ( 'NONE', #1812 ) ;
#1945 = ORIENTED_EDGE ( 'NONE', *, *, #2397, .F. ) ;
#1946 = AXIS2_PLACEMENT_3D ( 'NONE', #1099, #3221, #1586 ) ;
#1947 = CARTESIAN_POINT ( 'NONE',  ( 31.12500000000001066, -6.000000000000029310, 0.000000000000000000 ) ) ;
#1948 = DIRECTION ( 'NONE',  ( 0.000000000000000000, 0.000000000000000000, 1.000000000000000000 ) ) ;
#1949 = CARTESIAN_POINT ( 'NONE',  ( -27.99999999999998934, -21.00000000000000355, -7.900000000000045652 ) ) ;
#1950 = PLANE ( 'NONE',  #34 ) ;
#1951 = CARTESIAN_POINT ( 'NONE',  ( -28.00000000000000000, -11.50000000000004619, -24.99999999999999645 ) ) ;
#1952 = EDGE_LOOP ( 'NONE', ( #304, #118, #708, #184, #701 ) ) ;
#1953 = CIRCLE ( 'NONE', #65, 2.099999999999990763 ) ;
#1954 = ADVANCED_FACE ( 'NONE', ( #1673 ), #464, .T. ) ;
#1955 = ORIENTED_EDGE ( 'NONE', *, *, #624, .T. ) ;
#1956 = ORIENTED_EDGE ( 'NONE', *, *, #1928, .T. ) ;
#1957 = VERTEX_POINT ( 'NONE', #533 ) ;
#1958 = DIRECTION ( 'NONE',  ( 0.000000000000000000, -0.000000000000000000, -1.000000000000000000 ) ) ;
#1959 = ORIENTED_EDGE ( 'NONE', *, *, #1236, .F. ) ;
#1960 = VECTOR ( 'NONE', #1764, 1000.000000000000000 ) ;
#1961 = DIRECTION ( 'NONE',  ( -0.7071067811865513475, -0.7071067811865437980, 0.000000000000000000 ) ) ;
#1962 = DIRECTION ( 'NONE',  ( -0.000000000000000000, -0.000000000000000000, -1.000000000000000000 ) ) ;
#1963 = AXIS2_PLACEMENT_3D ( 'NONE', #2193, #2448, #1888 ) ;
#1964 = EDGE_CURVE ( 'NONE', #3413, #2403, #2921, .T. ) ;
#1965 = VECTOR ( 'NONE', #2917, 1000.000000000000000 ) ;
#1966 = DIRECTION ( 'NONE',  ( 0.7071067811865491270, -0.7071067811865459074, 0.000000000000000000 ) ) ;
#1967 = ADVANCED_FACE ( 'NONE', ( #266 ), #516, .F. ) ;
#1968 = CIRCLE ( 'NONE', #724, 2.100000000000060041 ) ;
#1969 = CARTESIAN_POINT ( 'NONE',  ( 31.00000000000000000, -20.99999999999999289, -30.00000000000000000 ) ) ;
#1970 = ORIENTED_EDGE ( 'NONE', *, *, #348, .F. ) ;
#1971 = CARTESIAN_POINT ( 'NONE',  ( 16.98492424049173977, -14.01507575950814832, 5.000000000000000000 ) ) ;
#1972 = DIRECTION ( 'NONE',  ( 0.7071067811865437980, -0.7071067811865513475, 0.000000000000000000 ) ) ;
#1973 = DIRECTION ( 'NONE',  ( -0.000000000000000000, -0.000000000000000000, -1.000000000000000000 ) ) ;
#1974 = ORIENTED_EDGE ( 'NONE', *, *, #1544, .F. ) ;
#1975 = ADVANCED_FACE ( 'NONE', ( #1391 ), #1431, .F. ) ;
#1976 = ORIENTED_EDGE ( 'NONE', *, *, #3393, .T. ) ;
#1977 = ORIENTED_EDGE ( 'NONE', *, *, #2419, .T. ) ;
#1978 = VECTOR ( 'NONE', #916, 1000.000000000000114 ) ;
#1979 = CIRCLE ( 'NONE', #672, 1.600000000000002531 ) ;
#1980 = ORIENTED_EDGE ( 'NONE', *, *, #2009, .F. ) ;
#1981 = VECTOR ( 'NONE', #3227, 1000.000000000000000 ) ;
#1982 = EDGE_CURVE ( 'NONE', #1094, #1944, #1149, .T. ) ;
#1983 = CONICAL_SURFACE ( 'NONE', #3266, 2.099999999999950795, 0.7853981633974456145 ) ;
#1984 = CARTESIAN_POINT ( 'NONE',  ( 0.000000000000000000, 0.000000000000000000, 4.500000000000009770 ) ) ;
#1985 = ORIENTED_EDGE ( 'NONE', *, *, #1040, .T. ) ;
#1986 = DIRECTION ( 'NONE',  ( -0.000000000000000000, 0.7071067811865435759, 0.7071067811865514585 ) ) ;
#1987 = DIRECTION ( 'NONE',  ( -0.000000000000000000, 0.000000000000000000, 1.000000000000000000 ) ) ;
#1988 = VECTOR ( 'NONE', #3214, 1000.000000000000114 ) ;
#1989 = AXIS2_PLACEMENT_3D ( 'NONE', #854, #2987, #3280 ) ;
#1990 = CARTESIAN_POINT ( 'NONE',  ( 15.50000000000010658, -15.49999999999998757, 0.000000000000000000 ) ) ;
#1991 = DIRECTION ( 'NONE',  ( -0.7071067811865437980, 0.7071067811865513475, 0.000000000000000000 ) ) ;
#1992 = ORIENTED_EDGE ( 'NONE', *, *, #57, .T. ) ;
#1993 = DIRECTION ( 'NONE',  ( 1.000000000000000000, 0.000000000000000000, 0.000000000000000000 ) ) ;
#1994 = ORIENTED_EDGE ( 'NONE', *, *, #3365, .F. ) ;
#1995 = DIRECTION ( 'NONE',  ( 1.000000000000000000, 1.652117596168401955E-15, 0.000000000000000000 ) ) ;
#1996 = ORIENTED_EDGE ( 'NONE', *, *, #1803, .F. ) ;
#1997 = EDGE_LOOP ( 'NONE', ( #205, #8, #1472, #1302 ) ) ;
#1998 = FACE_BOUND ( 'NONE', #1632, .T. ) ;
#1999 = EDGE_CURVE ( 'NONE', #2590, #2292, #1348, .T. ) ;
#2000 = EDGE_LOOP ( 'NONE', ( #3377, #910, #140, #1379 ) ) ;
#2001 = CARTESIAN_POINT ( 'NONE',  ( -15.49999999999989342, -15.50000000000000178, 0.000000000000000000 ) ) ;
#2002 = ORIENTED_EDGE ( 'NONE', *, *, #167, .T. ) ;
#2003 = FACE_OUTER_BOUND ( 'NONE', #931, .T. ) ;
#2004 = DIRECTION ( 'NONE',  ( 0.000000000000000000, 0.000000000000000000, -1.000000000000000000 ) ) ;
#2005 = DIRECTION ( 'NONE',  ( -0.000000000000000000, 0.000000000000000000, 1.000000000000000000 ) ) ;
#2006 = VECTOR ( 'NONE', #1079, 1000.000000000000114 ) ;
#2007 = CARTESIAN_POINT ( 'NONE',  ( -14.36862915010141784, -14.36862915010152086, 0.4999999999999917843 ) ) ;
#2008 = CIRCLE ( 'NONE', #2667, 1.599999999999992095 ) ;
#2009 = EDGE_CURVE ( 'NONE', #881, #1957, #2215, .T. ) ;
#2010 = EDGE_CURVE ( 'NONE', #2068, #1713, #439, .T. ) ;
#2011 = DIRECTION ( 'NONE',  ( -0.7071067811865491270, -0.7071067811865459074, 0.000000000000000000 ) ) ;
#2012 = AXIS2_PLACEMENT_3D ( 'NONE', #1320, #1309, #3144 ) ;
#2013 = AXIS2_PLACEMENT_3D ( 'NONE', #2030, #2301, #1496 ) ;
#2014 = CARTESIAN_POINT ( 'NONE',  ( -15.49999999999989342, 15.50000000000000000, 4.499999999999998224 ) ) ;
#2015 = ORIENTED_EDGE ( 'NONE', *, *, #2716, .T. ) ;
#2016 = CARTESIAN_POINT ( 'NONE',  ( -16.63137084989837078, -14.36862915010152086, 0.4999999999999917843 ) ) ;
#2017 = CARTESIAN_POINT ( 'NONE',  ( -15.14644660940662746, 18.11629509039023134, 0.000000000000000000 ) ) ;
#2018 = CARTESIAN_POINT ( 'NONE',  ( -33.00000000000000000, -21.00000000000000355, 5.000000000000000000 ) ) ;
#2019 = CARTESIAN_POINT ( 'NONE',  ( -33.00000000000000000, -11.00000000000000711, -27.99999999999999289 ) ) ;
#2020 = VECTOR ( 'NONE', #87, 1000.000000000000000 ) ;
#2021 = LINE ( 'NONE', #1591, #323 ) ;
#2022 = CIRCLE ( 'NONE', #435, 2.100000000000039169 ) ;
#2023 = DIRECTION ( 'NONE',  ( -0.000000000000000000, -0.000000000000000000, 1.000000000000000000 ) ) ;
#2024 = ORIENTED_EDGE ( 'NONE', *, *, #1197, .F. ) ;
#2025 = EDGE_LOOP ( 'NONE', ( #341, #2552, #1382, #3376, #402 ) ) ;
#2026 = CARTESIAN_POINT ( 'NONE',  ( -21.00000000000000000, 21.00000000000000000, 5.000000000000000000 ) ) ;
#2027 = DIRECTION ( 'NONE',  ( -0.2563072973150268830, -0.6834861261734052063, -0.6834861261734128668 ) ) ;
#2028 = DIRECTION ( 'NONE',  ( -0.000000000000000000, 0.000000000000000000, 1.000000000000000000 ) ) ;
#2029 = ORIENTED_EDGE ( 'NONE', *, *, #2420, .F. ) ;
#2030 = CARTESIAN_POINT ( 'NONE',  ( 8.131727983645337332, 8.131727983645248514, 4.500000000000009770 ) ) ;
#2031 = CARTESIAN_POINT ( 'NONE',  ( 21.00000000000000355, -20.99999999999999645, 0.000000000000000000 ) ) ;
#2032 = AXIS2_PLACEMENT_3D ( 'NONE', #1717, #2478, #3318 ) ;
#2033 = CARTESIAN_POINT ( 'NONE',  ( -28.00000000000000000, -11.00000000000000711, -24.99999999999999645 ) ) ;
#2034 = ORIENTED_EDGE ( 'NONE', *, *, #1437, .F. ) ;
#2035 = CARTESIAN_POINT ( 'NONE',  ( -15.49999999999989342, -15.50000000000000178, 5.000000000000000000 ) ) ;
#2036 = DIRECTION ( 'NONE',  ( 0.000000000000000000, 0.7071067811865493491, 0.7071067811865455743 ) ) ;
#2037 = VECTOR ( 'NONE', #3207, 1000.000000000000000 ) ;
#2038 = ORIENTED_EDGE ( 'NONE', *, *, #856, .T. ) ;
#2039 = ORIENTED_EDGE ( 'NONE', *, *, #2707, .T. ) ;
#2040 = EDGE_LOOP ( 'NONE', ( #2129, #1401, #467, #71 ) ) ;
#2041 = ORIENTED_EDGE ( 'NONE', *, *, #264, .F. ) ;
#2042 = LINE ( 'NONE', #678, #595 ) ;
#2043 = DIRECTION ( 'NONE',  ( 0.5000000000000065503, -0.5000000000000012212, -0.7071067811865420216 ) ) ;
#2044 = VERTEX_POINT ( 'NONE', #2350 ) ;
#2045 = EDGE_CURVE ( 'NONE', #1528, #50, #3433, .T. ) ;
#2046 = VECTOR ( 'NONE', #1847, 1000.000000000000000 ) ;
#2047 = DIRECTION ( 'NONE',  ( -0.000000000000000000, -0.000000000000000000, -1.000000000000000000 ) ) ;
#2048 = EDGE_CURVE ( 'NONE', #1407, #522, #2130, .T. ) ;
#2049 = VECTOR ( 'NONE', #358, 1000.000000000000000 ) ;
#2050 = ORIENTED_EDGE ( 'NONE', *, *, #2463, .F. ) ;
#2051 = CARTESIAN_POINT ( 'NONE',  ( 16.63137084989837078, -14.36862915010151909, 0.4999999999999982792 ) ) ;
#2052 = CARTESIAN_POINT ( 'NONE',  ( 13.90000000000011227, -15.49999999999998757, 4.500000000000004441 ) ) ;
#2053 = CARTESIAN_POINT ( 'NONE',  ( 28.00000000000000000, -21.00000000000000355, -26.59999999999999787 ) ) ;
#2054 = CARTESIAN_POINT ( 'NONE',  ( 16.98492424049174687, 16.98492424049183569, 5.000000000000000000 ) ) ;
#2055 = EDGE_CURVE ( 'NONE', #2127, #1144, #3094, .T. ) ;
#2056 = ORIENTED_EDGE ( 'NONE', *, *, #3231, .F. ) ;
#2057 = LINE ( 'NONE', #187, #2469 ) ;
#2058 = LINE ( 'NONE', #847, #198 ) ;
#2059 = CARTESIAN_POINT ( 'NONE',  ( 15.49999999999989342, -13.23725830020305061, 5.000000000000000000 ) ) ;
#2060 = DIRECTION ( 'NONE',  ( -1.000000000000000000, 0.000000000000000000, 0.000000000000000000 ) ) ;
#2061 =( NAMED_UNIT ( * ) PLANE_ANGLE_UNIT ( ) SI_UNIT ( $, .RADIAN. ) );
#2062 = EDGE_LOOP ( 'NONE', ( #1305, #3036 ) ) ;
#2063 = LINE ( 'NONE', #1798, #1241 ) ;
#2064 = FACE_OUTER_BOUND ( 'NONE', #2950, .T. ) ;
#2065 = LINE ( 'NONE', #704, #3408 ) ;
#2066 = DIRECTION ( 'NONE',  ( -0.9363291775690446572, 0.3511234415883916493, 0.000000000000000000 ) ) ;
#2067 = PLANE ( 'NONE',  #2081 ) ;
#2068 = VERTEX_POINT ( 'NONE', #1824 ) ;
#2069 = VECTOR ( 'NONE', #1254, 1000.000000000000114 ) ;
#2070 = ADVANCED_FACE ( 'NONE', ( #1759 ), #2661, .F. ) ;
#2071 = CARTESIAN_POINT ( 'NONE',  ( 17.60000000000008313, 15.50000000000000533, 5.000000000000000000 ) ) ;
#2072 = CARTESIAN_POINT ( 'NONE',  ( -14.01507575950817142, -14.01507575950823714, 0.000000000000000000 ) ) ;
#2073 = ORIENTED_EDGE ( 'NONE', *, *, #3255, .F. ) ;
#2074 = CIRCLE ( 'NONE', #2195, 2.099999999999990763 ) ;
#2075 = DIRECTION ( 'NONE',  ( 0.000000000000000000, 0.000000000000000000, 1.000000000000000000 ) ) ;
#2076 = DIRECTION ( 'NONE',  ( -0.4999999999999958367, 0.4999999999999981126, -0.7071067811865519026 ) ) ;
#2077 = ORIENTED_EDGE ( 'NONE', *, *, #3333, .T. ) ;
#2078 = EDGE_CURVE ( 'NONE', #1218, #2913, #3303, .T. ) ;
#2079 = DIRECTION ( 'NONE',  ( 0.7071067811865442421, 8.659560562354893415E-17, -0.7071067811865507924 ) ) ;
#2080 = EDGE_CURVE ( 'NONE', #3274, #2561, #2708, .T. ) ;
#2081 = AXIS2_PLACEMENT_3D ( 'NONE', #2588, #3163, #2103 ) ;
#2082 = PLANE ( 'NONE',  #1318 ) ;
#2083 = ORIENTED_EDGE ( 'NONE', *, *, #1881, .F. ) ;
#2084 =( GEOMETRIC_REPRESENTATION_CONTEXT ( 3 ) GLOBAL_UNCERTAINTY_ASSIGNED_CONTEXT ( ( #1931 ) ) GLOBAL_UNIT_ASSIGNED_CONTEXT ( ( #2551, #2061, #2585 ) ) REPRESENTATION_CONTEXT ( 'NONE', 'WORKASPACE' ) );
#2085 = VERTEX_POINT ( 'NONE', #1326 ) ;
#2086 =( NAMED_UNIT ( * ) SI_UNIT ( $, .STERADIAN. ) SOLID_ANGLE_UNIT ( ) );
#2087 = VERTEX_POINT ( 'NONE', #2641 ) ;
#2088 = LINE ( 'NONE', #1065, #3254 ) ;
#2089 = ORIENTED_EDGE ( 'NONE', *, *, #688, .F. ) ;
#2090 = VERTEX_POINT ( 'NONE', #1331 ) ;
#2091 = LINE ( 'NONE', #3248, #2795 ) ;
#2092 = VERTEX_POINT ( 'NONE', #3187 ) ;
#2093 = DIRECTION ( 'NONE',  ( 0.7071067811865491270, -0.7071067811865459074, 0.000000000000000000 ) ) ;
#2094 = VECTOR ( 'NONE', #739, 1000.000000000000000 ) ;
#2095 = VECTOR ( 'NONE', #1406, 999.9999999999998863 ) ;
#2096 = AXIS2_PLACEMENT_3D ( 'NONE', #3242, #2995, #2461 ) ;
#2097 = CARTESIAN_POINT ( 'NONE',  ( 15.49999999999989342, -13.23725830020305061, 4.500000000000004441 ) ) ;
#2098 =( NAMED_UNIT ( * ) PLANE_ANGLE_UNIT ( ) SI_UNIT ( $, .RADIAN. ) );
#2099 = EDGE_CURVE ( 'NONE', #1341, #1411, #2749, .T. ) ;
#2100 = CARTESIAN_POINT ( 'NONE',  ( 15.50000000000010125, 15.50000000000000533, 0.000000000000000000 ) ) ;
#2101 = CARTESIAN_POINT ( 'NONE',  ( -28.00000000000000000, -11.50000000000004619, -24.99999999999999645 ) ) ;
#2102 = DIRECTION ( 'NONE',  ( -0.000000000000000000, 1.000000000000000000, -0.000000000000000000 ) ) ;
#2103 = DIRECTION ( 'NONE',  ( 0.7071067811865437980, -0.7071067811865513475, 0.000000000000000000 ) ) ;
#2104 = AXIS2_PLACEMENT_3D ( 'NONE', #2204, #621, #2466 ) ;
#2105 = EDGE_LOOP ( 'NONE', ( #2554, #560, #2343, #3103 ) ) ;
#2106 = LINE ( 'NONE', #1058, #1452 ) ;
#2107 = DIRECTION ( 'NONE',  ( 0.000000000000000000, 0.7071067811865514585, -0.7071067811865435759 ) ) ;
#2108 = DIRECTION ( 'NONE',  ( -1.000000000000000000, 0.000000000000000000, 0.000000000000000000 ) ) ;
#2109 = EDGE_CURVE ( 'NONE', #596, #3193, #3213, .T. ) ;
#2110 = VECTOR ( 'NONE', #1292, 1000.000000000000000 ) ;
#2111 = CONICAL_SURFACE ( 'NONE', #1911, 11.99999999999998224, 0.7853981633974396193 ) ;
#2112 = CARTESIAN_POINT ( 'NONE',  ( 14.01507575950825490, -14.01507575950835616, 0.000000000000000000 ) ) ;
#2113 = ORIENTED_EDGE ( 'NONE', *, *, #3265, .F. ) ;
#2114 = EDGE_LOOP ( 'NONE', ( #3451, #517, #2411, #2495 ) ) ;
#2115 = CARTESIAN_POINT ( 'NONE',  ( -16.98492424049165805, 16.98492424049175042, 5.000000000000000000 ) ) ;
#2116 = EDGE_CURVE ( 'NONE', #231, #1661, #1797, .T. ) ;
#2117 = ORIENTED_EDGE ( 'NONE', *, *, #799, .T. ) ;
#2118 = CARTESIAN_POINT ( 'NONE',  ( -20.99999999999999645, -21.00000000000000000, 0.000000000000000000 ) ) ;
#2119 = EDGE_LOOP ( 'NONE', ( #576, #1757 ) ) ;
#2120 = DIRECTION ( 'NONE',  ( 1.000000000000000000, 0.000000000000000000, 0.000000000000000000 ) ) ;
#2121 = EDGE_LOOP ( 'NONE', ( #2613, #2459, #3131, #1451, #3042, #834, #1645, #3205, #3369, #601, #2029, #1073 ) ) ;
#2122 = AXIS2_PLACEMENT_3D ( 'NONE', #2485, #1445, #2771 ) ;
#2123 = VECTOR ( 'NONE', #1377, 1000.000000000000114 ) ;
#2124 = CARTESIAN_POINT ( 'NONE',  ( -28.00000000000000000, -20.50000000000007461, -24.99999999999999645 ) ) ;
#2125 = ORIENTED_EDGE ( 'NONE', *, *, #904, .F. ) ;
#2126 = VERTEX_POINT ( 'NONE', #18 ) ;
#2127 = VERTEX_POINT ( 'NONE', #1091 ) ;
#2128 = VECTOR ( 'NONE', #2734, 1000.000000000000000 ) ;
#2129 = ORIENTED_EDGE ( 'NONE', *, *, #1935, .F. ) ;
#2130 = LINE ( 'NONE', #2097, #106 ) ;
#2131 = DIRECTION ( 'NONE',  ( -0.000000000000000000, -0.000000000000000000, -1.000000000000000000 ) ) ;
#2132 = LINE ( 'NONE', #2816, #3308 ) ;
#2133 = ADVANCED_FACE ( 'NONE', ( #262 ), #3197, .F. ) ;
#2134 = EDGE_LOOP ( 'NONE', ( #1604, #1139, #3172, #3416 ) ) ;
#2135 = CARTESIAN_POINT ( 'NONE',  ( -15.49999999999989342, 15.50000000000000000, 5.000000000000000000 ) ) ;
#2136 = CARTESIAN_POINT ( 'NONE',  ( 15.85355339059316115, 18.11629509039023134, 0.000000000000000000 ) ) ;
#2137 = EDGE_CURVE ( 'NONE', #881, #2947, #2339, .T. ) ;
#2138 = EDGE_CURVE ( 'NONE', #803, #1341, #3054, .T. ) ;
#2139 = ORIENTED_EDGE ( 'NONE', *, *, #1928, .F. ) ;
#2140 = LINE ( 'NONE', #1161, #1768 ) ;
#2141 = CYLINDRICAL_SURFACE ( 'NONE', #209, 1.999999999999998224 ) ;
#2142 = CARTESIAN_POINT ( 'NONE',  ( 17.60000000000009379, -15.49999999999998757, 0.000000000000000000 ) ) ;
#2143 = VERTEX_POINT ( 'NONE', #604 ) ;
#2144 = AXIS2_PLACEMENT_3D ( 'NONE', #1565, #540, #268 ) ;
#2145 = ORIENTED_EDGE ( 'NONE', *, *, #3145, .F. ) ;
#2146 = LINE ( 'NONE', #503, #2189 ) ;
#2147 = LINE ( 'NONE', #1481, #1842 ) ;
#2148 = CARTESIAN_POINT ( 'NONE',  ( -15.49999999999989342, -13.23725830020305061, 4.500000000000000888 ) ) ;
#2149 = CARTESIAN_POINT ( 'NONE',  ( 28.00000000000000355, -11.50000000000004619, -11.60000000000000320 ) ) ;
#2150 = CARTESIAN_POINT ( 'NONE',  ( 16.63137084989837078, -14.36862915010152086, 4.500000000000004441 ) ) ;
#2151 = ORIENTED_EDGE ( 'NONE', *, *, #1864, .F. ) ;
#2152 = ADVANCED_FACE ( 'NONE', ( #2003 ), #1869, .T. ) ;
#2153 = VECTOR ( 'NONE', #643, 1000.000000000000000 ) ;
#2154 = DIRECTION ( 'NONE',  ( 0.7071067811865434649, 0.7071067811865516806, 0.000000000000000000 ) ) ;
#2155 = DIRECTION ( 'NONE',  ( -0.5000000000000066613, -0.5000000000000016653, -0.7071067811865416886 ) ) ;
#2156 = EDGE_LOOP ( 'NONE', ( #457, #2786, #1183, #781 ) ) ;
#2157 = DIRECTION ( 'NONE',  ( -0.5000000000000012212, 0.4999999999999954481, -0.7071067811865499042 ) ) ;
#2158 = LINE ( 'NONE', #2539, #42 ) ;
#2159 = AXIS2_PLACEMENT_3D ( 'NONE', #971, #2302, #953 ) ;
#2160 = EDGE_CURVE ( 'NONE', #429, #505, #1227, .T. ) ;
#2161 = ORIENTED_EDGE ( 'NONE', *, *, #1459, .T. ) ;
#2162 = EDGE_LOOP ( 'NONE', ( #813, #898, #1498, #3293, #1006 ) ) ;
#2163 = EDGE_LOOP ( 'NONE', ( #1959, #372, #709, #1875 ) ) ;
#2164 = CARTESIAN_POINT ( 'NONE',  ( -27.99999999999998934, -11.50000000000004619, -11.59999999999999964 ) ) ;
#2165 = FACE_OUTER_BOUND ( 'NONE', #1323, .T. ) ;
#2166 = AXIS2_PLACEMENT_3D ( 'NONE', #113, #2772, #1196 ) ;
#2167 = ADVANCED_FACE ( 'NONE', ( #600 ), #1429, .F. ) ;
#2168 = EDGE_LOOP ( 'NONE', ( #1158, #495, #2310, #1724 ) ) ;
#2169 = CARTESIAN_POINT ( 'NONE',  ( 23.00000000000000355, -20.99999999999999645, -30.00000000000000000 ) ) ;
#2170 = VERTEX_POINT ( 'NONE', #2417 ) ;
#2171 = DIRECTION ( 'NONE',  ( -0.7071067811865491270, 0.7071067811865459074, 0.000000000000000000 ) ) ;
#2172 = VECTOR ( 'NONE', #1151, 1000.000000000000000 ) ;
#2173 = CARTESIAN_POINT ( 'NONE',  ( -14.01507575950815720, -14.01507575950822293, 5.000000000000000000 ) ) ;
#2174 = FACE_BOUND ( 'NONE', #3185, .T. ) ;
#2175 = CARTESIAN_POINT ( 'NONE',  ( -15.49999999999989342, 15.50000000000000000, 0.000000000000000000 ) ) ;
#2176 = DIRECTION ( 'NONE',  ( -0.5000000000000044409, 0.4999999999999991118, -0.7071067811865450192 ) ) ;
#2177 = FACE_OUTER_BOUND ( 'NONE', #3348, .T. ) ;
#2178 = CARTESIAN_POINT ( 'NONE',  ( -28.00000000000000000, -21.00000000000000355, -24.99999999999999645 ) ) ;
#2179 = EDGE_CURVE ( 'NONE', #3224, #2044, #804, .T. ) ;
#2180 = CARTESIAN_POINT ( 'NONE',  ( -33.00000000000000000, -21.00000000000000355, 5.000000000000000000 ) ) ;
#2181 = ORIENTED_EDGE ( 'NONE', *, *, #2048, .F. ) ;
#2182 = LINE ( 'NONE', #771, #3186 ) ;
#2183 = CARTESIAN_POINT ( 'NONE',  ( 15.49999999999989342, 17.76274169979696538, 4.500000000000007994 ) ) ;
#2184 = CARTESIAN_POINT ( 'NONE',  ( 21.00000000000000000, -10.99999999999998579, -30.00000000000000000 ) ) ;
#2185 = ADVANCED_FACE ( 'NONE', ( #2298 ), #1839, .F. ) ;
#2186 = EDGE_CURVE ( 'NONE', #986, #1894, #1626, .T. ) ;
#2187 = VERTEX_POINT ( 'NONE', #831 ) ;
#2188 = EDGE_CURVE ( 'NONE', #1410, #520, #2091, .T. ) ;
#2189 = VECTOR ( 'NONE', #2356, 1000.000000000000000 ) ;
#2190 = LINE ( 'NONE', #2118, #3442 ) ;
#2191 = AXIS2_PLACEMENT_3D ( 'NONE', #3124, #3113, #1282 ) ;
#2192 = LINE ( 'NONE', #689, #1495 ) ;
#2193 = CARTESIAN_POINT ( 'NONE',  ( -28.00000000000000000, -21.00000000000000355, -24.99999999999999645 ) ) ;
#2194 = DIRECTION ( 'NONE',  ( 1.000000000000000000, 0.000000000000000000, 0.000000000000000000 ) ) ;
#2195 = AXIS2_PLACEMENT_3D ( 'NONE', #2278, #2028, #1217 ) ;
#2196 = EDGE_LOOP ( 'NONE', ( #2617, #796, #2145, #1578 ) ) ;
#2197 = DIRECTION ( 'NONE',  ( -1.000000000000000000, 0.000000000000000000, 0.000000000000000000 ) ) ;
#2198 = DIRECTION ( 'NONE',  ( -0.000000000000000000, -1.000000000000000000, -0.000000000000000000 ) ) ;
#2199 = VERTEX_POINT ( 'NONE', #1638 ) ;
#2200 = DIRECTION ( 'NONE',  ( -1.000000000000000000, 0.000000000000000000, 0.000000000000000000 ) ) ;
#2201 = ADVANCED_FACE ( 'NONE', ( #306 ), #2879, .F. ) ;
#2202 = ORIENTED_EDGE ( 'NONE', *, *, #1197, .T. ) ;
#2203 = CARTESIAN_POINT ( 'NONE',  ( 0.000000000000000000, 0.000000000000000000, 5.000000000000000000 ) ) ;
#2204 = CARTESIAN_POINT ( 'NONE',  ( 0.000000000000000000, 0.000000000000000000, 5.000000000000000000 ) ) ;
#2205 = AXIS2_PLACEMENT_3D ( 'NONE', #1951, #3285, #369 ) ;
#2206 = EDGE_LOOP ( 'NONE', ( #1063, #1773, #46, #1132 ) ) ;
#2207 = FACE_OUTER_BOUND ( 'NONE', #1613, .T. ) ;
#2208 = DIRECTION ( 'NONE',  ( -0.000000000000000000, -0.000000000000000000, -1.000000000000000000 ) ) ;
#2209 = EDGE_LOOP ( 'NONE', ( #3006, #2754, #2382, #2391, #2295, #1899 ) ) ;
#2210 = ORIENTED_EDGE ( 'NONE', *, *, #656, .F. ) ;
#2211 = VECTOR ( 'NONE', #89, 1000.000000000000000 ) ;
#2212 = ORIENTED_EDGE ( 'NONE', *, *, #904, .T. ) ;
#2213 = PLANE ( 'NONE',  #219 ) ;
#2214 = AXIS2_PLACEMENT_3D ( 'NONE', #2033, #1760, #1027 ) ;
#2215 = CIRCLE ( 'NONE', #3107, 1.600000000000002531 ) ;
#2216 = CARTESIAN_POINT ( 'NONE',  ( 21.00000000000000000, -10.99999999999998579, -5.000000000000012434 ) ) ;
#2217 = CARTESIAN_POINT ( 'NONE',  ( 28.00000000000000355, -11.50000000000004619, -10.00000000000000000 ) ) ;
#2218 = LINE ( 'NONE', #1285, #849 ) ;
#2219 = CARTESIAN_POINT ( 'NONE',  ( 28.00000000000000355, -21.00000000000000355, -8.399999999999998579 ) ) ;
#2220 = EDGE_LOOP ( 'NONE', ( #1620, #2015, #100, #2410, #1581 ) ) ;
#2221 = DIRECTION ( 'NONE',  ( -0.000000000000000000, -0.000000000000000000, -1.000000000000000000 ) ) ;
#2222 = ADVANCED_FACE ( 'NONE', ( #1020 ), #2830, .F. ) ;
#2223 = DIRECTION ( 'NONE',  ( -0.7071067811865491270, -0.7071067811865459074, 0.000000000000000000 ) ) ;
#2224 = EDGE_CURVE ( 'NONE', #986, #3224, #891, .T. ) ;
#2225 = AXIS2_PLACEMENT_3D ( 'NONE', #2518, #192, #462 ) ;
#2226 = DIRECTION ( 'NONE',  ( 8.973825869789951658E-16, -0.8164965809277232589, 0.5773502691896298389 ) ) ;
#2227 = EDGE_CURVE ( 'NONE', #312, #1125, #3007, .T. ) ;
#2228 = ADVANCED_FACE ( 'NONE', ( #970 ), #1714, .F. ) ;
#2229 = CIRCLE ( 'NONE', #2122, 1.600000000000000755 ) ;
#2230 = LINE ( 'NONE', #1722, #1448 ) ;
#2231 = DIRECTION ( 'NONE',  ( 1.577021341797097314E-16, -1.000000000000000000, -0.000000000000000000 ) ) ;
#2232 = ORIENTED_EDGE ( 'NONE', *, *, #2357, .T. ) ;
#2233 = DIRECTION ( 'NONE',  ( 0.7071067811865491270, 0.7071067811865459074, 0.000000000000000000 ) ) ;
#2234 = CIRCLE ( 'NONE', #2687, 2.100000000000060041 ) ;
#2235 = VECTOR ( 'NONE', #2023, 1000.000000000000000 ) ;
#2236 = ORIENTED_EDGE ( 'NONE', *, *, #624, .F. ) ;
#2237 = ORIENTED_EDGE ( 'NONE', *, *, #3122, .T. ) ;
#2238 = CARTESIAN_POINT ( 'NONE',  ( -28.00000000000000000, -21.00000000000000355, -27.09999999999993037 ) ) ;
#2239 = ADVANCED_FACE ( 'NONE', ( #2962 ), #1950, .T. ) ;
#2240 = EDGE_CURVE ( 'NONE', #1944, #1220, #1553, .T. ) ;
#2241 = EDGE_LOOP ( 'NONE', ( #744, #2915, #2849, #2812, #510 ) ) ;
#2242 = DIRECTION ( 'NONE',  ( -1.000000000000000000, 0.000000000000000000, 0.000000000000000000 ) ) ;
#2243 =( GEOMETRIC_REPRESENTATION_CONTEXT ( 3 ) GLOBAL_UNCERTAINTY_ASSIGNED_CONTEXT ( ( #82 ) ) GLOBAL_UNIT_ASSIGNED_CONTEXT ( ( #1272, #1031, #1784 ) ) REPRESENTATION_CONTEXT ( 'NONE', 'WORKASPACE' ) );
#2244 = DIRECTION ( 'NONE',  ( 1.000000000000000000, 0.000000000000000000, 0.000000000000000000 ) ) ;
#2245 = DIRECTION ( 'NONE',  ( -1.000000000000000000, 0.000000000000000000, 0.000000000000000000 ) ) ;
#2246 = ORIENTED_EDGE ( 'NONE', *, *, #2715, .T. ) ;
#2247 = ADVANCED_FACE ( 'NONE', ( #3350 ), #2257, .F. ) ;
#2248 = ORIENTED_EDGE ( 'NONE', *, *, #1893, .T. ) ;
#2249 = ORIENTED_EDGE ( 'NONE', *, *, #799, .F. ) ;
#2250 = CARTESIAN_POINT ( 'NONE',  ( 15.49999999999989342, 17.76274169979696538, 4.500000000000007994 ) ) ;
#2251 = ORIENTED_EDGE ( 'NONE', *, *, #128, .F. ) ;
#2252 = VECTOR ( 'NONE', #2027, 1000.000000000000000 ) ;
#2253 = PLANE ( 'NONE',  #2882 ) ;
#2254 = ORIENTED_EDGE ( 'NONE', *, *, #129, .T. ) ;
#2255 = EDGE_CURVE ( 'NONE', #2572, #676, #396, .T. ) ;
#2256 = EDGE_CURVE ( 'NONE', #312, #201, #711, .T. ) ;
#2257 = CYLINDRICAL_SURFACE ( 'NONE', #325, 1.599999999999997202 ) ;
#2258 = DIRECTION ( 'NONE',  ( 1.000000000000000000, 0.000000000000000000, 0.000000000000000000 ) ) ;
#2259 = AXIS2_PLACEMENT_3D ( 'NONE', #2349, #3141, #3445 ) ;
#2260 = VECTOR ( 'NONE', #1219, 1000.000000000000114 ) ;
#2261 = CARTESIAN_POINT ( 'NONE',  ( 31.00000000000000000, -20.99999999999999289, -27.99999999999999645 ) ) ;
#2262 = LINE ( 'NONE', #303, #2801 ) ;
#2263 = ORIENTED_EDGE ( 'NONE', *, *, #674, .F. ) ;
#2264 = CARTESIAN_POINT ( 'NONE',  ( -27.99999999999998934, -11.00000000000000711, -9.999999999999996447 ) ) ;
#2265 = DIRECTION ( 'NONE',  ( 0.7071067811865437980, -0.7071067811865513475, 0.000000000000000000 ) ) ;
#2266 = CARTESIAN_POINT ( 'NONE',  ( 28.00000000000000000, -11.50000000000004619, -26.59999999999999787 ) ) ;
#2267 = CARTESIAN_POINT ( 'NONE',  ( -23.00000000000000000, -21.00000000000000000, -30.00000000000000000 ) ) ;
#2268 = CARTESIAN_POINT ( 'NONE',  ( -1.484924240491663605, 1.484924240491670488, 5.000000000000000000 ) ) ;
#2269 = LINE ( 'NONE', #713, #1642 ) ;
#2270 = DIRECTION ( 'NONE',  ( 1.000000000000000000, 0.000000000000000000, 0.000000000000000000 ) ) ;
#2271 = ORIENTED_EDGE ( 'NONE', *, *, #3117, .T. ) ;
#2272 = CIRCLE ( 'NONE', #2647, 1.600000000000000755 ) ;
#2273 = DIRECTION ( 'NONE',  ( 0.000000000000000000, 1.000000000000000000, 0.000000000000000000 ) ) ;
#2274 = EDGE_CURVE ( 'NONE', #1428, #1930, #144, .T. ) ;
#2275 = VECTOR ( 'NONE', #740, 1000.000000000000000 ) ;
#2276 = DIRECTION ( 'NONE',  ( -0.000000000000000000, -0.000000000000000000, -1.000000000000000000 ) ) ;
#2277 = DIRECTION ( 'NONE',  ( 0.000000000000000000, 0.000000000000000000, 1.000000000000000000 ) ) ;
#2278 = CARTESIAN_POINT ( 'NONE',  ( 15.50000000000010125, 15.50000000000000533, 0.000000000000000000 ) ) ;
#2279 = VECTOR ( 'NONE', #2983, 1000.000000000000000 ) ;
#2280 = DIRECTION ( 'NONE',  ( 0.000000000000000000, 0.000000000000000000, 1.000000000000000000 ) ) ;
#2281 = DIRECTION ( 'NONE',  ( -0.000000000000000000, 0.000000000000000000, 1.000000000000000000 ) ) ;
#2282 = CARTESIAN_POINT ( 'NONE',  ( -14.01507575950814477, 16.98492424049173621, 0.000000000000000000 ) ) ;
#2283 = VERTEX_POINT ( 'NONE', #77 ) ;
#2284 = AXIS2_PLACEMENT_3D ( 'NONE', #72, #1646, #1669 ) ;
#2285 = CARTESIAN_POINT ( 'NONE',  ( 21.00000000000000355, -20.99999999999999645, -27.99999999999999645 ) ) ;
#2286 = VECTOR ( 'NONE', #2660, 1000.000000000000114 ) ;
#2287 = DIRECTION ( 'NONE',  ( 0.4999999999999984457, 0.4999999999999886202, -0.7071067811865566766 ) ) ;
#2288 = EDGE_CURVE ( 'NONE', #1661, #2561, #1061, .T. ) ;
#2289 = CARTESIAN_POINT ( 'NONE',  ( -14.36862915010141073, 16.63137084989847025, 0.4999999999999991673 ) ) ;
#2290 = DIRECTION ( 'NONE',  ( -0.000000000000000000, -0.000000000000000000, -1.000000000000000000 ) ) ;
#2291 = CARTESIAN_POINT ( 'NONE',  ( 8.131727983645337332, 8.131727983645248514, 0.4999999999999952260 ) ) ;
#2292 = VERTEX_POINT ( 'NONE', #1167 ) ;
#2293 = VECTOR ( 'NONE', #839, 1000.000000000000000 ) ;
#2294 = EDGE_CURVE ( 'NONE', #2959, #2541, #103, .T. ) ;
#2295 = ORIENTED_EDGE ( 'NONE', *, *, #1813, .T. ) ;
#2296 = DIRECTION ( 'NONE',  ( -0.7071067811865459074, -0.7071067811865491270, 0.000000000000000000 ) ) ;
#2297 = EDGE_LOOP ( 'NONE', ( #3191, #2263, #43, #1202 ) ) ;
#2298 = FACE_OUTER_BOUND ( 'NONE', #2000, .T. ) ;
#2299 = DIRECTION ( 'NONE',  ( -0.000000000000000000, -0.000000000000000000, 1.000000000000000000 ) ) ;
#2300 = CONICAL_SURFACE ( 'NONE', #2510, 1.600000000000000755, 0.7853981633974456145 ) ;
#2301 = DIRECTION ( 'NONE',  ( 0.5000000000000052180, 0.4999999999999929501, -0.7071067811865489050 ) ) ;
#2302 = DIRECTION ( 'NONE',  ( -0.000000000000000000, -0.000000000000000000, -1.000000000000000000 ) ) ;
#2303 = FACE_BOUND ( 'NONE', #339, .T. ) ;
#2304 = AXIS2_PLACEMENT_3D ( 'NONE', #2135, #1853, #2637 ) ;
#2305 = VERTEX_POINT ( 'NONE', #608 ) ;
#2306 = DIRECTION ( 'NONE',  ( 0.000000000000000000, 1.000000000000000000, 0.000000000000000000 ) ) ;
#2307 = CARTESIAN_POINT ( 'NONE',  ( 15.49999999999989342, -13.23725830020305061, 5.000000000000000000 ) ) ;
#2308 = CARTESIAN_POINT ( 'NONE',  ( -20.99999999999999645, -21.00000000000000000, -30.00000000000000000 ) ) ;
#2309 = DIRECTION ( 'NONE',  ( 1.000000000000000000, 0.000000000000000000, 0.000000000000000000 ) ) ;
#2310 = ORIENTED_EDGE ( 'NONE', *, *, #555, .T. ) ;
#2311 = CARTESIAN_POINT ( 'NONE',  ( -23.00000000000000000, -21.00000000000000355, -27.99999999999999645 ) ) ;
#2312 = CIRCLE ( 'NONE', #776, 1.600000000000000755 ) ;
#2313 = LINE ( 'NONE', #1685, #2844 ) ;
#2314 = EDGE_LOOP ( 'NONE', ( #3439, #538, #3085, #978 ) ) ;
#2315 = VECTOR ( 'NONE', #2729, 1000.000000000000114 ) ;
#2316 = CARTESIAN_POINT ( 'NONE',  ( -33.00000000000000000, -11.00000000000000711, 5.000000000000000000 ) ) ;
#2317 = DIRECTION ( 'NONE',  ( 0.5000000000000066613, -0.5000000000000016653, -0.7071067811865416886 ) ) ;
#2318 = ORIENTED_EDGE ( 'NONE', *, *, #3315, .T. ) ;
#2319 = ORIENTED_EDGE ( 'NONE', *, *, #296, .T. ) ;
#2320 = ORIENTED_EDGE ( 'NONE', *, *, #1439, .F. ) ;
#2321 = CARTESIAN_POINT ( 'NONE',  ( 15.50000000000010125, 15.50000000000000533, 0.000000000000000000 ) ) ;
#2322 = AXIS2_PLACEMENT_3D ( 'NONE', #122, #3049, #631 ) ;
#2323 = CARTESIAN_POINT ( 'NONE',  ( -11.99999999999998224, 0.000000000000000000, 0.000000000000000000 ) ) ;
#2324 = EDGE_CURVE ( 'NONE', #1701, #56, #1477, .T. ) ;
#2325 = ORIENTED_EDGE ( 'NONE', *, *, #1689, .F. ) ;
#2326 = DIRECTION ( 'NONE',  ( 0.000000000000000000, 0.000000000000000000, -1.000000000000000000 ) ) ;
#2327 = EDGE_LOOP ( 'NONE', ( #3024, #3450, #224, #3341, #2880 ) ) ;
#2328 = AXIS2_PLACEMENT_3D ( 'NONE', #2550, #979, #2277 ) ;
#2329 = DIRECTION ( 'NONE',  ( -5.448394278086691423E-16, -0.8164965809277234809, 0.5773502691896293948 ) ) ;
#2330 = VERTEX_POINT ( 'NONE', #570 ) ;
#2331 = CARTESIAN_POINT ( 'NONE',  ( 28.00000000000000000, -11.50000000000004619, -24.99999999999999645 ) ) ;
#2332 = DIRECTION ( 'NONE',  ( 0.000000000000000000, 0.000000000000000000, 1.000000000000000000 ) ) ;
#2333 = ADVANCED_FACE ( 'NONE', ( #1582 ), #59, .F. ) ;
#2334 = EDGE_LOOP ( 'NONE', ( #2462, #2318, #321, #880 ) ) ;
#2335 = ORIENTED_EDGE ( 'NONE', *, *, #57, .F. ) ;
#2336 = ORIENTED_EDGE ( 'NONE', *, *, #1636, .F. ) ;
#2337 = CYLINDRICAL_SURFACE ( 'NONE', #524, 2.000000000000001776 ) ;
#2338 = ORIENTED_EDGE ( 'NONE', *, *, #2463, .T. ) ;
#2339 = LINE ( 'NONE', #2149, #767 ) ;
#2340 = CARTESIAN_POINT ( 'NONE',  ( -15.49999999999989342, 15.50000000000000000, 4.499999999999998224 ) ) ;
#2341 =( LENGTH_UNIT ( ) NAMED_UNIT ( * ) SI_UNIT ( .MILLI., .METRE. ) );
#2342 = EDGE_CURVE ( 'NONE', #2087, #1192, #1920, .T. ) ;
#2343 = ORIENTED_EDGE ( 'NONE', *, *, #1294, .F. ) ;
#2344 = VECTOR ( 'NONE', #3029, 1000.000000000000000 ) ;
#2345 = CARTESIAN_POINT ( 'NONE',  ( 28.00000000000000000, -11.50000000000004619, -24.99999999999999645 ) ) ;
#2346 = EDGE_LOOP ( 'NONE', ( #3200, #1430, #55, #1535, #1863 ) ) ;
#2347 = DIRECTION ( 'NONE',  ( 0.000000000000000000, 0.000000000000000000, 1.000000000000000000 ) ) ;
#2348 = DIRECTION ( 'NONE',  ( -0.000000000000000000, -0.000000000000000000, -1.000000000000000000 ) ) ;
#2349 = CARTESIAN_POINT ( 'NONE',  ( -15.49999999999989342, 15.50000000000000000, 0.000000000000000000 ) ) ;
#2350 = CARTESIAN_POINT ( 'NONE',  ( 15.49999999999989342, 17.76274169979696538, 4.500000000000007994 ) ) ;
#2351 = CIRCLE ( 'NONE', #2903, 1.600000000000000755 ) ;
#2352 = DIRECTION ( 'NONE',  ( -0.000000000000000000, -0.000000000000000000, -1.000000000000000000 ) ) ;
#2353 = CONICAL_SURFACE ( 'NONE', #3396, 1.600000000000002531, 0.7853981633974456145 ) ;
#2354 = VECTOR ( 'NONE', #2317, 1000.000000000000000 ) ;
#2355 = CARTESIAN_POINT ( 'NONE',  ( -21.00000000000000000, 21.00000000000000000, 0.000000000000000000 ) ) ;
#2356 = DIRECTION ( 'NONE',  ( -0.000000000000000000, 1.000000000000000000, -0.000000000000000000 ) ) ;
#2357 = EDGE_CURVE ( 'NONE', #522, #3420, #1387, .T. ) ;
#2358 = LINE ( 'NONE', #1850, #1856 ) ;
#2359 = DIRECTION ( 'NONE',  ( 0.000000000000000000, 0.000000000000000000, -1.000000000000000000 ) ) ;
#2360 = FILL_AREA_STYLE ('',( #248 ) ) ;
#2361 = EDGE_CURVE ( 'NONE', #201, #3277, #3260, .T. ) ;
#2362 = CARTESIAN_POINT ( 'NONE',  ( -28.00000000000000000, -11.00000000000000711, -24.99999999999999645 ) ) ;
#2363 = EDGE_CURVE ( 'NONE', #2199, #1250, #2705, .T. ) ;
#2364 = AXIS2_PLACEMENT_3D ( 'NONE', #1471, #2797, #2004 ) ;
#2365 = CARTESIAN_POINT ( 'NONE',  ( -20.99999999999999645, -21.00000000000000000, -27.99999999999999645 ) ) ;
#2366 = CARTESIAN_POINT ( 'NONE',  ( 28.00000000000000000, -20.99999999999999289, -24.99999999999999645 ) ) ;
#2367 = ORIENTED_EDGE ( 'NONE', *, *, #590, .T. ) ;
#2368 = AXIS2_PLACEMENT_3D ( 'NONE', #1772, #1231, #2824 ) ;
#2369 = CARTESIAN_POINT ( 'NONE',  ( -27.99999999999998934, -11.50000000000004619, -11.59999999999999964 ) ) ;
#2370 = DIRECTION ( 'NONE',  ( 0.000000000000000000, -0.000000000000000000, -1.000000000000000000 ) ) ;
#2371 = ORIENTED_EDGE ( 'NONE', *, *, #404, .F. ) ;
#2372 = ORIENTED_EDGE ( 'NONE', *, *, #1389, .F. ) ;
#2373 = CIRCLE ( 'NONE', #3088, 1.600000000000004086 ) ;
#2374 = ORIENTED_EDGE ( 'NONE', *, *, #2188, .T. ) ;
#2375 = VECTOR ( 'NONE', #338, 1000.000000000000000 ) ;
#2376 = ORIENTED_EDGE ( 'NONE', *, *, #4, .F. ) ;
#2377 = LINE ( 'NONE', #984, #641 ) ;
#2378 = FACE_OUTER_BOUND ( 'NONE', #1580, .T. ) ;
#2379 = DIRECTION ( 'NONE',  ( -1.000000000000000000, 0.000000000000000000, 0.000000000000000000 ) ) ;
#2380 = CARTESIAN_POINT ( 'NONE',  ( 8.131727983645337332, 8.131727983645248514, 4.500000000000009770 ) ) ;
#2381 = ORIENTED_EDGE ( 'NONE', *, *, #1720, .F. ) ;
#2382 = ORIENTED_EDGE ( 'NONE', *, *, #264, .T. ) ;
#2383 = DIRECTION ( 'NONE',  ( -0.000000000000000000, -0.000000000000000000, -1.000000000000000000 ) ) ;
#2384 = AXIS2_PLACEMENT_3D ( 'NONE', #2746, #104, #3061 ) ;
#2385 = VERTEX_POINT ( 'NONE', #1137 ) ;
#2386 = FACE_OUTER_BOUND ( 'NONE', #705, .T. ) ;
#2387 = DIRECTION ( 'NONE',  ( -0.000000000000000000, -0.000000000000000000, -1.000000000000000000 ) ) ;
#2388 = DIRECTION ( 'NONE',  ( 0.000000000000000000, 1.000000000000000000, 0.000000000000000000 ) ) ;
#2389 = ADVANCED_FACE ( 'NONE', ( #2412 ), #1111, .T. ) ;
#2390 = CIRCLE ( 'NONE', #2205, 1.600000000000000755 ) ;
#2391 = ORIENTED_EDGE ( 'NONE', *, *, #1258, .T. ) ;
#2392 = CARTESIAN_POINT ( 'NONE',  ( 14.36862915010152442, -14.36862915010162567, 0.5000000000000013323 ) ) ;
#2393 = VECTOR ( 'NONE', #3310, 1000.000000000000114 ) ;
#2394 = CARTESIAN_POINT ( 'NONE',  ( -17.59999999999990550, -15.50000000000000178, 5.000000000000000000 ) ) ;
#2395 = ORIENTED_EDGE ( 'NONE', *, *, #3148, .T. ) ;
#2396 = CARTESIAN_POINT ( 'NONE',  ( -15.49999999999989342, 17.76274169979696538, 0.4999999999999995559 ) ) ;
#2397 = EDGE_CURVE ( 'NONE', #1661, #2791, #3430, .T. ) ;
#2398 = MECHANICAL_DESIGN_GEOMETRIC_PRESENTATION_REPRESENTATION (  '', ( #3229 ), #2568 ) ;
#2399 = EDGE_CURVE ( 'NONE', #2535, #433, #3175, .T. ) ;
#2400 = DIRECTION ( 'NONE',  ( -1.000000000000000000, 0.000000000000000000, 0.000000000000000000 ) ) ;
#2401 = DIRECTION ( 'NONE',  ( 0.5000000000000069944, -0.5000000000000012212, -0.7071067811865419106 ) ) ;
#2402 = ADVANCED_FACE ( 'NONE', ( #3089 ), #3245, .T. ) ;
#2403 = VERTEX_POINT ( 'NONE', #356 ) ;
#2404 = ORIENTED_EDGE ( 'NONE', *, *, #2699, .T. ) ;
#2405 = EDGE_CURVE ( 'NONE', #1446, #719, #349, .T. ) ;
#2406 = CARTESIAN_POINT ( 'NONE',  ( -15.49999999999989342, -15.50000000000000178, 4.500000000000000888 ) ) ;
#2407 = FACE_OUTER_BOUND ( 'NONE', #287, .T. ) ;
#2408 = DIRECTION ( 'NONE',  ( 0.000000000000000000, 0.7071067811865495711, 0.7071067811865455743 ) ) ;
#2409 = CARTESIAN_POINT ( 'NONE',  ( 4.857225732735059864E-14, 16.26345596729073506, 0.4999999999999952260 ) ) ;
#2410 = ORIENTED_EDGE ( 'NONE', *, *, #482, .T. ) ;
#2411 = ORIENTED_EDGE ( 'NONE', *, *, #3068, .F. ) ;
#2412 = FACE_OUTER_BOUND ( 'NONE', #2156, .T. ) ;
#2413 = ORIENTED_EDGE ( 'NONE', *, *, #161, .T. ) ;
#2414 = VECTOR ( 'NONE', #2748, 1000.000000000000114 ) ;
#2415 = ORIENTED_EDGE ( 'NONE', *, *, #2099, .F. ) ;
#2416 = DIRECTION ( 'NONE',  ( 1.000000000000000000, 0.000000000000000000, 0.000000000000000000 ) ) ;
#2417 = CARTESIAN_POINT ( 'NONE',  ( -14.36862915010141784, -14.36862915010152086, 4.500000000000000888 ) ) ;
#2418 = ADVANCED_FACE ( 'NONE', ( #512 ), #1877, .F. ) ;
#2419 = EDGE_CURVE ( 'NONE', #298, #1235, #1668, .T. ) ;
#2420 = EDGE_CURVE ( 'NONE', #3402, #3413, #2916, .T. ) ;
#2421 = AXIS2_PLACEMENT_3D ( 'NONE', #541, #1338, #1633 ) ;
#2422 = DIRECTION ( 'NONE',  ( 0.4999999999999982792, 0.4999999999999933942, -0.7071067811865533459 ) ) ;
#2423 = LINE ( 'NONE', #1230, #1978 ) ;
#2424 = CARTESIAN_POINT ( 'NONE',  ( 28.00000000000000000, -10.99999999999998579, -22.89999999999993818 ) ) ;
#2425 = EDGE_LOOP ( 'NONE', ( #2125, #3037, #2089, #3397 ) ) ;
#2426 = AXIS2_PLACEMENT_3D ( 'NONE', #715, #2005, #469 ) ;
#2427 = DIRECTION ( 'NONE',  ( -0.000000000000000000, -0.000000000000000000, -1.000000000000000000 ) ) ;
#2428 = FACE_OUTER_BOUND ( 'NONE', #2565, .T. ) ;
#2429 = CYLINDRICAL_SURFACE ( 'NONE', #3304, 1.599999999999997202 ) ;
#2430 = CARTESIAN_POINT ( 'NONE',  ( -15.49999999999989342, -15.50000000000000178, 4.500000000000000888 ) ) ;
#2431 = CARTESIAN_POINT ( 'NONE',  ( 21.00000000000000000, 21.00000000000000000, 0.000000000000000000 ) ) ;
#2432 = LINE ( 'NONE', #537, #1651 ) ;
#2433 = ORIENTED_EDGE ( 'NONE', *, *, #1935, .T. ) ;
#2434 = ADVANCED_FACE ( 'NONE', ( #182 ), #2494, .F. ) ;
#2435 = CARTESIAN_POINT ( 'NONE',  ( 28.00000000000000355, -11.50000000000004619, -8.399999999999998579 ) ) ;
#2436 = CARTESIAN_POINT ( 'NONE',  ( -15.49999999999989342, 15.50000000000000000, 0.4999999999999978351 ) ) ;
#2437 = DIRECTION ( 'NONE',  ( -1.000000000000000000, -2.891205793294679312E-16, -0.000000000000000000 ) ) ;
#2438 = AXIS2_PLACEMENT_3D ( 'NONE', #2101, #1556, #1826 ) ;
#2439 = EDGE_CURVE ( 'NONE', #2826, #1844, #639, .T. ) ;
#2440 = CARTESIAN_POINT ( 'NONE',  ( 28.00000000000000000, -21.00000000000000355, -24.99999999999999645 ) ) ;
#2441 = CARTESIAN_POINT ( 'NONE',  ( 15.50000000000010125, 15.50000000000000533, 4.500000000000007994 ) ) ;
#2442 = VERTEX_POINT ( 'NONE', #930 ) ;
#2443 = ORIENTED_EDGE ( 'NONE', *, *, #5, .F. ) ;
#2444 = ADVANCED_FACE ( 'NONE', ( #391 ), #2574, .F. ) ;
#2445 = EDGE_LOOP ( 'NONE', ( #2842, #1996, #2335, #1025 ) ) ;
#2446 = CONICAL_SURFACE ( 'NONE', #2032, 11.49999999999999645, 0.7853981633974517207 ) ;
#2447 = VERTEX_POINT ( 'NONE', #1434 ) ;
#2448 = DIRECTION ( 'NONE',  ( -0.000000000000000000, 1.000000000000000000, -0.000000000000000000 ) ) ;
#2449 = ORIENTED_EDGE ( 'NONE', *, *, #3134, .F. ) ;
#2450 = CARTESIAN_POINT ( 'NONE',  ( 28.00000000000000355, -20.99999999999999289, -7.900000000000047429 ) ) ;
#2451 = VECTOR ( 'NONE', #842, 1000.000000000000000 ) ;
#2452 = CARTESIAN_POINT ( 'NONE',  ( -31.00000000000000000, 0.000000000000000000, -30.00000000000000000 ) ) ;
#2453 = VERTEX_POINT ( 'NONE', #901 ) ;
#2454 = CARTESIAN_POINT ( 'NONE',  ( 13.40000000000011582, 15.50000000000000533, 5.000000000000000000 ) ) ;
#2455 = FACE_OUTER_BOUND ( 'NONE', #1800, .T. ) ;
#2456 = CARTESIAN_POINT ( 'NONE',  ( 0.000000000000000000, 0.000000000000000000, 4.500000000000009770 ) ) ;
#2457 = PLANE ( 'NONE',  #315 ) ;
#2458 = ADVANCED_FACE ( 'NONE', ( #2407 ), #2446, .F. ) ;
#2459 = ORIENTED_EDGE ( 'NONE', *, *, #145, .T. ) ;
#2460 = CIRCLE ( 'NONE', #134, 2.000000000000001776 ) ;
#2461 = DIRECTION ( 'NONE',  ( 1.000000000000000000, -2.478176394252567927E-15, 0.000000000000000000 ) ) ;
#2462 = ORIENTED_EDGE ( 'NONE', *, *, #555, .F. ) ;
#2463 = EDGE_CURVE ( 'NONE', #206, #3193, #302, .T. ) ;
#2464 = DIRECTION ( 'NONE',  ( 1.000000000000000000, 0.000000000000000000, 0.000000000000000000 ) ) ;
#2465 = DIRECTION ( 'NONE',  ( -1.000000000000000000, 0.000000000000000000, 0.000000000000000000 ) ) ;
#2466 = DIRECTION ( 'NONE',  ( 1.000000000000000000, 0.000000000000000000, 0.000000000000000000 ) ) ;
#2467 = DIRECTION ( 'NONE',  ( 1.000000000000000000, 0.000000000000000000, 0.000000000000000000 ) ) ;
#2468 = EDGE_LOOP ( 'NONE', ( #1841, #1592, #1308, #2704 ) ) ;
#2469 = VECTOR ( 'NONE', #692, 1000.000000000000114 ) ;
#2470 = FACE_OUTER_BOUND ( 'NONE', #447, .T. ) ;
#2471 = AXIS2_PLACEMENT_3D ( 'NONE', #889, #1644, #2731 ) ;
#2472 = CARTESIAN_POINT ( 'NONE',  ( -15.49999999999989342, -13.23725830020305061, 4.500000000000000888 ) ) ;
#2473 = EDGE_LOOP ( 'NONE', ( #2586, #139, #1107, #3251 ) ) ;
#2474 = ADVANCED_FACE ( 'NONE', ( #761 ), #1622, .F. ) ;
#2475 = FACE_OUTER_BOUND ( 'NONE', #130, .T. ) ;
#2476 = CARTESIAN_POINT ( 'NONE',  ( 28.00000000000000355, -20.50000000000004974, -10.00000000000000000 ) ) ;
#2477 = ORIENTED_EDGE ( 'NONE', *, *, #2363, .F. ) ;
#2478 = DIRECTION ( 'NONE',  ( 0.000000000000000000, 0.000000000000000000, 1.000000000000000000 ) ) ;
#2479 = ORIENTED_EDGE ( 'NONE', *, *, #1260, .F. ) ;
#2480 = DIRECTION ( 'NONE',  ( -0.3511234415883916493, 0.9363291775690446572, -0.000000000000000000 ) ) ;
#2481 = VERTEX_POINT ( 'NONE', #1216 ) ;
#2482 = LINE ( 'NONE', #514, #1296 ) ;
#2483 = DIRECTION ( 'NONE',  ( -0.000000000000000000, -0.000000000000000000, -1.000000000000000000 ) ) ;
#2484 = DIRECTION ( 'NONE',  ( -1.000000000000000000, 0.000000000000000000, 0.000000000000000000 ) ) ;
#2485 = CARTESIAN_POINT ( 'NONE',  ( 28.00000000000000000, -20.50000000000005684, -24.99999999999999645 ) ) ;
#2486 = EDGE_LOOP ( 'NONE', ( #888, #871, #1347, #1261 ) ) ;
#2487 = CARTESIAN_POINT ( 'NONE',  ( 28.00000000000000355, -10.99999999999998579, -12.10000000000006182 ) ) ;
#2488 = EDGE_CURVE ( 'NONE', #2690, #1098, #3208, .T. ) ;
#2489 = EDGE_CURVE ( 'NONE', #2199, #1098, #142, .T. ) ;
#2490 = ADVANCED_FACE ( 'NONE', ( #1264, #472, #3425, #2745, #1916, #3128 ), #2253, .F. ) ;
#2491 = ORIENTED_EDGE ( 'NONE', *, *, #3440, .T. ) ;
#2492 = ORIENTED_EDGE ( 'NONE', *, *, #1470, .F. ) ;
#2493 = ORIENTED_EDGE ( 'NONE', *, *, #2937, .T. ) ;
#2494 = CONICAL_SURFACE ( 'NONE', #1854, 2.099999999999931699, 0.7853981633974471688 ) ;
#2495 = ORIENTED_EDGE ( 'NONE', *, *, #2240, .F. ) ;
#2496 = DIRECTION ( 'NONE',  ( -0.4999999999999978351, 0.4999999999999928946, -0.7071067811865540120 ) ) ;
#2497 = AXIS2_PLACEMENT_3D ( 'NONE', #2430, #602, #2977 ) ;
#2498 = VECTOR ( 'NONE', #2387, 1000.000000000000000 ) ;
#2499 = ADVANCED_FACE ( 'NONE', ( #1344 ), #1461, .T. ) ;
#2500 = FACE_OUTER_BOUND ( 'NONE', #2105, .T. ) ;
#2501 = ORIENTED_EDGE ( 'NONE', *, *, #1015, .F. ) ;
#2502 = AXIS2_PLACEMENT_3D ( 'NONE', #828, #3181, #2120 ) ;
#2503 = EDGE_CURVE ( 'NONE', #3211, #2511, #1710, .T. ) ;
#2504 = CARTESIAN_POINT ( 'NONE',  ( 16.98492424049163674, -14.01507575950825135, 5.000000000000000000 ) ) ;
#2505 = VERTEX_POINT ( 'NONE', #2798 ) ;
#2506 = DIRECTION ( 'NONE',  ( 1.000000000000000000, 0.000000000000000000, 0.000000000000000000 ) ) ;
#2507 = VECTOR ( 'NONE', #2583, 1000.000000000000000 ) ;
#2508 = CARTESIAN_POINT ( 'NONE',  ( -1.484924240491725111, 1.484924240491709346, 0.000000000000000000 ) ) ;
#2509 = FACE_OUTER_BOUND ( 'NONE', #3160, .T. ) ;
#2510 = AXIS2_PLACEMENT_3D ( 'NONE', #997, #2306, #2579 ) ;
#2511 = VERTEX_POINT ( 'NONE', #414 ) ;
#2512 = CIRCLE ( 'NONE', #926, 2.000000000000001776 ) ;
#2513 = CARTESIAN_POINT ( 'NONE',  ( 15.50000000000010658, -15.49999999999998757, 5.000000000000000000 ) ) ;
#2514 = CARTESIAN_POINT ( 'NONE',  ( 15.50000000000010125, 15.50000000000000533, 5.000000000000000000 ) ) ;
#2515 = EDGE_CURVE ( 'NONE', #2847, #336, #1187, .T. ) ;
#2516 = CARTESIAN_POINT ( 'NONE',  ( 8.485281374238663687, 8.485281374238455854, 5.000000000000000000 ) ) ;
#2517 = CARTESIAN_POINT ( 'NONE',  ( -15.49999999999989342, -12.53015151901652047, 0.000000000000000000 ) ) ;
#2518 = CARTESIAN_POINT ( 'NONE',  ( 28.00000000000000000, -10.99999999999998579, -24.99999999999999645 ) ) ;
#2519 = EDGE_CURVE ( 'NONE', #1539, #2092, #2960, .T. ) ;
#2520 = CARTESIAN_POINT ( 'NONE',  ( 16.98492424049174687, -14.01507575950814477, 0.000000000000000000 ) ) ;
#2521 = VERTEX_POINT ( 'NONE', #2838 ) ;
#2522 = ORIENTED_EDGE ( 'NONE', *, *, #1084, .F. ) ;
#2523 = CARTESIAN_POINT ( 'NONE',  ( 33.00000000000000000, -10.99999999999998579, -5.000000000000012434 ) ) ;
#2524 = ORIENTED_EDGE ( 'NONE', *, *, #2078, .F. ) ;
#2525 = VECTOR ( 'NONE', #488, 1000.000000000000000 ) ;
#2526 = CARTESIAN_POINT ( 'NONE',  ( -16.63137084989837788, 16.63137084989847025, 0.4999999999999978351 ) ) ;
#2527 = DIRECTION ( 'NONE',  ( 0.000000000000000000, 0.000000000000000000, 1.000000000000000000 ) ) ;
#2528 = ORIENTED_EDGE ( 'NONE', *, *, #1758, .F. ) ;
#2529 = ORIENTED_EDGE ( 'NONE', *, *, #717, .T. ) ;
#2530 = DIRECTION ( 'NONE',  ( 0.000000000000000000, -1.000000000000000000, 0.000000000000000000 ) ) ;
#2531 = EDGE_CURVE ( 'NONE', #3228, #1746, #2042, .T. ) ;
#2532 = EDGE_CURVE ( 'NONE', #1845, #1380, #1794, .T. ) ;
#2533 = VECTOR ( 'NONE', #2480, 999.9999999999998863 ) ;
#2534 = AXIS2_PLACEMENT_3D ( 'NONE', #228, #2076, #1029 ) ;
#2535 = VERTEX_POINT ( 'NONE', #2526 ) ;
#2536 = FACE_OUTER_BOUND ( 'NONE', #3053, .T. ) ;
#2537 = ORIENTED_EDGE ( 'NONE', *, *, #1198, .F. ) ;
#2538 = AXIS2_PLACEMENT_3D ( 'NONE', #2331, #2627, #2347 ) ;
#2539 = CARTESIAN_POINT ( 'NONE',  ( -13.89999999999989377, 15.50000000000000000, 5.000000000000000000 ) ) ;
#2540 = DIRECTION ( 'NONE',  ( 1.000000000000000000, 0.000000000000000000, 0.000000000000000000 ) ) ;
#2541 = VERTEX_POINT ( 'NONE', #3093 ) ;
#2542 = CARTESIAN_POINT ( 'NONE',  ( 33.00000000000000000, -20.99999999999999289, 5.000000000000000000 ) ) ;
#2543 = CARTESIAN_POINT ( 'NONE',  ( -14.01507575950814122, -14.01507575950824069, 5.000000000000000000 ) ) ;
#2544 = CARTESIAN_POINT ( 'NONE',  ( -13.89999999999989022, -15.50000000000000178, 5.000000000000000000 ) ) ;
#2545 = ORIENTED_EDGE ( 'NONE', *, *, #2048, .T. ) ;
#2546 = AXIS2_PLACEMENT_3D ( 'NONE', #138, #2750, #1733 ) ;
#2547 = LINE ( 'NONE', #2142, #3363 ) ;
#2548 = LINE ( 'NONE', #2571, #3069 ) ;
#2549 = EDGE_CURVE ( 'NONE', #1022, #1944, #1010, .T. ) ;
#2550 = CARTESIAN_POINT ( 'NONE',  ( 28.00000000000000355, -20.50000000000004974, -10.00000000000000000 ) ) ;
#2551 =( LENGTH_UNIT ( ) NAMED_UNIT ( * ) SI_UNIT ( .MILLI., .METRE. ) );
#2552 = ORIENTED_EDGE ( 'NONE', *, *, #3283, .T. ) ;
#2553 = VECTOR ( 'NONE', #1677, 1000.000000000000114 ) ;
#2554 = ORIENTED_EDGE ( 'NONE', *, *, #810, .F. ) ;
#2555 = DIRECTION ( 'NONE',  ( 0.000000000000000000, -0.000000000000000000, -1.000000000000000000 ) ) ;
#2556 = VERTEX_POINT ( 'NONE', #425 ) ;
#2557 = AXIS2_PLACEMENT_3D ( 'NONE', #1990, #3026, #2244 ) ;
#2558 = CARTESIAN_POINT ( 'NONE',  ( 15.49999999999989342, -13.23725830020305061, 5.000000000000000000 ) ) ;
#2559 = CONICAL_SURFACE ( 'NONE', #2144, 1.599999999999997202, 0.7853981633974427279 ) ;
#2560 = CARTESIAN_POINT ( 'NONE',  ( 21.00000000000000000, 21.00000000000000000, 5.000000000000000000 ) ) ;
#2561 = VERTEX_POINT ( 'NONE', #693 ) ;
#2562 = CARTESIAN_POINT ( 'NONE',  ( -33.00000000000000000, -11.00000000000000711, -5.000000000000039968 ) ) ;
#2563 = EDGE_LOOP ( 'NONE', ( #1093, #3241, #30, #3287, #2202 ) ) ;
#2564 = CARTESIAN_POINT ( 'NONE',  ( -28.00000000000000000, -21.00000000000000355, -27.09999999999993037 ) ) ;
#2565 = EDGE_LOOP ( 'NONE', ( #912, #2730, #623, #3389 ) ) ;
#2566 = FACE_OUTER_BOUND ( 'NONE', #2644, .T. ) ;
#2567 = EDGE_CURVE ( 'NONE', #2608, #433, #227, .T. ) ;
#2568 =( GEOMETRIC_REPRESENTATION_CONTEXT ( 3 ) GLOBAL_UNCERTAINTY_ASSIGNED_CONTEXT ( ( #3384 ) ) GLOBAL_UNIT_ASSIGNED_CONTEXT ( ( #2341, #2098, #2086 ) ) REPRESENTATION_CONTEXT ( 'NONE', 'WORKASPACE' ) );
#2569 = VERTEX_POINT ( 'NONE', #1502 ) ;
#2570 = DIRECTION ( 'NONE',  ( 0.7071067811865513475, -0.7071067811865437980, 0.000000000000000000 ) ) ;
#2571 = CARTESIAN_POINT ( 'NONE',  ( -8.131727983645342661, 8.131727983645250291, 4.500000000000009770 ) ) ;
#2572 = VERTEX_POINT ( 'NONE', #991 ) ;
#2573 = EDGE_CURVE ( 'NONE', #2569, #1380, #3345, .T. ) ;
#2574 = CYLINDRICAL_SURFACE ( 'NONE', #2166, 1.600000000000000755 ) ;
#2575 = CARTESIAN_POINT ( 'NONE',  ( -15.49999999999989342, 15.50000000000000000, 4.499999999999998224 ) ) ;
#2576 = VECTOR ( 'NONE', #1316, 1000.000000000000000 ) ;
#2577 = CONICAL_SURFACE ( 'NONE', #1421, 1.600000000000004086, 0.7853981633974563836 ) ;
#2578 = ORIENTED_EDGE ( 'NONE', *, *, #684, .F. ) ;
#2579 = DIRECTION ( 'NONE',  ( 0.000000000000000000, 0.000000000000000000, 1.000000000000000000 ) ) ;
#2580 = CARTESIAN_POINT ( 'NONE',  ( 15.49999999999989342, 17.76274169979696538, 5.000000000000000000 ) ) ;
#2581 = EDGE_CURVE ( 'NONE', #1235, #1871, #2659, .T. ) ;
#2582 = PRODUCT_DEFINITION ( '未知', '', #1749, #1440 ) ;
#2583 = DIRECTION ( 'NONE',  ( 0.7071067811865437980, -0.7071067811865513475, 0.000000000000000000 ) ) ;
#2584 = DIRECTION ( 'NONE',  ( 0.000000000000000000, -0.000000000000000000, -1.000000000000000000 ) ) ;
#2585 =( NAMED_UNIT ( * ) SI_UNIT ( $, .STERADIAN. ) SOLID_ANGLE_UNIT ( ) );
#2586 = ORIENTED_EDGE ( 'NONE', *, *, #2874, .F. ) ;
#2587 = CARTESIAN_POINT ( 'NONE',  ( 15.49999999999989342, 17.76274169979696538, 4.500000000000007994 ) ) ;
#2588 = CARTESIAN_POINT ( 'NONE',  ( 1.484924240491721559, 1.484924240491705572, 0.000000000000000000 ) ) ;
#2589 = VECTOR ( 'NONE', #3307, 1000.000000000000000 ) ;
#2590 = VERTEX_POINT ( 'NONE', #1259 ) ;
#2591 = FACE_OUTER_BOUND ( 'NONE', #466, .T. ) ;
#2592 = CARTESIAN_POINT ( 'NONE',  ( 28.00000000000000355, -11.50000000000004619, -10.00000000000000000 ) ) ;
#2593 = LINE ( 'NONE', #2136, #123 ) ;
#2594 = ORIENTED_EDGE ( 'NONE', *, *, #775, .F. ) ;
#2595 = CARTESIAN_POINT ( 'NONE',  ( 8.485281374238660135, 8.485281374238452301, 0.000000000000000000 ) ) ;
#2596 = ORIENTED_EDGE ( 'NONE', *, *, #2160, .T. ) ;
#2597 = EDGE_CURVE ( 'NONE', #3274, #840, #1096, .T. ) ;
#2598 = DIRECTION ( 'NONE',  ( 1.000000000000000000, 0.000000000000000000, 0.000000000000000000 ) ) ;
#2599 = EDGE_CURVE ( 'NONE', #1002, #2447, #2790, .T. ) ;
#2600 = CYLINDRICAL_SURFACE ( 'NONE', #1130, 2.000000000000001776 ) ;
#2601 = AXIS2_PLACEMENT_3D ( 'NONE', #2604, #3176, #218 ) ;
#2602 = VERTEX_POINT ( 'NONE', #2808 ) ;
#2603 = CARTESIAN_POINT ( 'NONE',  ( 17.10000000000009734, -15.49999999999998757, 4.500000000000004441 ) ) ;
#2604 = CARTESIAN_POINT ( 'NONE',  ( -15.49999999999989342, 15.50000000000000000, 0.000000000000000000 ) ) ;
#2605 = AXIS2_PLACEMENT_3D ( 'NONE', #1843, #791, #2633 ) ;
#2606 = DIRECTION ( 'NONE',  ( -0.000000000000000000, 1.000000000000000000, -0.000000000000000000 ) ) ;
#2607 = DIRECTION ( 'NONE',  ( 0.7071067811865491270, -0.7071067811865459074, 0.000000000000000000 ) ) ;
#2608 = VERTEX_POINT ( 'NONE', #3114 ) ;
#2609 = DIRECTION ( 'NONE',  ( 1.858863930170775841E-15, 0.8164965809277229258, 0.5773502691896301720 ) ) ;
#2610 = ORIENTED_EDGE ( 'NONE', *, *, #2874, .T. ) ;
#2611 = CARTESIAN_POINT ( 'NONE',  ( -13.39999999999990266, -15.50000000000000178, 0.000000000000000000 ) ) ;
#2612 = ORIENTED_EDGE ( 'NONE', *, *, #2623, .F. ) ;
#2613 = ORIENTED_EDGE ( 'NONE', *, *, #1544, .T. ) ;
#2614 = FACE_BOUND ( 'NONE', #2119, .T. ) ;
#2615 = CARTESIAN_POINT ( 'NONE',  ( 21.00000000000000000, -10.99999999999998579, -30.00000000000000000 ) ) ;
#2616 = CARTESIAN_POINT ( 'NONE',  ( -15.49999999999989342, 15.50000000000000000, 0.000000000000000000 ) ) ;
#2617 = ORIENTED_EDGE ( 'NONE', *, *, #1229, .F. ) ;
#2618 = EDGE_LOOP ( 'NONE', ( #823, #3127, #2914, #730 ) ) ;
#2619 = VECTOR ( 'NONE', #1378, 1000.000000000000000 ) ;
#2620 = AXIS2_PLACEMENT_3D ( 'NONE', #585, #2992, #832 ) ;
#2621 = DIRECTION ( 'NONE',  ( -0.7071067811865491270, -0.7071067811865459074, 0.000000000000000000 ) ) ;
#2622 = DIRECTION ( 'NONE',  ( -0.000000000000000000, -1.000000000000000000, -0.000000000000000000 ) ) ;
#2623 = EDGE_CURVE ( 'NONE', #429, #3455, #430, .T. ) ;
#2624 = CONICAL_SURFACE ( 'NONE', #750, 1.600000000000000755, 0.7853981633974563836 ) ;
#2625 = DIRECTION ( 'NONE',  ( -0.000000000000000000, -0.000000000000000000, -1.000000000000000000 ) ) ;
#2626 = EDGE_LOOP ( 'NONE', ( #651, #11, #7, #1201 ) ) ;
#2627 = DIRECTION ( 'NONE',  ( 0.000000000000000000, 1.000000000000000000, 0.000000000000000000 ) ) ;
#2628 = DIRECTION ( 'NONE',  ( 0.5000000000000081046, 0.5000000000000027756, -0.7071067811865400232 ) ) ;
#2629 = DIRECTION ( 'NONE',  ( -1.000000000000000000, 0.000000000000000000, 0.000000000000000000 ) ) ;
#2630 = AXIS2_PLACEMENT_3D ( 'NONE', #1623, #1352, #1392 ) ;
#2631 = DIRECTION ( 'NONE',  ( -1.000000000000000000, 0.000000000000000000, 0.000000000000000000 ) ) ;
#2632 = EDGE_CURVE ( 'NONE', #1270, #1117, #846, .T. ) ;
#2633 = DIRECTION ( 'NONE',  ( 1.000000000000000000, 0.000000000000000000, 0.000000000000000000 ) ) ;
#2634 = ORIENTED_EDGE ( 'NONE', *, *, #1721, .T. ) ;
#2635 = CONICAL_SURFACE ( 'NONE', #3312, 1.599999999999992095, 0.7853981633974423948 ) ;
#2636 = SURFACE_STYLE_FILL_AREA ( #2360 ) ;
#2637 = DIRECTION ( 'NONE',  ( 1.000000000000000000, 0.000000000000000000, 0.000000000000000000 ) ) ;
#2638 = EDGE_CURVE ( 'NONE', #676, #2741, #934, .T. ) ;
#2639 = FACE_OUTER_BOUND ( 'NONE', #1185, .T. ) ;
#2640 = ORIENTED_EDGE ( 'NONE', *, *, #296, .F. ) ;
#2641 = CARTESIAN_POINT ( 'NONE',  ( -15.49999999999989342, -12.53015151901649382, 5.000000000000000000 ) ) ;
#2642 = DIRECTION ( 'NONE',  ( -0.000000000000000000, 1.000000000000000000, -0.000000000000000000 ) ) ;
#2643 = ORIENTED_EDGE ( 'NONE', *, *, #1518, .T. ) ;
#2644 = EDGE_LOOP ( 'NONE', ( #2433, #644, #638, #31 ) ) ;
#2645 = LINE ( 'NONE', #1321, #749 ) ;
#2646 = ADVANCED_FACE ( 'NONE', ( #2165 ), #2337, .T. ) ;
#2647 = AXIS2_PLACEMENT_3D ( 'NONE', #607, #1937, #1408 ) ;
#2648 = CARTESIAN_POINT ( 'NONE',  ( 21.00000000000000000, -10.99999999999998579, -5.000000000000011546 ) ) ;
#2649 = CARTESIAN_POINT ( 'NONE',  ( -17.09999999999989484, 15.50000000000000000, 5.000000000000000000 ) ) ;
#2650 = ORIENTED_EDGE ( 'NONE', *, *, #1895, .F. ) ;
#2651 = CARTESIAN_POINT ( 'NONE',  ( 15.50000000000010125, 15.50000000000000533, 0.000000000000000000 ) ) ;
#2652 = DIRECTION ( 'NONE',  ( -0.000000000000000000, -0.000000000000000000, -1.000000000000000000 ) ) ;
#2653 = DIRECTION ( 'NONE',  ( -0.000000000000000000, -0.000000000000000000, -1.000000000000000000 ) ) ;
#2654 = ORIENTED_EDGE ( 'NONE', *, *, #2898, .T. ) ;
#2655 = CONICAL_SURFACE ( 'NONE', #355, 1.599999999999992095, 0.7853981633974423948 ) ;
#2656 = ORIENTED_EDGE ( 'NONE', *, *, #2274, .F. ) ;
#2657 = ORIENTED_EDGE ( 'NONE', *, *, #773, .F. ) ;
#2658 = CARTESIAN_POINT ( 'NONE',  ( -8.485281374238612173, 8.485281374238510921, 0.000000000000000000 ) ) ;
#2659 = LINE ( 'NONE', #3383, #1960 ) ;
#2660 = DIRECTION ( 'NONE',  ( -0.4999999999999972244, 0.4999999999999923395, -0.7071067811865550112 ) ) ;
#2661 = CONICAL_SURFACE ( 'NONE', #1287, 2.099999999999992539, 0.7853981633974437271 ) ;
#2662 = CARTESIAN_POINT ( 'NONE',  ( 21.00000000000000000, -10.99999999999998579, -0.000000000000000000 ) ) ;
#2663 = LINE ( 'NONE', #949, #1883 ) ;
#2664 = DIRECTION ( 'NONE',  ( -1.000000000000000000, 0.000000000000000000, 0.000000000000000000 ) ) ;
#2665 = DIRECTION ( 'NONE',  ( -1.000000000000000000, 0.000000000000000000, 0.000000000000000000 ) ) ;
#2666 = ADVANCED_FACE ( 'NONE', ( #2875 ), #677, .F. ) ;
#2667 = AXIS2_PLACEMENT_3D ( 'NONE', #1665, #2949, #37 ) ;
#2668 = ORIENTED_EDGE ( 'NONE', *, *, #2240, .T. ) ;
#2669 = EDGE_CURVE ( 'NONE', #281, #2126, #3171, .T. ) ;
#2670 = AXIS2_PLACEMENT_3D ( 'NONE', #3022, #1715, #1458 ) ;
#2671 = CARTESIAN_POINT ( 'NONE',  ( 28.00000000000000000, -11.50000000000004619, -24.99999999999999645 ) ) ;
#2672 = CARTESIAN_POINT ( 'NONE',  ( 15.85355339059316471, -12.88370490960977754, 0.000000000000000000 ) ) ;
#2673 = AXIS2_PLACEMENT_3D ( 'NONE', #893, #3016, #3294 ) ;
#2674 = ORIENTED_EDGE ( 'NONE', *, *, #2953, .F. ) ;
#2675 = CARTESIAN_POINT ( 'NONE',  ( 5.084821452783217586E-14, 16.97056274847728119, 5.000000000000000000 ) ) ;
#2676 = LINE ( 'NONE', #1902, #364 ) ;
#2677 = DIRECTION ( 'NONE',  ( 8.659560562354909439E-17, 0.7071067811865495711, -0.7071067811865455743 ) ) ;
#2678 = FACE_OUTER_BOUND ( 'NONE', #992, .T. ) ;
#2679 = ORIENTED_EDGE ( 'NONE', *, *, #2818, .F. ) ;
#2680 = DIRECTION ( 'NONE',  ( 0.000000000000000000, -0.000000000000000000, -1.000000000000000000 ) ) ;
#2681 = FACE_OUTER_BOUND ( 'NONE', #2314, .T. ) ;
#2682 = LINE ( 'NONE', #3418, #2354 ) ;
#2683 = ORIENTED_EDGE ( 'NONE', *, *, #764, .F. ) ;
#2684 = ADVANCED_FACE ( 'NONE', ( #1057 ), #1307, .F. ) ;
#2685 = VECTOR ( 'NONE', #412, 1000.000000000000000 ) ;
#2686 = CARTESIAN_POINT ( 'NONE',  ( -23.00000000000000000, 0.000000000000000000, -30.00000000000000000 ) ) ;
#2687 = AXIS2_PLACEMENT_3D ( 'NONE', #1086, #1605, #1876 ) ;
#2688 = CIRCLE ( 'NONE', #2322, 1.600000000000000755 ) ;
#2689 = EDGE_CURVE ( 'NONE', #98, #1894, #2088, .T. ) ;
#2690 = VERTEX_POINT ( 'NONE', #2112 ) ;
#2691 = SURFACE_STYLE_FILL_AREA ( #3115 ) ;
#2692 = DIRECTION ( 'NONE',  ( -0.000000000000000000, 1.000000000000000000, -0.000000000000000000 ) ) ;
#2693 = FACE_OUTER_BOUND ( 'NONE', #1925, .T. ) ;
#2694 = ADVANCED_FACE ( 'NONE', ( #1384 ), #1141, .F. ) ;
#2695 = VERTEX_POINT ( 'NONE', #1054 ) ;
#2696 = DIRECTION ( 'NONE',  ( 0.7071067811865491270, -0.7071067811865459074, 0.000000000000000000 ) ) ;
#2697 = EDGE_LOOP ( 'NONE', ( #2751, #751, #243, #2415 ) ) ;
#2698 = VERTEX_POINT ( 'NONE', #758 ) ;
#2699 = EDGE_CURVE ( 'NONE', #1427, #1056, #509, .T. ) ;
#2700 = CIRCLE ( 'NONE', #702, 1.599999999999997202 ) ;
#2701 = CARTESIAN_POINT ( 'NONE',  ( -15.49999999999989342, 15.50000000000000000, 0.000000000000000000 ) ) ;
#2702 = CARTESIAN_POINT ( 'NONE',  ( -33.00000000000000000, -21.00000000000000355, 5.000000000000000000 ) ) ;
#2703 = ADVANCED_FACE ( 'NONE', ( #1834 ), #539, .F. ) ;
#2704 = ORIENTED_EDGE ( 'NONE', *, *, #3148, .F. ) ;
#2705 = CIRCLE ( 'NONE', #1744, 1.599999999999992095 ) ;
#2706 = DIRECTION ( 'NONE',  ( -0.000000000000000000, 1.000000000000000000, 0.000000000000000000 ) ) ;
#2707 = EDGE_CURVE ( 'NONE', #336, #2127, #2700, .T. ) ;
#2708 = LINE ( 'NONE', #3449, #1965 ) ;
#2709 = CARTESIAN_POINT ( 'NONE',  ( -15.49999999999989342, 17.76274169979696538, 5.000000000000000000 ) ) ;
#2710 = FACE_OUTER_BOUND ( 'NONE', #3343, .T. ) ;
#2711 = DIRECTION ( 'NONE',  ( -0.000000000000000000, -0.000000000000000000, -1.000000000000000000 ) ) ;
#2712 = CARTESIAN_POINT ( 'NONE',  ( 20.99999999999999645, -6.000000000000030198, 0.000000000000000000 ) ) ;
#2713 = CARTESIAN_POINT ( 'NONE',  ( 28.00000000000000000, -11.50000000000004619, -26.59999999999999787 ) ) ;
#2714 = CARTESIAN_POINT ( 'NONE',  ( -20.99999999999999645, -11.00000000000000711, -5.000000000000039968 ) ) ;
#2715 = EDGE_CURVE ( 'NONE', #362, #951, #342, .T. ) ;
#2716 = EDGE_CURVE ( 'NONE', #2741, #1930, #1423, .T. ) ;
#2717 = AXIS2_PLACEMENT_3D ( 'NONE', #2595, #1052, #3161 ) ;
#2718 = ADVANCED_FACE ( 'NONE', ( #1998, #2614, #968 ), #1796, .F. ) ;
#2719 = ORIENTED_EDGE ( 'NONE', *, *, #1311, .T. ) ;
#2720 = CARTESIAN_POINT ( 'NONE',  ( 11.99999999999998224, 1.469576158976821778E-15, 0.000000000000000000 ) ) ;
#2721 = LINE ( 'NONE', #2961, #1981 ) ;
#2722 = VECTOR ( 'NONE', #2841, 1000.000000000000000 ) ;
#2723 = DIRECTION ( 'NONE',  ( -0.000000000000000000, 1.000000000000000000, -0.000000000000000000 ) ) ;
#2724 = CARTESIAN_POINT ( 'NONE',  ( 16.98492424049164384, 16.98492424049173266, 5.000000000000000000 ) ) ;
#2725 = CARTESIAN_POINT ( 'NONE',  ( -8.485281374238613950, 8.485281374238516250, 5.000000000000000000 ) ) ;
#2726 = LINE ( 'NONE', #859, #327 ) ;
#2727 = ORIENTED_EDGE ( 'NONE', *, *, #1103, .F. ) ;
#2728 = VERTEX_POINT ( 'NONE', #3146 ) ;
#2729 = DIRECTION ( 'NONE',  ( -0.7071067811865500152, 8.659560562354963673E-17, 0.7071067811865451302 ) ) ;
#2730 = ORIENTED_EDGE ( 'NONE', *, *, #482, .F. ) ;
#2731 = DIRECTION ( 'NONE',  ( 0.7071067811865491270, 0.7071067811865459074, 0.000000000000000000 ) ) ;
#2732 = AXIS2_PLACEMENT_3D ( 'NONE', #320, #3249, #1363 ) ;
#2733 = CARTESIAN_POINT ( 'NONE',  ( 0.000000000000000000, 0.000000000000000000, 0.000000000000000000 ) ) ;
#2734 = DIRECTION ( 'NONE',  ( 0.7071067811865437980, -0.7071067811865513475, 0.000000000000000000 ) ) ;
#2735 = CARTESIAN_POINT ( 'NONE',  ( 4.857225732735059864E-14, 16.26345596729073506, 4.500000000000010658 ) ) ;
#2736 = ADVANCED_FACE ( 'NONE', ( #3 ), #2655, .F. ) ;
#2737 = ORIENTED_EDGE ( 'NONE', *, *, #22, .F. ) ;
#2738 = ORIENTED_EDGE ( 'NONE', *, *, #534, .T. ) ;
#2739 = CARTESIAN_POINT ( 'NONE',  ( -28.00000000000000000, -21.00000000000000355, -23.39999999999999858 ) ) ;
#2740 = VECTOR ( 'NONE', #3233, 999.9999999999998863 ) ;
#2741 = VERTEX_POINT ( 'NONE', #256 ) ;
#2742 = CARTESIAN_POINT ( 'NONE',  ( 28.00000000000000000, -20.99999999999999289, -24.99999999999999645 ) ) ;
#2743 = ORIENTED_EDGE ( 'NONE', *, *, #129, .F. ) ;
#2744 = CARTESIAN_POINT ( 'NONE',  ( -15.49999999999989342, -13.23725830020305061, 5.000000000000000000 ) ) ;
#2745 = FACE_BOUND ( 'NONE', #2241, .T. ) ;
#2746 = CARTESIAN_POINT ( 'NONE',  ( 15.50000000000010125, 15.50000000000000533, 5.000000000000000000 ) ) ;
#2747 = VERTEX_POINT ( 'NONE', #1805 ) ;
#2748 = DIRECTION ( 'NONE',  ( 8.659560562354909439E-17, 0.7071067811865495711, -0.7071067811865455743 ) ) ;
#2749 = CIRCLE ( 'NONE', #443, 2.099999999999990763 ) ;
#2750 = DIRECTION ( 'NONE',  ( -0.000000000000000000, -0.000000000000000000, -1.000000000000000000 ) ) ;
#2751 = ORIENTED_EDGE ( 'NONE', *, *, #1785, .F. ) ;
#2752 = LINE ( 'NONE', #2291, #1152 ) ;
#2753 = DIRECTION ( 'NONE',  ( 1.000000000000000000, 0.000000000000000000, 0.000000000000000000 ) ) ;
#2754 = ORIENTED_EDGE ( 'NONE', *, *, #2597, .T. ) ;
#2755 = EDGE_CURVE ( 'NONE', #2283, #2092, #3084, .T. ) ;
#2756 = AXIS2_PLACEMENT_3D ( 'NONE', #2072, #1554, #2607 ) ;
#2757 = ADVANCED_FACE ( 'NONE', ( #2207 ), #96, .F. ) ;
#2758 = CARTESIAN_POINT ( 'NONE',  ( 17.10000000000009734, 15.50000000000000533, 4.500000000000007994 ) ) ;
#2759 = EDGE_CURVE ( 'NONE', #2541, #802, #3204, .T. ) ;
#2760 = DIRECTION ( 'NONE',  ( -1.000000000000000000, 0.000000000000000000, 0.000000000000000000 ) ) ;
#2761 = DIRECTION ( 'NONE',  ( -1.000000000000000000, 0.000000000000000000, 0.000000000000000000 ) ) ;
#2762 = CARTESIAN_POINT ( 'NONE',  ( 15.50000000000010125, 15.50000000000000533, 0.5000000000000013323 ) ) ;
#2763 = VECTOR ( 'NONE', #990, 999.9999999999998863 ) ;
#2764 = LINE ( 'NONE', #2725, #3106 ) ;
#2765 = DIRECTION ( 'NONE',  ( -1.000000000000000000, 0.000000000000000000, 0.000000000000000000 ) ) ;
#2766 = ORIENTED_EDGE ( 'NONE', *, *, #874, .T. ) ;
#2767 = LINE ( 'NONE', #841, #2981 ) ;
#2768 = DIRECTION ( 'NONE',  ( 0.000000000000000000, 0.000000000000000000, 1.000000000000000000 ) ) ;
#2769 = EDGE_CURVE ( 'NONE', #172, #2283, #2373, .T. ) ;
#2770 = LINE ( 'NONE', #163, #743 ) ;
#2771 = DIRECTION ( 'NONE',  ( 0.000000000000000000, 0.000000000000000000, 1.000000000000000000 ) ) ;
#2772 = DIRECTION ( 'NONE',  ( -0.000000000000000000, 1.000000000000000000, -0.000000000000000000 ) ) ;
#2773 = VERTEX_POINT ( 'NONE', #1562 ) ;
#2774 = LINE ( 'NONE', #2804, #2069 ) ;
#2775 = ORIENTED_EDGE ( 'NONE', *, *, #1186, .F. ) ;
#2776 = LINE ( 'NONE', #12, #1251 ) ;
#2777 = CARTESIAN_POINT ( 'NONE',  ( -13.39999999999990266, 15.50000000000000000, 0.000000000000000000 ) ) ;
#2778 = ORIENTED_EDGE ( 'NONE', *, *, #2363, .T. ) ;
#2779 = DIRECTION ( 'NONE',  ( -0.7071067811865388020, 0.7071067811865561215, 0.000000000000000000 ) ) ;
#2780 = CARTESIAN_POINT ( 'NONE',  ( 15.49999999999989342, 17.76274169979696538, 5.000000000000000000 ) ) ;
#2781 = DIRECTION ( 'NONE',  ( -0.000000000000000000, 1.000000000000000000, -0.000000000000000000 ) ) ;
#2782 = ORIENTED_EDGE ( 'NONE', *, *, #387, .T. ) ;
#2783 = EDGE_CURVE ( 'NONE', #2590, #2747, #177, .T. ) ;
#2784 = EDGE_CURVE ( 'NONE', #1173, #2925, #707, .T. ) ;
#2785 = CARTESIAN_POINT ( 'NONE',  ( 8.485281374238610397, 8.485281374238512697, 5.000000000000000000 ) ) ;
#2786 = ORIENTED_EDGE ( 'NONE', *, *, #1120, .F. ) ;
#2787 = VERTEX_POINT ( 'NONE', #573 ) ;
#2788 = AXIS2_PLACEMENT_3D ( 'NONE', #1984, #377, #1460 ) ;
#2789 = VERTEX_POINT ( 'NONE', #16 ) ;
#2790 = CIRCLE ( 'NONE', #2328, 1.600000000000002531 ) ;
#2791 = VERTEX_POINT ( 'NONE', #2928 ) ;
#2792 = DIRECTION ( 'NONE',  ( 1.577021341797097314E-16, -1.000000000000000000, -0.000000000000000000 ) ) ;
#2793 = ORIENTED_EDGE ( 'NONE', *, *, #212, .T. ) ;
#2794 = AXIS2_PLACEMENT_3D ( 'NONE', #2881, #204, #1033 ) ;
#2795 = VECTOR ( 'NONE', #820, 1000.000000000000000 ) ;
#2796 = ORIENTED_EDGE ( 'NONE', *, *, #58, .T. ) ;
#2797 = DIRECTION ( 'NONE',  ( 0.000000000000000000, 1.000000000000000000, 0.000000000000000000 ) ) ;
#2798 = CARTESIAN_POINT ( 'NONE',  ( -8.485281374238606844, 8.485281374238510921, 0.000000000000000000 ) ) ;
#2799 = CIRCLE ( 'NONE', #682, 2.099999999999949019 ) ;
#2800 = DIRECTION ( 'NONE',  ( -0.000000000000000000, -1.000000000000000000, -0.000000000000000000 ) ) ;
#2801 = VECTOR ( 'NONE', #3258, 1000.000000000000114 ) ;
#2802 = DIRECTION ( 'NONE',  ( 1.000000000000000000, 1.577021341797097314E-16, -0.000000000000000000 ) ) ;
#2803 = AXIS2_PLACEMENT_3D ( 'NONE', #3073, #1756, #3352 ) ;
#2804 = CARTESIAN_POINT ( 'NONE',  ( 8.131727983645337332, 8.131727983645248514, 4.500000000000010658 ) ) ;
#2805 = EDGE_CURVE ( 'NONE', #2925, #2867, #2823, .T. ) ;
#2806 = CARTESIAN_POINT ( 'NONE',  ( -14.01507575950812878, 16.98492424049175042, 5.000000000000000000 ) ) ;
#2807 = ORIENTED_EDGE ( 'NONE', *, *, #2581, .T. ) ;
#2808 = CARTESIAN_POINT ( 'NONE',  ( 21.00000000000000000, -10.99999999999998579, -27.99999999999999645 ) ) ;
#2809 = VECTOR ( 'NONE', #1617, 1000.000000000000000 ) ;
#2810 = FACE_OUTER_BOUND ( 'NONE', #1169, .T. ) ;
#2811 = VECTOR ( 'NONE', #2422, 1000.000000000000000 ) ;
#2812 = ORIENTED_EDGE ( 'NONE', *, *, #1881, .T. ) ;
#2813 = EDGE_CURVE ( 'NONE', #2292, #1270, #1663, .T. ) ;
#2814 = EDGE_LOOP ( 'NONE', ( #200, #3076, #1077, #1154 ) ) ;
#2815 = CIRCLE ( 'NONE', #1790, 2.099999999999949019 ) ;
#2816 = CARTESIAN_POINT ( 'NONE',  ( -21.00000000000000000, 21.00000000000000000, 5.000000000000000000 ) ) ;
#2817 = PLANE ( 'NONE',  #1388 ) ;
#2818 = EDGE_CURVE ( 'NONE', #1741, #1467, #635, .T. ) ;
#2819 = CARTESIAN_POINT ( 'NONE',  ( 28.00000000000000355, -10.99999999999998579, -10.00000000000000000 ) ) ;
#2820 = ORIENTED_EDGE ( 'NONE', *, *, #2599, .F. ) ;
#2821 = ORIENTED_EDGE ( 'NONE', *, *, #674, .T. ) ;
#2822 = DIRECTION ( 'NONE',  ( 0.000000000000000000, -0.000000000000000000, -1.000000000000000000 ) ) ;
#2823 = LINE ( 'NONE', #3196, #3295 ) ;
#2824 = DIRECTION ( 'NONE',  ( 0.000000000000000000, 0.000000000000000000, -1.000000000000000000 ) ) ;
#2825 = CARTESIAN_POINT ( 'NONE',  ( 0.000000000000000000, 0.000000000000000000, 0.000000000000000000 ) ) ;
#2826 = VERTEX_POINT ( 'NONE', #2675 ) ;
#2827 = ORIENTED_EDGE ( 'NONE', *, *, #1692, .F. ) ;
#2828 = ORIENTED_EDGE ( 'NONE', *, *, #1964, .F. ) ;
#2829 = ORIENTED_EDGE ( 'NONE', *, *, #2138, .F. ) ;
#2830 = CYLINDRICAL_SURFACE ( 'NONE', #3130, 1.600000000000002531 ) ;
#2831 = DIRECTION ( 'NONE',  ( 0.7071067811865532349, 0.000000000000000000, 0.7071067811865417996 ) ) ;
#2832 = ORIENTED_EDGE ( 'NONE', *, *, #1999, .F. ) ;
#2833 = LINE ( 'NONE', #210, #476 ) ;
#2834 = PLANE ( 'NONE',  #1505 ) ;
#2835 = CARTESIAN_POINT ( 'NONE',  ( 31.00000000000000000, -10.99999999999998579, -30.00000000000000000 ) ) ;
#2836 = FACE_BOUND ( 'NONE', #1675, .T. ) ;
#2837 = ORIENTED_EDGE ( 'NONE', *, *, #764, .T. ) ;
#2838 = CARTESIAN_POINT ( 'NONE',  ( -14.36862915010141073, 16.63137084989847025, 0.4999999999999978351 ) ) ;
#2839 = DIRECTION ( 'NONE',  ( 1.000000000000000000, 0.000000000000000000, 0.000000000000000000 ) ) ;
#2840 = DIRECTION ( 'NONE',  ( 0.000000000000000000, 0.000000000000000000, 1.000000000000000000 ) ) ;
#2841 = DIRECTION ( 'NONE',  ( -1.000000000000000000, 0.000000000000000000, -0.000000000000000000 ) ) ;
#2842 = ORIENTED_EDGE ( 'NONE', *, *, #161, .F. ) ;
#2843 = CONICAL_SURFACE ( 'NONE', #3194, 1.600000000000000755, 0.7853981633974563836 ) ;
#2844 = VECTOR ( 'NONE', #1966, 1000.000000000000114 ) ;
#2845 = DIRECTION ( 'NONE',  ( -1.000000000000000000, 0.000000000000000000, 0.000000000000000000 ) ) ;
#2846 = AXIS2_PLACEMENT_3D ( 'NONE', #2742, #353, #3290 ) ;
#2847 = VERTEX_POINT ( 'NONE', #845 ) ;
#2848 = EDGE_CURVE ( 'NONE', #2385, #1627, #1579, .T. ) ;
#2849 = ORIENTED_EDGE ( 'NONE', *, *, #2488, .T. ) ;
#2850 = LINE ( 'NONE', #2912, #825 ) ;
#2851 = VECTOR ( 'NONE', #386, 1000.000000000000000 ) ;
#2852 = AXIS2_PLACEMENT_3D ( 'NONE', #2575, #1269, #1537 ) ;
#2853 = VECTOR ( 'NONE', #1237, 1000.000000000000000 ) ;
#2854 = DIRECTION ( 'NONE',  ( 0.000000000000000000, 0.000000000000000000, 1.000000000000000000 ) ) ;
#2855 = DIRECTION ( 'NONE',  ( -1.000000000000000000, 0.000000000000000000, 0.000000000000000000 ) ) ;
#2856 = ORIENTED_EDGE ( 'NONE', *, *, #1312, .F. ) ;
#2857 = CONICAL_SURFACE ( 'NONE', #3215, 1.600000000000002531, 0.7853981633974456145 ) ;
#2858 = AXIS2_PLACEMENT_3D ( 'NONE', #1412, #1973, #90 ) ;
#2859 = DIRECTION ( 'NONE',  ( 0.000000000000000000, -1.000000000000000000, 0.000000000000000000 ) ) ;
#2860 = CARTESIAN_POINT ( 'NONE',  ( 16.63137084989837078, -14.36862915010152086, 0.5000000000000013323 ) ) ;
#2861 = ORIENTED_EDGE ( 'NONE', *, *, #1083, .F. ) ;
#2862 = CONICAL_SURFACE ( 'NONE', #664, 1.600000000000000755, 0.7853981633974563836 ) ;
#2863 = CARTESIAN_POINT ( 'NONE',  ( 15.49999999999989342, -13.23725830020305061, 0.4999999999999978351 ) ) ;
#2864 = CARTESIAN_POINT ( 'NONE',  ( -15.49999999999989342, -15.50000000000000178, 0.000000000000000000 ) ) ;
#2865 = VECTOR ( 'NONE', #2155, 1000.000000000000000 ) ;
#2866 = DIRECTION ( 'NONE',  ( -3.469446951953609751E-16, 1.000000000000000000, 0.000000000000000000 ) ) ;
#2867 = VERTEX_POINT ( 'NONE', #1868 ) ;
#2868 = ADVANCED_FACE ( 'NONE', ( #3375 ), #1648, .F. ) ;
#2869 = AXIS2_PLACEMENT_3D ( 'NONE', #2658, #2401, #2154 ) ;
#2870 = EDGE_LOOP ( 'NONE', ( #513, #627, #2829, #1524 ) ) ;
#2871 = CARTESIAN_POINT ( 'NONE',  ( 0.000000000000000000, 0.000000000000000000, 0.4999999999999952260 ) ) ;
#2872 = CARTESIAN_POINT ( 'NONE',  ( -16.98492424049163674, -14.01507575950825490, 0.000000000000000000 ) ) ;
#2873 = ORIENTED_EDGE ( 'NONE', *, *, #557, .T. ) ;
#2874 = EDGE_CURVE ( 'NONE', #2925, #2170, #1337, .T. ) ;
#2875 = FACE_OUTER_BOUND ( 'NONE', #2168, .T. ) ;
#2876 = EDGE_LOOP ( 'NONE', ( #1523, #1138 ) ) ;
#2877 = DIRECTION ( 'NONE',  ( -0.000000000000000000, -1.000000000000000000, -0.000000000000000000 ) ) ;
#2878 = SURFACE_SIDE_STYLE ('',( #2691 ) ) ;
#2879 = CONICAL_SURFACE ( 'NONE', #2630, 2.099999999999950795, 0.7853981633974456145 ) ;
#2880 = ORIENTED_EDGE ( 'NONE', *, *, #589, .T. ) ;
#2881 = CARTESIAN_POINT ( 'NONE',  ( 15.50000000000010658, -15.49999999999998757, 0.5000000000000013323 ) ) ;
#2882 = AXIS2_PLACEMENT_3D ( 'NONE', #3331, #669, #2506 ) ;
#2883 = CYLINDRICAL_SURFACE ( 'NONE', #1442, 1.600000000000000755 ) ;
#2884 = VECTOR ( 'NONE', #3324, 1000.000000000000114 ) ;
#2885 = DIRECTION ( 'NONE',  ( 0.000000000000000000, 0.000000000000000000, 1.000000000000000000 ) ) ;
#2886 = EDGE_CURVE ( 'NONE', #2170, #2773, #884, .T. ) ;
#2887 = PRESENTATION_LAYER_ASSIGNMENT (  '', '', ( #3135 ) ) ;
#2888 = DIRECTION ( 'NONE',  ( 0.000000000000000000, 0.000000000000000000, -1.000000000000000000 ) ) ;
#2889 = DIRECTION ( 'NONE',  ( 1.000000000000000000, 3.469446951953609751E-16, 0.000000000000000000 ) ) ;
#2890 = DIRECTION ( 'NONE',  ( -0.7071067811865434649, 8.659560562354883554E-17, 0.7071067811865516806 ) ) ;
#2891 = EDGE_CURVE ( 'NONE', #2305, #1144, #1953, .T. ) ;
#2892 = VECTOR ( 'NONE', #3438, 1000.000000000000000 ) ;
#2893 = EDGE_LOOP ( 'NONE', ( #933, #3421, #470, #508 ) ) ;
#2894 = VECTOR ( 'NONE', #2711, 1000.000000000000000 ) ;
#2895 = CARTESIAN_POINT ( 'NONE',  ( 14.36862915010141073, 16.63137084989847025, 5.000000000000000000 ) ) ;
#2896 = COLOUR_RGB ( '',0.6117647058823529882, 0.7764705882352941346, 0.9254901960784314152 ) ;
#2897 = FACE_OUTER_BOUND ( 'NONE', #1952, .T. ) ;
#2898 = EDGE_CURVE ( 'NONE', #1957, #881, #2911, .T. ) ;
#2899 = CARTESIAN_POINT ( 'NONE',  ( 15.50000000000010125, 15.50000000000000533, 0.5000000000000013323 ) ) ;
#2900 = EDGE_CURVE ( 'NONE', #1380, #2791, #1873, .T. ) ;
#2901 = ORIENTED_EDGE ( 'NONE', *, *, #2669, .T. ) ;
#2902 = ORIENTED_EDGE ( 'NONE', *, *, #1368, .F. ) ;
#2903 = AXIS2_PLACEMENT_3D ( 'NONE', #2345, #235, #1297 ) ;
#2904 = DIRECTION ( 'NONE',  ( 1.000000000000000000, -2.664535259100376091E-15, 0.000000000000000000 ) ) ;
#2905 = AXIS2_PLACEMENT_3D ( 'NONE', #558, #1882, #3247 ) ;
#2906 = VECTOR ( 'NONE', #460, 1000.000000000000114 ) ;
#2907 = CARTESIAN_POINT ( 'NONE',  ( 17.60000000000009024, 15.50000000000000533, 0.000000000000000000 ) ) ;
#2908 = DIRECTION ( 'NONE',  ( -0.7071067811865437980, 0.7071067811865513475, 0.000000000000000000 ) ) ;
#2909 = VERTEX_POINT ( 'NONE', #647 ) ;
#2910 = CARTESIAN_POINT ( 'NONE',  ( 33.00000000000000000, -10.99999999999998579, -30.00000000000000000 ) ) ;
#2911 = CIRCLE ( 'NONE', #3448, 1.600000000000002531 ) ;
#2912 = CARTESIAN_POINT ( 'NONE',  ( 16.98492424049177529, 16.98492424049159411, 5.000000000000000000 ) ) ;
#2913 = VERTEX_POINT ( 'NONE', #1949 ) ;
#2914 = ORIENTED_EDGE ( 'NONE', *, *, #3122, .F. ) ;
#2915 = ORIENTED_EDGE ( 'NONE', *, *, #946, .T. ) ;
#2916 = LINE ( 'NONE', #66, #2211 ) ;
#2917 = DIRECTION ( 'NONE',  ( -0.000000000000000000, -0.000000000000000000, -1.000000000000000000 ) ) ;
#2918 = DIRECTION ( 'NONE',  ( 1.000000000000000000, 8.260587980842009777E-16, 0.000000000000000000 ) ) ;
#2919 = ORIENTED_EDGE ( 'NONE', *, *, #714, .F. ) ;
#2920 = AXIS2_PLACEMENT_3D ( 'NONE', #2671, #1631, #568 ) ;
#2921 = LINE ( 'NONE', #1303, #2046 ) ;
#2922 = DIRECTION ( 'NONE',  ( 1.000000000000000000, 0.000000000000000000, 0.000000000000000000 ) ) ;
#2923 = VECTOR ( 'NONE', #1273, 999.9999999999998863 ) ;
#2924 = DIRECTION ( 'NONE',  ( -5.832986815363428148E-15, 0.8164965809277237030, 0.5773502691896291728 ) ) ;
#2925 = VERTEX_POINT ( 'NONE', #127 ) ;
#2926 = DIRECTION ( 'NONE',  ( 0.000000000000000000, 0.000000000000000000, 1.000000000000000000 ) ) ;
#2927 = AXIS2_PLACEMENT_3D ( 'NONE', #1127, #574, #3234 ) ;
#2928 = CARTESIAN_POINT ( 'NONE',  ( 21.00000000000000000, -6.000000000000030198, -0.000000000000000000 ) ) ;
#2929 = DIRECTION ( 'NONE',  ( -0.000000000000000000, -0.000000000000000000, -1.000000000000000000 ) ) ;
#2930 = ORIENTED_EDGE ( 'NONE', *, *, #808, .F. ) ;
#2931 = FACE_OUTER_BOUND ( 'NONE', #1224, .T. ) ;
#2932 = ADVANCED_FACE ( 'NONE', ( #2566 ), #318, .T. ) ;
#2933 = LINE ( 'NONE', #3018, #1357 ) ;
#2934 = CARTESIAN_POINT ( 'NONE',  ( -11.99999999999998934, 1.469576158976822764E-15, 5.000000000000000000 ) ) ;
#2935 = DIRECTION ( 'NONE',  ( -0.000000000000000000, -1.000000000000000000, -0.000000000000000000 ) ) ;
#2936 = ORIENTED_EDGE ( 'NONE', *, *, #866, .F. ) ;
#2937 = EDGE_CURVE ( 'NONE', #389, #2590, #800, .T. ) ;
#2938 = VERTEX_POINT ( 'NONE', #2454 ) ;
#2939 = AXIS2_PLACEMENT_3D ( 'NONE', #3210, #1080, #798 ) ;
#2940 = FACE_OUTER_BOUND ( 'NONE', #588, .T. ) ;
#2941 = EDGE_CURVE ( 'NONE', #2481, #1528, #1504, .T. ) ;
#2942 = VECTOR ( 'NONE', #154, 1000.000000000000000 ) ;
#2943 = DIRECTION ( 'NONE',  ( -0.000000000000000000, 0.000000000000000000, 1.000000000000000000 ) ) ;
#2944 = ORIENTED_EDGE ( 'NONE', *, *, #2227, .F. ) ;
#2945 = ORIENTED_EDGE ( 'NONE', *, *, #272, .T. ) ;
#2946 = LINE ( 'NONE', #135, #126 ) ;
#2947 = VERTEX_POINT ( 'NONE', #2487 ) ;
#2948 = FACE_OUTER_BOUND ( 'NONE', #92, .T. ) ;
#2949 = DIRECTION ( 'NONE',  ( -0.000000000000000000, -0.000000000000000000, -1.000000000000000000 ) ) ;
#2950 = EDGE_LOOP ( 'NONE', ( #2683, #2545, #2719, #1976 ) ) ;
#2951 = DIRECTION ( 'NONE',  ( 0.000000000000000000, 0.000000000000000000, 1.000000000000000000 ) ) ;
#2952 = VECTOR ( 'NONE', #2985, 1000.000000000000114 ) ;
#2953 = EDGE_CURVE ( 'NONE', #996, #281, #3002, .T. ) ;
#2954 = DIRECTION ( 'NONE',  ( 0.000000000000000000, 0.000000000000000000, 1.000000000000000000 ) ) ;
#2955 = DIRECTION ( 'NONE',  ( 1.000000000000000000, 0.000000000000000000, 0.000000000000000000 ) ) ;
#2956 = DIRECTION ( 'NONE',  ( -1.000000000000000000, -3.469446951953612710E-16, 0.000000000000000000 ) ) ;
#2957 = ADVANCED_FACE ( 'NONE', ( #1799 ), #1024, .F. ) ;
#2958 = ORIENTED_EDGE ( 'NONE', *, *, #2186, .T. ) ;
#2959 = VERTEX_POINT ( 'NONE', #3261 ) ;
#2960 = CIRCLE ( 'NONE', #2426, 2.099999999999990763 ) ;
#2961 = CARTESIAN_POINT ( 'NONE',  ( 13.90000000000010338, 15.50000000000000533, 4.500000000000007994 ) ) ;
#2962 = FACE_OUTER_BOUND ( 'NONE', #801, .T. ) ;
#2963 = CARTESIAN_POINT ( 'NONE',  ( 21.00000000000000355, -20.99999999999999645, -30.00000000000000000 ) ) ;
#2964 = ADVANCED_FACE ( 'NONE', ( #1435 ), #258, .F. ) ;
#2965 = LINE ( 'NONE', #2543, #3056 ) ;
#2966 = CARTESIAN_POINT ( 'NONE',  ( 28.00000000000000000, -11.50000000000004619, -23.39999999999999858 ) ) ;
#2967 = FACE_OUTER_BOUND ( 'NONE', #3317, .T. ) ;
#2968 = EDGE_CURVE ( 'NONE', #1125, #1117, #468, .T. ) ;
#2969 = ORIENTED_EDGE ( 'NONE', *, *, #952, .T. ) ;
#2970 = EDGE_CURVE ( 'NONE', #1255, #936, #267, .T. ) ;
#2971 = AXIS2_PLACEMENT_3D ( 'NONE', #2366, #785, #2629 ) ;
#2972 = ADVANCED_FACE ( 'NONE', ( #400 ), #811, .F. ) ;
#2973 = CARTESIAN_POINT ( 'NONE',  ( 15.50000000000010125, 15.50000000000000533, 4.500000000000007994 ) ) ;
#2974 = DIRECTION ( 'NONE',  ( -0.000000000000000000, 0.000000000000000000, 1.000000000000000000 ) ) ;
#2975 = AXIS2_PLACEMENT_3D ( 'NONE', #380, #2231, #2761 ) ;
#2976 = DIRECTION ( 'NONE',  ( -0.000000000000000000, -0.000000000000000000, -1.000000000000000000 ) ) ;
#2977 = DIRECTION ( 'NONE',  ( 1.000000000000000000, 0.000000000000000000, 0.000000000000000000 ) ) ;
#2978 = CONICAL_SURFACE ( 'NONE', #956, 2.099999999999988987, 0.7853981633974428389 ) ;
#2979 = CARTESIAN_POINT ( 'NONE',  ( -15.49999999999989342, -15.50000000000000178, 5.000000000000000000 ) ) ;
#2980 = ORIENTED_EDGE ( 'NONE', *, *, #444, .T. ) ;
#2981 = VECTOR ( 'NONE', #1110, 1000.000000000000000 ) ;
#2982 = LINE ( 'NONE', #726, #2110 ) ;
#2983 = DIRECTION ( 'NONE',  ( -0.000000000000000000, 1.000000000000000000, -0.000000000000000000 ) ) ;
#2984 = FACE_OUTER_BOUND ( 'NONE', #112, .T. ) ;
#2985 = DIRECTION ( 'NONE',  ( 0.000000000000000000, 0.7071067811865495711, 0.7071067811865455743 ) ) ;
#2986 = DIRECTION ( 'NONE',  ( 1.000000000000000000, 0.000000000000000000, 0.000000000000000000 ) ) ;
#2987 = DIRECTION ( 'NONE',  ( -0.5000000000000092149, -0.5000000000000038858, -0.7071067811865383579 ) ) ;
#2988 = AXIS2_PLACEMENT_3D ( 'NONE', #95, #3267, #62 ) ;
#2989 = ORIENTED_EDGE ( 'NONE', *, *, #2805, .F. ) ;
#2990 = EDGE_CURVE ( 'NONE', #1002, #1957, #186, .T. ) ;
#2991 = CARTESIAN_POINT ( 'NONE',  ( 14.01507575950816253, -14.01507575950822826, 0.000000000000000000 ) ) ;
#2992 = DIRECTION ( 'NONE',  ( 0.5000000000000006661, 0.5000000000000028866, -0.7071067811865450192 ) ) ;
#2993 = ADVANCED_FACE ( 'NONE', ( #3096 ), #1555, .F. ) ;
#2994 = VECTOR ( 'NONE', #3195, 1000.000000000000114 ) ;
#2995 = DIRECTION ( 'NONE',  ( 0.000000000000000000, -0.000000000000000000, -1.000000000000000000 ) ) ;
#2996 = AXIS2_PLACEMENT_3D ( 'NONE', #2261, #2792, #3313 ) ;
#2997 = ORIENTED_EDGE ( 'NONE', *, *, #3074, .F. ) ;
#2998 = CARTESIAN_POINT ( 'NONE',  ( -28.00000000000000000, -21.00000000000000355, -24.99999999999999645 ) ) ;
#2999 = EDGE_LOOP ( 'NONE', ( #3099, #3291, #260, #1005 ) ) ;
#3000 = EDGE_CURVE ( 'NONE', #3455, #648, #646, .T. ) ;
#3001 = DIRECTION ( 'NONE',  ( -0.000000000000000000, 1.000000000000000000, -0.000000000000000000 ) ) ;
#3002 = CIRCLE ( 'NONE', #2858, 1.600000000000004086 ) ;
#3003 = CARTESIAN_POINT ( 'NONE',  ( 21.00000000000000000, 21.00000000000000000, 0.000000000000000000 ) ) ;
#3004 = DIRECTION ( 'NONE',  ( 1.000000000000000000, 0.000000000000000000, 0.000000000000000000 ) ) ;
#3005 = ORIENTED_EDGE ( 'NONE', *, *, #2567, .F. ) ;
#3006 = ORIENTED_EDGE ( 'NONE', *, *, #773, .T. ) ;
#3007 = CIRCLE ( 'NONE', #1629, 11.49999999999999645 ) ;
#3008 = ORIENTED_EDGE ( 'NONE', *, *, #2160, .F. ) ;
#3009 = CARTESIAN_POINT ( 'NONE',  ( -11.49999999999999645, 1.408343819019455781E-15, 4.500000000000009770 ) ) ;
#3010 = EDGE_CURVE ( 'NONE', #1845, #56, #1676, .T. ) ;
#3011 = CIRCLE ( 'NONE', #2214, 2.100000000000039169 ) ;
#3012 = ADVANCED_FACE ( 'NONE', ( #3178 ), #2883, .F. ) ;
#3013 = CARTESIAN_POINT ( 'NONE',  ( 0.3535533905933152532, 16.61700935788399036, 0.000000000000000000 ) ) ;
#3014 = DIRECTION ( 'NONE',  ( -0.000000000000000000, -1.000000000000000000, -0.000000000000000000 ) ) ;
#3015 = CONICAL_SURFACE ( 'NONE', #1265, 1.600000000000004086, 0.7853981633974563836 ) ;
#3016 = DIRECTION ( 'NONE',  ( 0.5000000000000075495, -0.5000000000000022204, -0.7071067811865408004 ) ) ;
#3017 = ORIENTED_EDGE ( 'NONE', *, *, #1895, .T. ) ;
#3018 = CARTESIAN_POINT ( 'NONE',  ( -16.98492424049164384, 16.98492424049173621, 0.000000000000000000 ) ) ;
#3019 = ADVANCED_FACE ( 'NONE', ( #2174, #3388, #2836, #2303, #975, #1480 ), #3072, .T. ) ;
#3020 = AXIS2_PLACEMENT_3D ( 'NONE', #650, #3039, #1716 ) ;
#3021 = ORIENTED_EDGE ( 'NONE', *, *, #1653, .T. ) ;
#3022 = CARTESIAN_POINT ( 'NONE',  ( -31.00000000000000000, -21.00000000000000355, -27.99999999999999645 ) ) ;
#3023 = DIRECTION ( 'NONE',  ( 0.7071067811865491270, 0.7071067811865459074, 0.000000000000000000 ) ) ;
#3024 = ORIENTED_EDGE ( 'NONE', *, *, #97, .T. ) ;
#3025 = PRODUCT_RELATED_PRODUCT_CATEGORY ( 'part', '', ( #331 ) ) ;
#3026 = DIRECTION ( 'NONE',  ( -0.000000000000000000, 0.000000000000000000, 1.000000000000000000 ) ) ;
#3027 = LINE ( 'NONE', #1513, #197 ) ;
#3028 = LINE ( 'NONE', #2785, #1598 ) ;
#3029 = DIRECTION ( 'NONE',  ( -0.000000000000000000, 1.000000000000000000, -0.000000000000000000 ) ) ;
#3030 = ORIENTED_EDGE ( 'NONE', *, *, #225, .F. ) ;
#3031 = ORIENTED_EDGE ( 'NONE', *, *, #630, .T. ) ;
#3032 = CARTESIAN_POINT ( 'NONE',  ( 17.10000000000009734, 15.50000000000000533, 5.000000000000000000 ) ) ;
#3033 = ADVANCED_FACE ( 'NONE', ( #308 ), #2577, .F. ) ;
#3034 = LINE ( 'NONE', #963, #1900 ) ;
#3035 = EDGE_LOOP ( 'NONE', ( #2251, #3201, #94, #1279 ) ) ;
#3036 = ORIENTED_EDGE ( 'NONE', *, *, #714, .T. ) ;
#3037 = ORIENTED_EDGE ( 'NONE', *, *, #1653, .F. ) ;
#3038 = CARTESIAN_POINT ( 'NONE',  ( 15.50000000000010658, -15.49999999999998757, 4.500000000000004441 ) ) ;
#3039 = DIRECTION ( 'NONE',  ( -0.000000000000000000, -0.000000000000000000, -1.000000000000000000 ) ) ;
#3040 = CARTESIAN_POINT ( 'NONE',  ( 16.63137084989837788, 16.63137084989847025, 0.5000000000000014433 ) ) ;
#3041 = DIRECTION ( 'NONE',  ( 0.000000000000000000, 0.000000000000000000, -1.000000000000000000 ) ) ;
#3042 = ORIENTED_EDGE ( 'NONE', *, *, #239, .T. ) ;
#3043 = AXIS2_PLACEMENT_3D ( 'NONE', #313, #1358, #3226 ) ;
#3044 = EDGE_CURVE ( 'NONE', #2535, #2143, #1105, .T. ) ;
#3045 = AXIS2_PLACEMENT_3D ( 'NONE', #1351, #2157, #554 ) ;
#3046 = VERTEX_POINT ( 'NONE', #2267 ) ;
#3047 = AXIS2_PLACEMENT_3D ( 'NONE', #2864, #1016, #3422 ) ;
#3048 = ORIENTED_EDGE ( 'NONE', *, *, #2638, .F. ) ;
#3049 = DIRECTION ( 'NONE',  ( -0.000000000000000000, -1.000000000000000000, -0.000000000000000000 ) ) ;
#3050 = EDGE_LOOP ( 'NONE', ( #2073, #637, #1819, #3379 ) ) ;
#3051 = DIRECTION ( 'NONE',  ( -0.7071067811865437980, -0.7071067811865513475, 0.000000000000000000 ) ) ;
#3052 = VECTOR ( 'NONE', #379, 1000.000000000000000 ) ;
#3053 = EDGE_LOOP ( 'NONE', ( #1980, #1262, #284, #2443 ) ) ;
#3054 = CIRCLE ( 'NONE', #3243, 2.099999999999990763 ) ;
#3055 = ORIENTED_EDGE ( 'NONE', *, *, #1050, .T. ) ;
#3056 = VECTOR ( 'NONE', #981, 1000.000000000000000 ) ;
#3057 = CARTESIAN_POINT ( 'NONE',  ( -20.99999999999999645, -11.00000000000000711, -27.99999999999999645 ) ) ;
#3058 = ORIENTED_EDGE ( 'NONE', *, *, #1521, .F. ) ;
#3059 = EDGE_CURVE ( 'NONE', #3224, #336, #2663, .T. ) ;
#3060 = CARTESIAN_POINT ( 'NONE',  ( 0.000000000000000000, 0.000000000000000000, 5.000000000000000000 ) ) ;
#3061 = DIRECTION ( 'NONE',  ( -1.000000000000000000, 0.000000000000000000, 0.000000000000000000 ) ) ;
#3062 = DIRECTION ( 'NONE',  ( 1.000000000000000000, 0.000000000000000000, 0.000000000000000000 ) ) ;
#3063 = DIRECTION ( 'NONE',  ( 1.000000000000000000, 0.000000000000000000, 0.000000000000000000 ) ) ;
#3064 = FACE_OUTER_BOUND ( 'NONE', #2893, .T. ) ;
#3065 = DIRECTION ( 'NONE',  ( 0.000000000000000000, 0.000000000000000000, 1.000000000000000000 ) ) ;
#3066 = ORIENTED_EDGE ( 'NONE', *, *, #3000, .F. ) ;
#3067 = CIRCLE ( 'NONE', #1242, 1.600000000000000755 ) ;
#3068 = EDGE_CURVE ( 'NONE', #1220, #2187, #1718, .T. ) ;
#3069 = VECTOR ( 'NONE', #998, 999.9999999999998863 ) ;
#3070 = DIRECTION ( 'NONE',  ( 0.000000000000000000, 0.000000000000000000, -1.000000000000000000 ) ) ;
#3071 = CYLINDRICAL_SURFACE ( 'NONE', #1846, 2.000000000000001776 ) ;
#3072 = PLANE ( 'NONE',  #1375 ) ;
#3073 = CARTESIAN_POINT ( 'NONE',  ( 33.00000000000000000, -10.99999999999998579, 5.000000000000000000 ) ) ;
#3074 = EDGE_CURVE ( 'NONE', #2481, #1218, #1193, .T. ) ;
#3075 = CARTESIAN_POINT ( 'NONE',  ( -15.49999999999989342, 15.50000000000000000, 4.499999999999998224 ) ) ;
#3076 = ORIENTED_EDGE ( 'NONE', *, *, #2227, .T. ) ;
#3077 = ORIENTED_EDGE ( 'NONE', *, *, #500, .F. ) ;
#3078 = EDGE_CURVE ( 'NONE', #648, #505, #1968, .T. ) ;
#3079 = CARTESIAN_POINT ( 'NONE',  ( 14.36862915010141073, 16.63137084989847025, 0.5000000000000013323 ) ) ;
#3080 = DIRECTION ( 'NONE',  ( 0.000000000000000000, 0.000000000000000000, 1.000000000000000000 ) ) ;
#3081 = ORIENTED_EDGE ( 'NONE', *, *, #1236, .T. ) ;
#3082 = EDGE_LOOP ( 'NONE', ( #1956, #586 ) ) ;
#3083 = AXIS2_PLACEMENT_3D ( 'NONE', #2264, #675, #1483 ) ;
#3084 = LINE ( 'NONE', #2611, #1257 ) ;
#3085 = ORIENTED_EDGE ( 'NONE', *, *, #5, .T. ) ;
#3086 = CARTESIAN_POINT ( 'NONE',  ( 15.50000000000010658, -15.49999999999998757, 0.000000000000000000 ) ) ;
#3087 = EDGE_LOOP ( 'NONE', ( #2650, #2610, #769, #907 ) ) ;
#3088 = AXIS2_PLACEMENT_3D ( 'NONE', #132, #3209, #1927 ) ;
#3089 = FACE_OUTER_BOUND ( 'NONE', #2626, .T. ) ;
#3090 = DIRECTION ( 'NONE',  ( 0.000000000000000000, -0.000000000000000000, -1.000000000000000000 ) ) ;
#3091 = ORIENTED_EDGE ( 'NONE', *, *, #450, .T. ) ;
#3092 = DIRECTION ( 'NONE',  ( -0.000000000000000000, -0.000000000000000000, -1.000000000000000000 ) ) ;
#3093 = CARTESIAN_POINT ( 'NONE',  ( -28.00000000000000000, -11.00000000000000711, -27.10000000000003695 ) ) ;
#3094 = LINE ( 'NONE', #2907, #718 ) ;
#3095 = DIRECTION ( 'NONE',  ( -1.000000000000000000, 0.000000000000000000, 0.000000000000000000 ) ) ;
#3096 = FACE_OUTER_BOUND ( 'NONE', #3126, .T. ) ;
#3097 = ORIENTED_EDGE ( 'NONE', *, *, #1740, .F. ) ;
#3098 = DIRECTION ( 'NONE',  ( -0.000000000000000000, 0.000000000000000000, 1.000000000000000000 ) ) ;
#3099 = ORIENTED_EDGE ( 'NONE', *, *, #940, .T. ) ;
#3100 = CARTESIAN_POINT ( 'NONE',  ( -17.59999999999988773, 15.50000000000000000, 0.000000000000000000 ) ) ;
#3101 = EDGE_CURVE ( 'NONE', #2403, #951, #2460, .T. ) ;
#3102 = EDGE_CURVE ( 'NONE', #1414, #172, #3217, .T. ) ;
#3103 = ORIENTED_EDGE ( 'NONE', *, *, #2439, .F. ) ;
#3104 = CARTESIAN_POINT ( 'NONE',  ( -28.00000000000000000, -21.00000000000000355, -22.90000000000006608 ) ) ;
#3105 = CIRCLE ( 'NONE', #2788, 11.49999999999999645 ) ;
#3106 = VECTOR ( 'NONE', #1210, 999.9999999999998863 ) ;
#3107 = AXIS2_PLACEMENT_3D ( 'NONE', #1062, #1590, #3142 ) ;
#3108 = ORIENTED_EDGE ( 'NONE', *, *, #404, .T. ) ;
#3109 = CIRCLE ( 'NONE', #73, 2.099999999999931699 ) ;
#3110 = DIRECTION ( 'NONE',  ( 0.000000000000000000, 0.000000000000000000, 1.000000000000000000 ) ) ;
#3111 = CARTESIAN_POINT ( 'NONE',  ( 11.99999999999998934, 0.000000000000000000, 5.000000000000000000 ) ) ;
#3112 = ORIENTED_EDGE ( 'NONE', *, *, #976, .F. ) ;
#3113 = DIRECTION ( 'NONE',  ( 0.4999999999999983347, 0.4999999999999929501, -0.7071067811865536790 ) ) ;
#3114 = CARTESIAN_POINT ( 'NONE',  ( -15.49999999999989342, 17.76274169979696538, 4.499999999999998224 ) ) ;
#3115 = FILL_AREA_STYLE ('',( #980 ) ) ;
#3116 = CARTESIAN_POINT ( 'NONE',  ( 15.50000000000010658, -15.49999999999998757, 4.500000000000004441 ) ) ;
#3117 = EDGE_CURVE ( 'NONE', #840, #966, #2132, .T. ) ;
#3118 = LINE ( 'NONE', #2435, #2952 ) ;
#3119 = CARTESIAN_POINT ( 'NONE',  ( -27.99999999999998934, -21.00000000000000355, -9.999999999999996447 ) ) ;
#3120 = DIRECTION ( 'NONE',  ( 0.000000000000000000, 0.000000000000000000, -1.000000000000000000 ) ) ;
#3121 = ORIENTED_EDGE ( 'NONE', *, *, #2294, .F. ) ;
#3122 = EDGE_CURVE ( 'NONE', #1117, #1355, #2752, .T. ) ;
#3123 = VERTEX_POINT ( 'NONE', #2018 ) ;
#3124 = CARTESIAN_POINT ( 'NONE',  ( -15.49999999999989342, 17.76274169979696538, 4.499999999999998224 ) ) ;
#3125 = DIRECTION ( 'NONE',  ( -1.000000000000000000, -1.652117596168388002E-16, -0.000000000000000000 ) ) ;
#3126 = EDGE_LOOP ( 'NONE', ( #3236, #2634, #2679, #1849 ) ) ;
#3127 = ORIENTED_EDGE ( 'NONE', *, *, #97, .F. ) ;
#3128 = FACE_OUTER_BOUND ( 'NONE', #1179, .T. ) ;
#3129 = CARTESIAN_POINT ( 'NONE',  ( 11.99999999999998224, 1.469576158976821778E-15, 0.000000000000000000 ) ) ;
#3130 = AXIS2_PLACEMENT_3D ( 'NONE', #2979, #1649, #2664 ) ;
#3131 = ORIENTED_EDGE ( 'NONE', *, *, #1641, .F. ) ;
#3132 = VECTOR ( 'NONE', #1413, 1000.000000000000000 ) ;
#3133 = PLANE ( 'NONE',  #1048 ) ;
#3134 = EDGE_CURVE ( 'NONE', #2511, #3211, #1268, .T. ) ;
#3135 = STYLED_ITEM ( 'NONE', ( #1175 ), #1672 ) ;
#3136 = CIRCLE ( 'NONE', #911, 11.49999999999999645 ) ;
#3137 = CARTESIAN_POINT ( 'NONE',  ( -28.00000000000000000, -11.00000000000000711, -22.89999999999995950 ) ) ;
#3138 = EDGE_LOOP ( 'NONE', ( #1364, #1705, #1619, #2537 ) ) ;
#3139 = APPLICATION_CONTEXT ( 'automotive_design' ) ;
#3140 = ADVANCED_FACE ( 'NONE', ( #2500 ), #3335, .F. ) ;
#3141 = DIRECTION ( 'NONE',  ( -0.000000000000000000, -0.000000000000000000, -1.000000000000000000 ) ) ;
#3142 = DIRECTION ( 'NONE',  ( 0.000000000000000000, 0.000000000000000000, -1.000000000000000000 ) ) ;
#3143 = CIRCLE ( 'NONE', #2852, 1.600000000000000755 ) ;
#3144 = DIRECTION ( 'NONE',  ( 1.000000000000000000, 0.000000000000000000, -0.000000000000000000 ) ) ;
#3145 = EDGE_CURVE ( 'NONE', #1192, #2170, #2965, .T. ) ;
#3146 = CARTESIAN_POINT ( 'NONE',  ( -15.49999999999989164, 18.46984848098350085, 0.000000000000000000 ) ) ;
#3147 = ORIENTED_EDGE ( 'NONE', *, *, #2488, .F. ) ;
#3148 = EDGE_CURVE ( 'NONE', #368, #2741, #1066, .T. ) ;
#3149 = FACE_OUTER_BOUND ( 'NONE', #189, .T. ) ;
#3150 = LINE ( 'NONE', #294, #1814 ) ;
#3151 = AXIS2_PLACEMENT_3D ( 'NONE', #2203, #620, #2465 ) ;
#3152 = CARTESIAN_POINT ( 'NONE',  ( -15.49999999999989342, -15.50000000000000178, 4.500000000000000888 ) ) ;
#3153 = CARTESIAN_POINT ( 'NONE',  ( 11.49999999999999645, 1.408343819019455781E-15, 4.500000000000009770 ) ) ;
#3154 = LINE ( 'NONE', #2268, #1691 ) ;
#3155 = VERTEX_POINT ( 'NONE', #1732 ) ;
#3156 = AXIS2_PLACEMENT_3D ( 'NONE', #1657, #2723, #920 ) ;
#3157 = CONICAL_SURFACE ( 'NONE', #2846, 2.099999999999942357, 0.7853981633974507215 ) ;
#3158 = DIRECTION ( 'NONE',  ( 0.000000000000000000, 0.000000000000000000, 1.000000000000000000 ) ) ;
#3159 = CARTESIAN_POINT ( 'NONE',  ( 28.00000000000000355, -20.50000000000004974, -8.399999999999998579 ) ) ;
#3160 = EDGE_LOOP ( 'NONE', ( #1381, #2856, #2807, #3112 ) ) ;
#3161 = DIRECTION ( 'NONE',  ( 0.7071067811865388020, -0.7071067811865561215, 0.000000000000000000 ) ) ;
#3162 = DIRECTION ( 'NONE',  ( -0.7071067811865437980, -0.7071067811865513475, 0.000000000000000000 ) ) ;
#3163 = DIRECTION ( 'NONE',  ( -0.5000000000000075495, -0.5000000000000022204, -0.7071067811865408004 ) ) ;
#3164 = AXIS2_PLACEMENT_3D ( 'NONE', #1092, #2642, #2359 ) ;
#3165 = ORIENTED_EDGE ( 'NONE', *, *, #3302, .F. ) ;
#3166 = DIRECTION ( 'NONE',  ( 0.7071067811865411334, 8.659560562354855205E-17, -0.7071067811865539010 ) ) ;
#3167 = CARTESIAN_POINT ( 'NONE',  ( -27.99999999999998934, -11.50000000000004619, -9.999999999999996447 ) ) ;
#3168 = EDGE_LOOP ( 'NONE', ( #125, #3373, #2969, #1036 ) ) ;
#3169 = EDGE_CURVE ( 'NONE', #2608, #2572, #943, .T. ) ;
#3170 = EDGE_LOOP ( 'NONE', ( #2479, #1507, #2151, #2578 ) ) ;
#3171 = LINE ( 'NONE', #2016, #1473 ) ;
#3172 = ORIENTED_EDGE ( 'NONE', *, *, #1018, .F. ) ;
#3173 = ORIENTED_EDGE ( 'NONE', *, *, #2941, .F. ) ;
#3174 = DIRECTION ( 'NONE',  ( 1.000000000000000000, -0.000000000000000000, -0.000000000000000000 ) ) ;
#3175 = LINE ( 'NONE', #1397, #1754 ) ;
#3176 = DIRECTION ( 'NONE',  ( -0.000000000000000000, 0.000000000000000000, 1.000000000000000000 ) ) ;
#3177 = LINE ( 'NONE', #3338, #352 ) ;
#3178 = FACE_OUTER_BOUND ( 'NONE', #3452, .T. ) ;
#3179 = CARTESIAN_POINT ( 'NONE',  ( -27.99999999999998934, -21.00000000000000355, -7.900000000000045652 ) ) ;
#3180 = ORIENTED_EDGE ( 'NONE', *, *, #2010, .F. ) ;
#3181 = DIRECTION ( 'NONE',  ( 0.000000000000000000, 0.000000000000000000, 1.000000000000000000 ) ) ;
#3182 = DIRECTION ( 'NONE',  ( -1.577021341797097314E-16, 1.000000000000000000, 0.000000000000000000 ) ) ;
#3183 = DIRECTION ( 'NONE',  ( -0.000000000000000000, -0.000000000000000000, -1.000000000000000000 ) ) ;
#3184 = EDGE_CURVE ( 'NONE', #2773, #2085, #233, .T. ) ;
#3185 = EDGE_LOOP ( 'NONE', ( #2958, #919, #756, #456, #3091 ) ) ;
#3186 = VECTOR ( 'NONE', #2609, 1000.000000000000114 ) ;
#3187 = CARTESIAN_POINT ( 'NONE',  ( -13.39999999999990266, -15.50000000000000178, 0.000000000000000000 ) ) ;
#3188 = CARTESIAN_POINT ( 'NONE',  ( 13.40000000000011582, -15.49999999999998757, 0.000000000000000000 ) ) ;
#3189 = CONICAL_SURFACE ( 'NONE', #23, 1.600000000000004086, 0.7853981633974563836 ) ;
#3190 = FACE_OUTER_BOUND ( 'NONE', #2346, .T. ) ;
#3191 = ORIENTED_EDGE ( 'NONE', *, *, #1459, .F. ) ;
#3192 = DIRECTION ( 'NONE',  ( -0.000000000000000000, -0.000000000000000000, -1.000000000000000000 ) ) ;
#3193 = VERTEX_POINT ( 'NONE', #3079 ) ;
#3194 = AXIS2_PLACEMENT_3D ( 'NONE', #2014, #1771, #2540 ) ;
#3195 = DIRECTION ( 'NONE',  ( -0.7071067811865417996, 0.000000000000000000, -0.7071067811865531239 ) ) ;
#3196 = CARTESIAN_POINT ( 'NONE',  ( -13.89999999999989022, -15.50000000000000178, 4.500000000000000888 ) ) ;
#3197 = PLANE ( 'NONE',  #399 ) ;
#3198 = DIRECTION ( 'NONE',  ( 0.000000000000000000, 0.000000000000000000, 1.000000000000000000 ) ) ;
#3199 = ADVANCED_FACE ( 'NONE', ( #1349 ), #1755, .F. ) ;
#3200 = ORIENTED_EDGE ( 'NONE', *, *, #2420, .T. ) ;
#3201 = ORIENTED_EDGE ( 'NONE', *, *, #317, .T. ) ;
#3202 = DIRECTION ( 'NONE',  ( 1.000000000000000000, 0.000000000000000000, 0.000000000000000000 ) ) ;
#3203 = ORIENTED_EDGE ( 'NONE', *, *, #1342, .F. ) ;
#3204 = CIRCLE ( 'NONE', #599, 2.100000000000039169 ) ;
#3205 = ORIENTED_EDGE ( 'NONE', *, *, #3010, .T. ) ;
#3206 = ORIENTED_EDGE ( 'NONE', *, *, #254, .T. ) ;
#3207 = DIRECTION ( 'NONE',  ( -3.469446951953609751E-16, 1.000000000000000000, -0.000000000000000000 ) ) ;
#3208 = CIRCLE ( 'NONE', #2557, 2.099999999999988987 ) ;
#3209 = DIRECTION ( 'NONE',  ( -0.000000000000000000, -0.000000000000000000, -1.000000000000000000 ) ) ;
#3210 = CARTESIAN_POINT ( 'NONE',  ( -20.99999999999999645, -21.00000000000000000, -30.00000000000000000 ) ) ;
#3211 = VERTEX_POINT ( 'NONE', #762 ) ;
#3212 = EDGE_CURVE ( 'NONE', #936, #1056, #441, .T. ) ;
#3213 = LINE ( 'NONE', #2895, #2498 ) ;
#3214 = DIRECTION ( 'NONE',  ( -0.4999999999999953926, 0.4999999999999978351, -0.7071067811865522357 ) ) ;
#3215 = AXIS2_PLACEMENT_3D ( 'NONE', #1500, #2273, #2075 ) ;
#3216 = ORIENTED_EDGE ( 'NONE', *, *, #24, .T. ) ;
#3217 = LINE ( 'NONE', #2007, #551 ) ;
#3218 = ADVANCED_FACE ( 'NONE', ( #357 ), #1589, .F. ) ;
#3219 = PLANE ( 'NONE',  #1782 ) ;
#3220 = ORIENTED_EDGE ( 'NONE', *, *, #2699, .F. ) ;
#3221 = DIRECTION ( 'NONE',  ( 0.000000000000000000, 0.000000000000000000, 1.000000000000000000 ) ) ;
#3222 = AXIS2_PLACEMENT_3D ( 'NONE', #2587, #2628, #217 ) ;
#3223 = ORIENTED_EDGE ( 'NONE', *, *, #155, .T. ) ;
#3224 = VERTEX_POINT ( 'NONE', #3426 ) ;
#3225 = LINE ( 'NONE', #2289, #2507 ) ;
#3226 = DIRECTION ( 'NONE',  ( 0.000000000000000000, 0.000000000000000000, -1.000000000000000000 ) ) ;
#3227 = DIRECTION ( 'NONE',  ( -0.7071067811865435759, 8.659560562354884787E-17, 0.7071067811865514585 ) ) ;
#3228 = VERTEX_POINT ( 'NONE', #2365 ) ;
#3229 = STYLED_ITEM ( 'NONE', ( #3232 ), #921 ) ;
#3230 = CONICAL_SURFACE ( 'NONE', #1416, 2.099999999999952571, 0.7853981633974541632 ) ;
#3231 = EDGE_CURVE ( 'NONE', #1117, #201, #3136, .T. ) ;
#3232 = PRESENTATION_STYLE_ASSIGNMENT (( #1520 ) ) ;
#3233 = DIRECTION ( 'NONE',  ( 0.7071067811865434649, 0.7071067811865516806, 0.000000000000000000 ) ) ;
#3234 = DIRECTION ( 'NONE',  ( 1.000000000000000000, 0.000000000000000000, 0.000000000000000000 ) ) ;
#3235 = CARTESIAN_POINT ( 'NONE',  ( -15.49999999999989342, -15.50000000000000178, 0.000000000000000000 ) ) ;
#3236 = ORIENTED_EDGE ( 'NONE', *, *, #101, .F. ) ;
#3237 = ADVANCED_FACE ( 'NONE', ( #2378 ), #2082, .T. ) ;
#3238 = CIRCLE ( 'NONE', #935, 1.600000000000002531 ) ;
#3239 = ORIENTED_EDGE ( 'NONE', *, *, #2784, .F. ) ;
#3240 = LINE ( 'NONE', #3013, #3412 ) ;
#3241 = ORIENTED_EDGE ( 'NONE', *, *, #985, .T. ) ;
#3242 = CARTESIAN_POINT ( 'NONE',  ( -15.49999999999989342, -15.50000000000000178, 5.000000000000000000 ) ) ;
#3243 = AXIS2_PLACEMENT_3D ( 'NONE', #2175, #293, #285 ) ;
#3244 = PLANE ( 'NONE',  #2471 ) ;
#3245 = PLANE ( 'NONE',  #2284 ) ;
#3246 = EDGE_CURVE ( 'NONE', #1427, #1833, #897, .T. ) ;
#3247 = DIRECTION ( 'NONE',  ( -1.000000000000000000, 0.000000000000000000, 0.000000000000000000 ) ) ;
#3248 = CARTESIAN_POINT ( 'NONE',  ( -33.00000000000000000, -21.00000000000000355, -27.99999999999999289 ) ) ;
#3249 = DIRECTION ( 'NONE',  ( -0.000000000000000000, 0.000000000000000000, 1.000000000000000000 ) ) ;
#3250 = ORIENTED_EDGE ( 'NONE', *, *, #2045, .T. ) ;
#3251 = ORIENTED_EDGE ( 'NONE', *, *, #3145, .T. ) ;
#3252 = ORIENTED_EDGE ( 'NONE', *, *, #1278, .T. ) ;
#3253 = ORIENTED_EDGE ( 'NONE', *, *, #2968, .F. ) ;
#3254 = VECTOR ( 'NONE', #249, 1000.000000000000000 ) ;
#3255 = EDGE_CURVE ( 'NONE', #1329, #2521, #2218, .T. ) ;
#3256 = ADVANCED_FACE ( 'NONE', ( #14 ), #3015, .F. ) ;
#3257 = ORIENTED_EDGE ( 'NONE', *, *, #1486, .F. ) ;
#3258 = DIRECTION ( 'NONE',  ( 0.4999999999999963918, 0.4999999999999988898, -0.7071067811865507924 ) ) ;
#3259 = EDGE_LOOP ( 'NONE', ( #3077, #2371, #2522, #1432 ) ) ;
#3260 = LINE ( 'NONE', #2720, #2172 ) ;
#3261 = CARTESIAN_POINT ( 'NONE',  ( -28.00000000000000000, -11.50000000000004619, -26.59999999999999787 ) ) ;
#3262 = FACE_BOUND ( 'NONE', #1422, .T. ) ;
#3263 = CARTESIAN_POINT ( 'NONE',  ( -17.09999999999989484, -15.50000000000000178, 4.500000000000000888 ) ) ;
#3264 = AXIS2_PLACEMENT_3D ( 'NONE', #887, #618, #3305 ) ;
#3265 = EDGE_CURVE ( 'NONE', #936, #1830, #17, .T. ) ;
#3266 = AXIS2_PLACEMENT_3D ( 'NONE', #511, #2877, #2888 ) ;
#3267 = DIRECTION ( 'NONE',  ( 0.7071067811865516806, -0.7071067811865434649, 0.000000000000000000 ) ) ;
#3268 = ORIENTED_EDGE ( 'NONE', *, *, #1311, .F. ) ;
#3269 = CARTESIAN_POINT ( 'NONE',  ( -33.00000000000000000, -21.00000000000000355, -27.99999999999999289 ) ) ;
#3270 = AXIS2_PLACEMENT_3D ( 'NONE', #1637, #292, #1906 ) ;
#3271 = DIRECTION ( 'NONE',  ( -0.4999999999999995559, -0.4999999999999946709, -0.7071067811865515695 ) ) ;
#3272 = DIRECTION ( 'NONE',  ( -0.000000000000000000, 0.000000000000000000, 1.000000000000000000 ) ) ;
#3273 = ADVANCED_FACE ( 'NONE', ( #2897 ), #777, .F. ) ;
#3274 = VERTEX_POINT ( 'NONE', #1787 ) ;
#3275 = CIRCLE ( 'NONE', #1314, 11.49999999999999645 ) ;
#3276 = VECTOR ( 'NONE', #19, 1000.000000000000114 ) ;
#3277 = VERTEX_POINT ( 'NONE', #3129 ) ;
#3278 = FACE_OUTER_BOUND ( 'NONE', #2999, .T. ) ;
#3279 = ORIENTED_EDGE ( 'NONE', *, *, #1823, .F. ) ;
#3280 = DIRECTION ( 'NONE',  ( 0.7071067811865437980, -0.7071067811865513475, 0.000000000000000000 ) ) ;
#3281 = ORIENTED_EDGE ( 'NONE', *, *, #390, .F. ) ;
#3282 = EDGE_CURVE ( 'NONE', #824, #936, #877, .T. ) ;
#3283 = EDGE_CURVE ( 'NONE', #3155, #1858, #2482, .T. ) ;
#3284 = DIRECTION ( 'NONE',  ( 0.7071067811865491270, 0.7071067811865459074, 0.000000000000000000 ) ) ;
#3285 = DIRECTION ( 'NONE',  ( 0.000000000000000000, 1.000000000000000000, 0.000000000000000000 ) ) ;
#3286 = LINE ( 'NONE', #2017, #378 ) ;
#3287 = ORIENTED_EDGE ( 'NONE', *, *, #2519, .T. ) ;
#3288 = AXIS2_PLACEMENT_3D ( 'NONE', #2431, #857, #1114 ) ;
#3289 = ADVANCED_FACE ( 'NONE', ( #703 ), #1780, .F. ) ;
#3290 = DIRECTION ( 'NONE',  ( 0.000000000000000000, 0.000000000000000000, -1.000000000000000000 ) ) ;
#3291 = ORIENTED_EDGE ( 'NONE', *, *, #2813, .F. ) ;
#3292 = DIRECTION ( 'NONE',  ( -0.7071067811865459074, -0.7071067811865491270, 0.000000000000000000 ) ) ;
#3293 = ORIENTED_EDGE ( 'NONE', *, *, #3068, .T. ) ;
#3294 = DIRECTION ( 'NONE',  ( 0.7071067811865437980, 0.7071067811865513475, 0.000000000000000000 ) ) ;
#3295 = VECTOR ( 'NONE', #1390, 1000.000000000000000 ) ;
#3296 = DIRECTION ( 'NONE',  ( -0.5000000000000075495, -0.4999999999999952816, -0.7071067811865454633 ) ) ;
#3297 = EDGE_LOOP ( 'NONE', ( #3108, #1374, #2338, #844 ) ) ;
#3298 = ORIENTED_EDGE ( 'NONE', *, *, #590, .F. ) ;
#3299 = ORIENTED_EDGE ( 'NONE', *, *, #3101, .F. ) ;
#3300 = VECTOR ( 'NONE', #1238, 1000.000000000000000 ) ;
#3301 = DIRECTION ( 'NONE',  ( -0.000000000000000000, -0.000000000000000000, 1.000000000000000000 ) ) ;
#3302 = EDGE_CURVE ( 'NONE', #2913, #622, #2815, .T. ) ;
#3303 = LINE ( 'NONE', #3179, #1064 ) ;
#3304 = AXIS2_PLACEMENT_3D ( 'NONE', #273, #2929, #2400 ) ;
#3305 = DIRECTION ( 'NONE',  ( -1.000000000000000000, -1.577021341797097314E-16, 0.000000000000000000 ) ) ;
#3306 = EDGE_CURVE ( 'NONE', #231, #2403, #1861, .T. ) ;
#3307 = DIRECTION ( 'NONE',  ( 3.469446951953609751E-16, -1.000000000000000000, -0.000000000000000000 ) ) ;
#3308 = VECTOR ( 'NONE', #1233, 1000.000000000000000 ) ;
#3309 = VERTEX_POINT ( 'NONE', #2115 ) ;
#3310 = DIRECTION ( 'NONE',  ( 0.7071067811865500152, 0.000000000000000000, 0.7071067811865451302 ) ) ;
#3311 = ADVANCED_FACE ( 'NONE', ( #532 ), #2559, .F. ) ;
#3312 = AXIS2_PLACEMENT_3D ( 'NONE', #3038, #3065, #1465 ) ;
#3313 = DIRECTION ( 'NONE',  ( -1.000000000000000000, 0.000000000000000000, 0.000000000000000000 ) ) ;
#3314 = DIRECTION ( 'NONE',  ( -0.000000000000000000, -1.000000000000000000, -0.000000000000000000 ) ) ;
#3315 = EDGE_CURVE ( 'NONE', #2442, #803, #668, .T. ) ;
#3316 = DIRECTION ( 'NONE',  ( -0.000000000000000000, -1.000000000000000000, -0.000000000000000000 ) ) ;
#3317 = EDGE_LOOP ( 'NONE', ( #2246, #3206, #1609, #1499 ) ) ;
#3318 = DIRECTION ( 'NONE',  ( 1.000000000000000000, 0.000000000000000000, 0.000000000000000000 ) ) ;
#3319 = CIRCLE ( 'NONE', #3083, 2.100000000000039169 ) ;
#3320 = DIRECTION ( 'NONE',  ( -0.7071067811865437980, -0.7071067811865513475, 0.000000000000000000 ) ) ;
#3321 = LINE ( 'NONE', #2672, #159 ) ;
#3322 = VECTOR ( 'NONE', #1049, 1000.000000000000000 ) ;
#3323 = VERTEX_POINT ( 'NONE', #2648 ) ;
#3324 = DIRECTION ( 'NONE',  ( 0.5000000000000042188, -0.5000000000000042188, -0.7071067811865414665 ) ) ;
#3325 = ORIENTED_EDGE ( 'NONE', *, *, #2623, .T. ) ;
#3326 = CIRCLE ( 'NONE', #1827, 1.600000000000002531 ) ;
#3327 = CARTESIAN_POINT ( 'NONE',  ( 11.49999999999999645, 1.408343819019455781E-15, 0.4999999999999952260 ) ) ;
#3328 = ORIENTED_EDGE ( 'NONE', *, *, #1574, .F. ) ;
#3329 = ORIENTED_EDGE ( 'NONE', *, *, #2010, .T. ) ;
#3330 = DIRECTION ( 'NONE',  ( -1.000000000000000000, 0.000000000000000000, 0.000000000000000000 ) ) ;
#3331 = CARTESIAN_POINT ( 'NONE',  ( 0.000000000000000000, 0.000000000000000000, 0.000000000000000000 ) ) ;
#3332 = CARTESIAN_POINT ( 'NONE',  ( -16.63137084989837788, 16.63137084989847025, 0.4999999999999978351 ) ) ;
#3333 = EDGE_CURVE ( 'NONE', #2044, #2698, #2645, .T. ) ;
#3334 = EDGE_CURVE ( 'NONE', #2085, #281, #2776, .T. ) ;
#3335 = PLANE ( 'NONE',  #2013 ) ;
#3336 = AXIS2_PLACEMENT_3D ( 'NONE', #2514, #1228, #174 ) ;
#3337 = ORIENTED_EDGE ( 'NONE', *, *, #1403, .T. ) ;
#3338 = CARTESIAN_POINT ( 'NONE',  ( 33.00000000000000000, -20.99999999999999289, 5.000000000000000000 ) ) ;
#3339 = ORIENTED_EDGE ( 'NONE', *, *, #348, .T. ) ;
#3340 = AXIS2_PLACEMENT_3D ( 'NONE', #1030, #2352, #1044 ) ;
#3341 = ORIENTED_EDGE ( 'NONE', *, *, #1367, .T. ) ;
#3342 = DIRECTION ( 'NONE',  ( -0.000000000000000000, -0.000000000000000000, -1.000000000000000000 ) ) ;
#3343 = EDGE_LOOP ( 'NONE', ( #3253, #766, #276, #1489 ) ) ;
#3344 = CARTESIAN_POINT ( 'NONE',  ( 28.00000000000000000, -10.99999999999998579, -27.10000000000005826 ) ) ;
#3345 = LINE ( 'NONE', #199, #3300 ) ;
#3346 = DIRECTION ( 'NONE',  ( 0.000000000000000000, 0.000000000000000000, 1.000000000000000000 ) ) ;
#3347 = ORIENTED_EDGE ( 'NONE', *, *, #928, .F. ) ;
#3348 = EDGE_LOOP ( 'NONE', ( #523, #2782, #3423, #2325 ) ) ;
#3349 = DIRECTION ( 'NONE',  ( 0.000000000000000000, 0.000000000000000000, 1.000000000000000000 ) ) ;
#3350 = FACE_OUTER_BOUND ( 'NONE', #3297, .T. ) ;
#3351 = DIRECTION ( 'NONE',  ( -1.000000000000000000, 0.000000000000000000, 0.000000000000000000 ) ) ;
#3352 = DIRECTION ( 'NONE',  ( 0.000000000000000000, 0.000000000000000000, 1.000000000000000000 ) ) ;
#3353 = VECTOR ( 'NONE', #453, 1000.000000000000000 ) ;
#3354 = CARTESIAN_POINT ( 'NONE',  ( 17.60000000000008669, -15.49999999999998757, 5.000000000000000000 ) ) ;
#3355 = EDGE_LOOP ( 'NONE', ( #2413, #1419, #2901, #710 ) ) ;
#3356 = AXIS2_PLACEMENT_3D ( 'NONE', #111, #873, #2223 ) ;
#3357 = EDGE_CURVE ( 'NONE', #3193, #1858, #1087, .T. ) ;
#3358 = DIRECTION ( 'NONE',  ( 1.000000000000000000, -0.000000000000000000, -0.000000000000000000 ) ) ;
#3359 = DIRECTION ( 'NONE',  ( 1.000000000000000000, 8.260587980841892434E-16, 0.000000000000000000 ) ) ;
#3360 = DIRECTION ( 'NONE',  ( 1.000000000000000000, 0.000000000000000000, 0.000000000000000000 ) ) ;
#3361 = CARTESIAN_POINT ( 'NONE',  ( -15.49999999999989342, 17.76274169979696538, 5.000000000000000000 ) ) ;
#3362 = ORIENTED_EDGE ( 'NONE', *, *, #1437, .T. ) ;
#3363 = VECTOR ( 'NONE', #279, 1000.000000000000000 ) ;
#3364 = CARTESIAN_POINT ( 'NONE',  ( 4.571168158194287469E-14, 16.97056274847727053, 0.000000000000000000 ) ) ;
#3365 = EDGE_CURVE ( 'NONE', #1844, #236, #88, .T. ) ;
#3366 = VECTOR ( 'NONE', #2329, 1000.000000000000000 ) ;
#3367 = FACE_OUTER_BOUND ( 'NONE', #2196, .T. ) ;
#3368 = DIRECTION ( 'NONE',  ( 0.7071067811865491270, -0.7071067811865459074, 0.000000000000000000 ) ) ;
#3369 = ORIENTED_EDGE ( 'NONE', *, *, #2324, .F. ) ;
#3370 = EDGE_CURVE ( 'NONE', #1858, #2305, #3453, .T. ) ;
#3371 = ORIENTED_EDGE ( 'NONE', *, *, #2531, .F. ) ;
#3372 = CARTESIAN_POINT ( 'NONE',  ( -15.49999999999989342, 17.76274169979696538, 5.000000000000000000 ) ) ;
#3373 = ORIENTED_EDGE ( 'NONE', *, *, #2179, .T. ) ;
#3374 = ORIENTED_EDGE ( 'NONE', *, *, #2224, .T. ) ;
#3375 = FACE_OUTER_BOUND ( 'NONE', #1767, .T. ) ;
#3376 = ORIENTED_EDGE ( 'NONE', *, *, #2891, .T. ) ;
#3377 = ORIENTED_EDGE ( 'NONE', *, *, #1403, .F. ) ;
#3378 = DIRECTION ( 'NONE',  ( -0.000000000000000000, -0.000000000000000000, -1.000000000000000000 ) ) ;
#3379 = ORIENTED_EDGE ( 'NONE', *, *, #789, .T. ) ;
#3380 = VECTOR ( 'NONE', #2299, 1000.000000000000000 ) ;
#3381 = ORIENTED_EDGE ( 'NONE', *, *, #3265, .T. ) ;
#3382 = DIRECTION ( 'NONE',  ( 1.000000000000000000, 0.000000000000000000, 0.000000000000000000 ) ) ;
#3383 = CARTESIAN_POINT ( 'NONE',  ( -8.485281374238612173, 8.485281374238516250, 5.000000000000000000 ) ) ;
#3384 = UNCERTAINTY_MEASURE_WITH_UNIT (LENGTH_MEASURE( 1.000000000000000082E-05 ), #2341, 'distance_accuracy_value', 'NONE');
#3385 = VECTOR ( 'NONE', #246, 1000.000000000000114 ) ;
#3386 = DIRECTION ( 'NONE',  ( 1.000000000000000000, -1.776356839400250465E-15, 0.000000000000000000 ) ) ;
#3387 = CARTESIAN_POINT ( 'NONE',  ( -15.49999999999989342, -13.23725830020305061, 0.4999999999999917843 ) ) ;
#3388 = FACE_BOUND ( 'NONE', #2220, .T. ) ;
#3389 = ORIENTED_EDGE ( 'NONE', *, *, #1100, .F. ) ;
#3390 = DIRECTION ( 'NONE',  ( -1.000000000000000000, 0.000000000000000000, 0.000000000000000000 ) ) ;
#3391 = CARTESIAN_POINT ( 'NONE',  ( 0.000000000000000000, 0.000000000000000000, 5.000000000000000000 ) ) ;
#3392 = PLANE ( 'NONE',  #2012 ) ;
#3393 = EDGE_CURVE ( 'NONE', #1250, #824, #168, .T. ) ;
#3394 = DIRECTION ( 'NONE',  ( 1.000000000000000000, 1.084202172485506406E-15, 0.000000000000000000 ) ) ;
#3395 = EDGE_CURVE ( 'NONE', #1144, #2090, #2074, .T. ) ;
#3396 = AXIS2_PLACEMENT_3D ( 'NONE', #2217, #1656, #1420 ) ;
#3397 = ORIENTED_EDGE ( 'NONE', *, *, #1278, .F. ) ;
#3398 = CARTESIAN_POINT ( 'NONE',  ( 33.00000000000000000, -10.99999999999998579, 5.000000000000000000 ) ) ;
#3399 = DIRECTION ( 'NONE',  ( -0.000000000000000000, -0.000000000000000000, -1.000000000000000000 ) ) ;
#3400 = VECTOR ( 'NONE', #3051, 1000.000000000000000 ) ;
#3401 = CONICAL_SURFACE ( 'NONE', #497, 1.600000000000002531, 0.7853981633974456145 ) ;
#3402 = VERTEX_POINT ( 'NONE', #2542 ) ;
#3403 = AXIS2_PLACEMENT_3D ( 'NONE', #774, #238, #2060 ) ;
#3404 = ADVANCED_FACE ( 'NONE', ( #2948 ), #2862, .F. ) ;
#3405 = CYLINDRICAL_SURFACE ( 'NONE', #300, 1.600000000000002531 ) ;
#3406 = CARTESIAN_POINT ( 'NONE',  ( -17.09999999999989484, -15.50000000000000178, 0.4999999999999917843 ) ) ;
#3407 = LINE ( 'NONE', #1, #413 ) ;
#3408 = VECTOR ( 'NONE', #691, 1000.000000000000000 ) ;
#3409 = ORIENTED_EDGE ( 'NONE', *, *, #3010, .F. ) ;
#3410 = CIRCLE ( 'NONE', #2670, 2.000000000000001776 ) ;
#3411 = DIRECTION ( 'NONE',  ( 1.000000000000000000, 0.000000000000000000, 0.000000000000000000 ) ) ;
#3412 = VECTOR ( 'NONE', #2779, 1000.000000000000114 ) ;
#3413 = VERTEX_POINT ( 'NONE', #1728 ) ;
#3414 = CARTESIAN_POINT ( 'NONE',  ( 0.000000000000000000, 0.000000000000000000, 0.4999999999999952260 ) ) ;
#3415 = DIRECTION ( 'NONE',  ( 0.000000000000000000, -1.000000000000000000, 0.000000000000000000 ) ) ;
#3416 = ORIENTED_EDGE ( 'NONE', *, *, #2405, .F. ) ;
#3417 = AXIS2_PLACEMENT_3D ( 'NONE', #1577, #2653, #2665 ) ;
#3418 = CARTESIAN_POINT ( 'NONE',  ( -16.98492424049165805, 16.98492424049175042, 5.000000000000000000 ) ) ;
#3419 = EDGE_CURVE ( 'NONE', #1833, #1779, #1372, .T. ) ;
#3420 = VERTEX_POINT ( 'NONE', #147 ) ;
#3421 = ORIENTED_EDGE ( 'NONE', *, *, #2405, .T. ) ;
#3422 = DIRECTION ( 'NONE',  ( -1.000000000000000000, 0.000000000000000000, 0.000000000000000000 ) ) ;
#3423 = ORIENTED_EDGE ( 'NONE', *, *, #1260, .T. ) ;
#3424 = ORIENTED_EDGE ( 'NONE', *, *, #717, .F. ) ;
#3425 = FACE_BOUND ( 'NONE', #2563, .T. ) ;
#3426 = CARTESIAN_POINT ( 'NONE',  ( 16.63137084989848091, 16.63137084989857328, 4.500000000000007994 ) ) ;
#3427 = CARTESIAN_POINT ( 'NONE',  ( 28.00000000000000355, -20.99999999999999289, -10.00000000000000000 ) ) ;
#3428 = AXIS2_PLACEMENT_3D ( 'NONE', #1682, #917, #2760 ) ;
#3429 = ORIENTED_EDGE ( 'NONE', *, *, #1129, .F. ) ;
#3430 = LINE ( 'NONE', #2712, #2451 ) ;
#3431 = DIRECTION ( 'NONE',  ( 0.7071067811865459074, -0.7071067811865491270, 0.000000000000000000 ) ) ;
#3432 = VERTEX_POINT ( 'NONE', #2517 ) ;
#3433 = LINE ( 'NONE', #2369, #3385 ) ;
#3434 = VECTOR ( 'NONE', #851, 1000.000000000000000 ) ;
#3435 = DIRECTION ( 'NONE',  ( -1.000000000000000000, 0.000000000000000000, 0.000000000000000000 ) ) ;
#3436 = EDGE_CURVE ( 'NONE', #1411, #2728, #3286, .T. ) ;
#3437 = DIRECTION ( 'NONE',  ( -0.000000000000000000, 1.000000000000000000, -0.000000000000000000 ) ) ;
#3438 = DIRECTION ( 'NONE',  ( -0.000000000000000000, -0.000000000000000000, -1.000000000000000000 ) ) ;
#3439 = ORIENTED_EDGE ( 'NONE', *, *, #2137, .F. ) ;
#3440 = EDGE_CURVE ( 'NONE', #2330, #98, #792, .T. ) ;
#3441 = VECTOR ( 'NONE', #1386, 1000.000000000000000 ) ;
#3442 = VECTOR ( 'NONE', #2622, 1000.000000000000000 ) ;
#3443 = AXIS2_PLACEMENT_3D ( 'NONE', #2035, #3090, #455 ) ;
#3444 = CARTESIAN_POINT ( 'NONE',  ( -27.99999999999998934, -21.00000000000000355, -9.999999999999996447 ) ) ;
#3445 = DIRECTION ( 'NONE',  ( -1.000000000000000000, 0.000000000000000000, 0.000000000000000000 ) ) ;
#3446 = CIRCLE ( 'NONE', #1670, 1.599999999999997202 ) ;
#3447 = ORIENTED_EDGE ( 'NONE', *, *, #684, .T. ) ;
#3448 = AXIS2_PLACEMENT_3D ( 'NONE', #1610, #26, #3041 ) ;
#3449 = CARTESIAN_POINT ( 'NONE',  ( 20.99999999999999645, 21.00000000000000711, 5.000000000000000000 ) ) ;
#3450 = ORIENTED_EDGE ( 'NONE', *, *, #75, .T. ) ;
#3451 = ORIENTED_EDGE ( 'NONE', *, *, #2549, .F. ) ;
#3452 = EDGE_LOOP ( 'NONE', ( #1166, #2821, #805, #3325 ) ) ;
#3453 = CIRCLE ( 'NONE', #1725, 2.099999999999990763 ) ;
#3454 = DIRECTION ( 'NONE',  ( -1.000000000000000000, 0.000000000000000000, 0.000000000000000000 ) ) ;
#3455 = VERTEX_POINT ( 'NONE', #2266 ) ;
ENDSEC;
END-ISO-10303-21;
