ISO-10303-21;
HEADER;
FILE_DESCRIPTION (( 'STEP AP214' ),
    '1' );
FILE_NAME ('轨道连杆连接端.STEP',
    '2026-07-29T04:04:42',
    ( 'HXX' ),
    ( '' ),
    'SwSTEP 2.0',
    'SolidWorks 2018',
    '' );
FILE_SCHEMA (( 'AUTOMOTIVE_DESIGN' ));
ENDSEC;

DATA;
#1 = LINE ( 'NONE', #1468, #2220 ) ;
#2 = VERTEX_POINT ( 'NONE', #472 ) ;
#3 = LINE ( 'NONE', #1057, #708 ) ;
#4 = DIRECTION ( 'NONE',  ( 2.785370546590541429E-16, -0.7071067811865513475, -0.7071067811865437980 ) ) ;
#5 = AXIS2_PLACEMENT_3D ( 'NONE', #992, #1176, #1557 ) ;
#6 = DIRECTION ( 'NONE',  ( -0.7071067811865444641, 1.167718008152814037E-16, 0.7071067811865505703 ) ) ;
#7 = ORIENTED_EDGE ( 'NONE', *, *, #2127, .F. ) ;
#8 = ORIENTED_EDGE ( 'NONE', *, *, #1935, .T. ) ;
#9 = ORIENTED_EDGE ( 'NONE', *, *, #653, .F. ) ;
#10 = ORIENTED_EDGE ( 'NONE', *, *, #850, .T. ) ;
#11 = EDGE_CURVE ( 'NONE', #677, #1693, #2101, .T. ) ;
#12 = ORIENTED_EDGE ( 'NONE', *, *, #1889, .F. ) ;
#13 = CARTESIAN_POINT ( 'NONE',  ( -6.499999999999992895, -25.00000000000000355, 2.030151519016481387 ) ) ;
#14 = EDGE_CURVE ( 'NONE', #1501, #2292, #320, .T. ) ;
#15 = DIRECTION ( 'NONE',  ( -1.261617073437680612E-15, 1.000000000000000000, -0.000000000000000000 ) ) ;
#16 = CARTESIAN_POINT ( 'NONE',  ( 5.999999999999991118, -23.86862915010152264, 3.868629150101522196 ) ) ;
#17 = VECTOR ( 'NONE', #731, 1000.000000000000000 ) ;
#18 = DIRECTION ( 'NONE',  ( 1.000000000000000000, 5.170730929733267727E-16, 0.000000000000000000 ) ) ;
#19 = DIRECTION ( 'NONE',  ( 1.000000000000000000, 1.261617073437680020E-15, 0.000000000000000000 ) ) ;
#20 = CARTESIAN_POINT ( 'NONE',  ( 19.00000000000000355, 4.653657836759941941E-15, -11.00000000000000533 ) ) ;
#21 = EDGE_LOOP ( 'NONE', ( #2058, #1605, #898 ) ) ;
#22 = VERTEX_POINT ( 'NONE', #1228 ) ;
#23 = VECTOR ( 'NONE', #655, 1000.000000000000000 ) ;
#24 = LINE ( 'NONE', #963, #350 ) ;
#25 = ADVANCED_FACE ( 'NONE', ( #1489 ), #1441, .F. ) ;
#26 = CARTESIAN_POINT ( 'NONE',  ( -14.99999999999999289, -5.999999999999998224, 5.000000000000003553 ) ) ;
#27 = DIRECTION ( 'NONE',  ( 1.000000000000000000, 1.261617073437680020E-15, 0.000000000000000000 ) ) ;
#28 = VECTOR ( 'NONE', #1884, 1000.000000000000000 ) ;
#29 = AXIS2_PLACEMENT_3D ( 'NONE', #2174, #1278, #1976 ) ;
#30 = CARTESIAN_POINT ( 'NONE',  ( -16.29999999999993321, -54.00000000000002842, 5.000000000000003553 ) ) ;
#31 = CIRCLE ( 'NONE', #1597, 1.600000000000002531 ) ;
#32 = CIRCLE ( 'NONE', #1870, 18.00000000000000000 ) ;
#33 = PLANE ( 'NONE',  #749 ) ;
#34 = ORIENTED_EDGE ( 'NONE', *, *, #753, .F. ) ;
#35 = VERTEX_POINT ( 'NONE', #676 ) ;
#36 = EDGE_CURVE ( 'NONE', #140, #1632, #539, .T. ) ;
#37 = CARTESIAN_POINT ( 'NONE',  ( 10.00000000000000178, 0.000000000000000000, -45.00000000000000000 ) ) ;
#38 = ORIENTED_EDGE ( 'NONE', *, *, #1288, .T. ) ;
#39 = DIRECTION ( 'NONE',  ( -1.000000000000000000, 0.000000000000000000, 0.000000000000000000 ) ) ;
#40 = PRODUCT_DEFINITION ( '未知', '', #1421, #1383 ) ;
#41 = DIRECTION ( 'NONE',  ( -1.000000000000000000, 0.000000000000000000, 0.000000000000000000 ) ) ;
#42 = EDGE_LOOP ( 'NONE', ( #2318, #269 ) ) ;
#43 = ORIENTED_EDGE ( 'NONE', *, *, #1656, .T. ) ;
#44 = ADVANCED_FACE ( 'NONE', ( #2042 ), #1427, .F. ) ;
#45 = EDGE_CURVE ( 'NONE', #679, #285, #219, .T. ) ;
#46 = DIRECTION ( 'NONE',  ( 1.000000000000000000, 0.000000000000000000, -0.000000000000000000 ) ) ;
#47 = CARTESIAN_POINT ( 'NONE',  ( -10.00000000000000178, 0.000000000000000000, 10.00000000000000000 ) ) ;
#48 = DIRECTION ( 'NONE',  ( -0.000000000000000000, -0.000000000000000000, -1.000000000000000000 ) ) ;
#49 = FACE_OUTER_BOUND ( 'NONE', #2344, .T. ) ;
#50 = DIRECTION ( 'NONE',  ( -1.000000000000000000, 0.000000000000000000, 0.000000000000000000 ) ) ;
#51 = CARTESIAN_POINT ( 'NONE',  ( -6.499999999999992006, -29.00000000000000000, 10.00000000000000000 ) ) ;
#52 = EDGE_LOOP ( 'NONE', ( #2079, #1361, #1749, #2121 ) ) ;
#53 = CIRCLE ( 'NONE', #230, 1.300000000000000711 ) ;
#54 = CARTESIAN_POINT ( 'NONE',  ( -47.49999999999999289, -25.00000000000002132, 5.000000000000000000 ) ) ;
#55 = CIRCLE ( 'NONE', #2098, 15.00000000000000000 ) ;
#56 = CONICAL_SURFACE ( 'NONE', #1352, 10.50000000000001599, 0.7853981633974482790 ) ;
#57 = VECTOR ( 'NONE', #259, 1000.000000000000000 ) ;
#58 = DIRECTION ( 'NONE',  ( -1.261617073437680809E-15, 1.000000000000000000, -0.000000000000000000 ) ) ;
#59 = AXIS2_PLACEMENT_3D ( 'NONE', #1664, #4, #1825 ) ;
#60 = FACE_BOUND ( 'NONE', #1819, .T. ) ;
#61 = CARTESIAN_POINT ( 'NONE',  ( 6.500000000000005329, -13.51850583459577493, 10.00000000000000000 ) ) ;
#62 = DIRECTION ( 'NONE',  ( 0.000000000000000000, 0.000000000000000000, -1.000000000000000000 ) ) ;
#63 = VECTOR ( 'NONE', #1528, 1000.000000000000000 ) ;
#64 = EDGE_LOOP ( 'NONE', ( #151, #2047, #417, #631 ) ) ;
#65 = CARTESIAN_POINT ( 'NONE',  ( 17.99999999999999645, 4.653657836759941941E-15, 10.00000000000000000 ) ) ;
#66 = ORIENTED_EDGE ( 'NONE', *, *, #359, .T. ) ;
#67 = ORIENTED_EDGE ( 'NONE', *, *, #1844, .F. ) ;
#68 = ORIENTED_EDGE ( 'NONE', *, *, #1817, .T. ) ;
#69 = DIRECTION ( 'NONE',  ( -0.000000000000000000, 0.7071067811865459074, 0.7071067811865491270 ) ) ;
#70 = AXIS2_PLACEMENT_3D ( 'NONE', #547, #179, #2377 ) ;
#71 = ORIENTED_EDGE ( 'NONE', *, *, #177, .T. ) ;
#72 = CARTESIAN_POINT ( 'NONE',  ( 5.999999999999991118, -23.86862915010151553, 3.868629150101529302 ) ) ;
#73 = PLANE ( 'NONE',  #1915 ) ;
#74 = DIRECTION ( 'NONE',  ( -1.000000000000000000, 0.000000000000000000, 0.000000000000000000 ) ) ;
#75 = CARTESIAN_POINT ( 'NONE',  ( -9.899494936611684892, -9.899494936611647589, -34.99999999999999289 ) ) ;
#76 = EDGE_CURVE ( 'NONE', #329, #1910, #1717, .T. ) ;
#77 = ORIENTED_EDGE ( 'NONE', *, *, #136, .T. ) ;
#78 =( NAMED_UNIT ( * ) PLANE_ANGLE_UNIT ( ) SI_UNIT ( $, .RADIAN. ) );
#79 = DIRECTION ( 'NONE',  ( -0.000000000000000000, -0.000000000000000000, 1.000000000000000000 ) ) ;
#80 = DIRECTION ( 'NONE',  ( -1.261617073437680612E-15, 1.000000000000000000, -0.000000000000000000 ) ) ;
#81 = CARTESIAN_POINT ( 'NONE',  ( 0.000000000000000000, 0.000000000000000000, -45.00000000000000000 ) ) ;
#82 = EDGE_CURVE ( 'NONE', #1855, #2292, #643, .T. ) ;
#83 = AXIS2_PLACEMENT_3D ( 'NONE', #1247, #513, #1797 ) ;
#84 = EDGE_LOOP ( 'NONE', ( #402, #1554, #748, #1480, #1417 ) ) ;
#85 = ORIENTED_EDGE ( 'NONE', *, *, #90, .F. ) ;
#86 = CARTESIAN_POINT ( 'NONE',  ( -8.099494936611709051, -9.899494936611647589, -45.00000000000000000 ) ) ;
#87 = LINE ( 'NONE', #2113, #1624 ) ;
#88 = DIRECTION ( 'NONE',  ( -1.000000000000000000, 0.000000000000000000, 0.000000000000000000 ) ) ;
#89 = LINE ( 'NONE', #612, #1437 ) ;
#90 = EDGE_CURVE ( 'NONE', #1120, #651, #1, .T. ) ;
#91 = LINE ( 'NONE', #239, #28 ) ;
#92 = CARTESIAN_POINT ( 'NONE',  ( -18.99999999999999645, 0.000000000000000000, 9.000000000000000000 ) ) ;
#93 = FACE_OUTER_BOUND ( 'NONE', #405, .T. ) ;
#94 = EDGE_CURVE ( 'NONE', #1690, #599, #1139, .T. ) ;
#95 = ORIENTED_EDGE ( 'NONE', *, *, #1510, .F. ) ;
#96 = VERTEX_POINT ( 'NONE', #914 ) ;
#97 = DIRECTION ( 'NONE',  ( -0.000000000000000000, -0.000000000000000000, 1.000000000000000000 ) ) ;
#98 = ORIENTED_EDGE ( 'NONE', *, *, #387, .T. ) ;
#99 = ORIENTED_EDGE ( 'NONE', *, *, #1102, .T. ) ;
#100 = ORIENTED_EDGE ( 'NONE', *, *, #867, .F. ) ;
#101 = ORIENTED_EDGE ( 'NONE', *, *, #1702, .F. ) ;
#102 = VERTEX_POINT ( 'NONE', #337 ) ;
#103 = CARTESIAN_POINT ( 'NONE',  ( 6.500000000000005329, -13.51850583459577493, 0.000000000000000000 ) ) ;
#104 = CARTESIAN_POINT ( 'NONE',  ( 0.000000000000000000, 0.000000000000000000, -33.99999999999998579 ) ) ;
#105 = EDGE_CURVE ( 'NONE', #22, #1175, #1257, .T. ) ;
#106 = DIRECTION ( 'NONE',  ( -0.7071067811865507924, 0.000000000000000000, -0.7071067811865442421 ) ) ;
#107 = ORIENTED_EDGE ( 'NONE', *, *, #1132, .T. ) ;
#108 = VECTOR ( 'NONE', #1083, 1000.000000000000000 ) ;
#109 = EDGE_CURVE ( 'NONE', #1022, #1256, #769, .T. ) ;
#110 = CARTESIAN_POINT ( 'NONE',  ( 15.91923881554251707, 2.008398348582027924E-14, 4.080761184457493584 ) ) ;
#111 = CARTESIAN_POINT ( 'NONE',  ( 9.899494936611681339, -9.899494936611649365, -34.99999999999999289 ) ) ;
#112 = CARTESIAN_POINT ( 'NONE',  ( -6.499999999999992895, -25.00000000000000355, 5.000000000000000000 ) ) ;
#113 = CARTESIAN_POINT ( 'NONE',  ( -15.00000000000000000, 0.000000000000000000, -12.00000000000000000 ) ) ;
#114 = ORIENTED_EDGE ( 'NONE', *, *, #1999, .F. ) ;
#115 = ORIENTED_EDGE ( 'NONE', *, *, #461, .F. ) ;
#116 = CYLINDRICAL_SURFACE ( 'NONE', #732, 1.300000000000000711 ) ;
#117 = VECTOR ( 'NONE', #414, 1000.000000000000000 ) ;
#118 = LINE ( 'NONE', #1027, #2248 ) ;
#119 = DIRECTION ( 'NONE',  ( -1.261617073437680809E-15, 1.000000000000000000, -0.000000000000000000 ) ) ;
#120 = CARTESIAN_POINT ( 'NONE',  ( -15.91923881554244780, -54.00000000000002842, 4.080761184457495361 ) ) ;
#121 = FACE_OUTER_BOUND ( 'NONE', #130, .T. ) ;
#122 = CARTESIAN_POINT ( 'NONE',  ( -9.899494936611684892, -9.899494936611647589, -44.50000000000002842 ) ) ;
#123 = EDGE_CURVE ( 'NONE', #1945, #716, #31, .T. ) ;
#124 = VERTEX_POINT ( 'NONE', #720 ) ;
#125 = CARTESIAN_POINT ( 'NONE',  ( -6.499999999999993783, -15.27432867680619388, 11.75582284221039941 ) ) ;
#126 = CIRCLE ( 'NONE', #1364, 1.300000000000002487 ) ;
#127 = ORIENTED_EDGE ( 'NONE', *, *, #1510, .T. ) ;
#128 = CARTESIAN_POINT ( 'NONE',  ( -13.71904312910495349, -6.065723199256357390, 4.753901620731340039 ) ) ;
#129 = ORIENTED_EDGE ( 'NONE', *, *, #723, .T. ) ;
#130 = EDGE_LOOP ( 'NONE', ( #2160, #664, #1065, #220 ) ) ;
#131 = ORIENTED_EDGE ( 'NONE', *, *, #1670, .F. ) ;
#132 = CARTESIAN_POINT ( 'NONE',  ( -18.00000000000001066, 0.000000000000000000, -12.00000000000000000 ) ) ;
#133 = CARTESIAN_POINT ( 'NONE',  ( 15.00000000000000000, 1.892425610156521076E-14, 3.161522368914966297 ) ) ;
#134 = ORIENTED_EDGE ( 'NONE', *, *, #659, .T. ) ;
#135 = APPLICATION_CONTEXT ( 'automotive_design' ) ;
#136 = EDGE_CURVE ( 'NONE', #1114, #102, #848, .T. ) ;
#137 = DIRECTION ( 'NONE',  ( -1.000000000000000000, 0.000000000000000000, 0.000000000000000000 ) ) ;
#138 = CARTESIAN_POINT ( 'NONE',  ( -6.499999999999992006, -26.00000000000000000, 10.00000000000000000 ) ) ;
#139 = AXIS2_PLACEMENT_3D ( 'NONE', #726, #938, #2187 ) ;
#140 = VERTEX_POINT ( 'NONE', #167 ) ;
#141 = DIRECTION ( 'NONE',  ( -1.000000000000000000, 0.000000000000000000, 0.000000000000000000 ) ) ;
#142 = CARTESIAN_POINT ( 'NONE',  ( -5.999999999999991118, -25.00000000000000355, 5.000000000000000000 ) ) ;
#143 = EDGE_CURVE ( 'NONE', #787, #1230, #1917, .T. ) ;
#144 = DIRECTION ( 'NONE',  ( 1.000000000000000000, 3.939108803222883483E-16, -0.000000000000000000 ) ) ;
#145 = AXIS2_PLACEMENT_3D ( 'NONE', #1802, #497, #1944 ) ;
#146 = DIRECTION ( 'NONE',  ( -1.000000000000000000, -1.261617073437680020E-15, 0.000000000000000000 ) ) ;
#147 = ADVANCED_FACE ( 'NONE', ( #1394 ), #1616, .T. ) ;
#148 = ORIENTED_EDGE ( 'NONE', *, *, #387, .F. ) ;
#149 = DIRECTION ( 'NONE',  ( -0.000000000000000000, -0.000000000000000000, 1.000000000000000000 ) ) ;
#150 = DIRECTION ( 'NONE',  ( 1.000000000000000000, 0.000000000000000000, 0.000000000000000000 ) ) ;
#151 = ORIENTED_EDGE ( 'NONE', *, *, #2178, .T. ) ;
#152 = LINE ( 'NONE', #1206, #1461 ) ;
#153 = VECTOR ( 'NONE', #452, 1000.000000000000000 ) ;
#154 = DIRECTION ( 'NONE',  ( -1.000000000000000000, 0.000000000000000000, -0.000000000000000000 ) ) ;
#155 = AXIS2_PLACEMENT_3D ( 'NONE', #2267, #2243, #1524 ) ;
#156 = CIRCLE ( 'NONE', #1487, 1.300000000000000711 ) ;
#157 = ORIENTED_EDGE ( 'NONE', *, *, #14, .F. ) ;
#158 = EDGE_CURVE ( 'NONE', #253, #159, #399, .T. ) ;
#159 = VERTEX_POINT ( 'NONE', #874 ) ;
#160 = VECTOR ( 'NONE', #161, 1000.000000000000114 ) ;
#161 = DIRECTION ( 'NONE',  ( -0.7071067811865474617, 1.167718008152813692E-15, 0.7071067811865474617 ) ) ;
#162 = DIRECTION ( 'NONE',  ( -1.000000000000000000, -5.170730929733268713E-16, -0.000000000000000000 ) ) ;
#163 = ORIENTED_EDGE ( 'NONE', *, *, #283, .F. ) ;
#164 = ADVANCED_FACE ( 'NONE', ( #2299 ), #892, .F. ) ;
#165 = EDGE_CURVE ( 'NONE', #1330, #1800, #1210, .T. ) ;
#166 = VERTEX_POINT ( 'NONE', #2147 ) ;
#167 = CARTESIAN_POINT ( 'NONE',  ( -13.69999999999997264, -6.108191221630217882, 4.999999999999952038 ) ) ;
#168 = CARTESIAN_POINT ( 'NONE',  ( 6.500000000000007105, -29.00000000000000000, 6.999999999999990230 ) ) ;
#169 = ORIENTED_EDGE ( 'NONE', *, *, #1627, .T. ) ;
#170 = AXIS2_PLACEMENT_3D ( 'NONE', #1088, #172, #907 ) ;
#171 = ORIENTED_EDGE ( 'NONE', *, *, #578, .T. ) ;
#172 = DIRECTION ( 'NONE',  ( 0.7071067811865509034, 8.920979878885147928E-16, -0.7071067811865442421 ) ) ;
#173 = DIRECTION ( 'NONE',  ( -0.7071067811865502373, 0.000000000000000000, -0.7071067811865447972 ) ) ;
#174 = EDGE_CURVE ( 'NONE', #256, #1661, #2241, .T. ) ;
#175 = DIRECTION ( 'NONE',  ( 0.000000000000000000, 0.000000000000000000, 1.000000000000000000 ) ) ;
#176 = ADVANCED_FACE ( 'NONE', ( #1647 ), #1059, .T. ) ;
#177 = EDGE_CURVE ( 'NONE', #844, #831, #229, .T. ) ;
#178 = DIRECTION ( 'NONE',  ( -1.261617073437680809E-15, 1.000000000000000000, -0.000000000000000000 ) ) ;
#179 = DIRECTION ( 'NONE',  ( 0.000000000000000000, 0.000000000000000000, -1.000000000000000000 ) ) ;
#180 = ORIENTED_EDGE ( 'NONE', *, *, #212, .T. ) ;
#181 = VECTOR ( 'NONE', #459, 1000.000000000000000 ) ;
#182 = CARTESIAN_POINT ( 'NONE',  ( -18.00000000000001066, 0.000000000000000000, -12.00000000000000000 ) ) ;
#183 = ADVANCED_FACE ( 'NONE', ( #591 ), #715, .T. ) ;
#184 = CARTESIAN_POINT ( 'NONE',  ( -6.499999999999992006, -29.00000000000000000, 6.999999999999990230 ) ) ;
#185 = LINE ( 'NONE', #1680, #1349 ) ;
#186 = EDGE_LOOP ( 'NONE', ( #828, #1272, #839, #1727 ) ) ;
#187 = VECTOR ( 'NONE', #1415, 1000.000000000000000 ) ;
#188 = ORIENTED_EDGE ( 'NONE', *, *, #1529, .F. ) ;
#189 = ORIENTED_EDGE ( 'NONE', *, *, #1811, .T. ) ;
#190 = ORIENTED_EDGE ( 'NONE', *, *, #1741, .T. ) ;
#191 = ORIENTED_EDGE ( 'NONE', *, *, #255, .T. ) ;
#192 = AXIS2_PLACEMENT_3D ( 'NONE', #403, #1325, #39 ) ;
#193 = CARTESIAN_POINT ( 'NONE',  ( -14.08076118445746516, -12.00000000000001776, -5.919238815542509080 ) ) ;
#194 = ORIENTED_EDGE ( 'NONE', *, *, #891, .T. ) ;
#195 = ADVANCED_FACE ( 'NONE', ( #1153 ), #2380, .F. ) ;
#196 = VECTOR ( 'NONE', #1729, 999.9999999999998863 ) ;
#197 = ORIENTED_EDGE ( 'NONE', *, *, #45, .F. ) ;
#198 = AXIS2_PLACEMENT_3D ( 'NONE', #1002, #2298, #254 ) ;
#199 = CARTESIAN_POINT ( 'NONE',  ( -13.74772708486751682, -5.999999999999984013, -4.650983458808013005 ) ) ;
#200 = MECHANICAL_DESIGN_GEOMETRIC_PRESENTATION_REPRESENTATION (  '', ( #762 ), #1238 ) ;
#201 = B_SPLINE_CURVE_WITH_KNOTS ( 'NONE', 3,
 ( #568, #2234, #1023, #1190 ),
 .UNSPECIFIED., .F., .F.,
 ( 4, 4 ),
 ( 0.001433357035641621285, 0.001798965632451301208 ),
 .UNSPECIFIED. ) ;
#202 = DIRECTION ( 'NONE',  ( 0.000000000000000000, 1.000000000000000000, 0.000000000000000000 ) ) ;
#203 = EDGE_CURVE ( 'NONE', #717, #1581, #1618, .T. ) ;
#204 = DIRECTION ( 'NONE',  ( -1.261617073437680612E-15, 1.000000000000000000, -0.000000000000000000 ) ) ;
#205 = ORIENTED_EDGE ( 'NONE', *, *, #1811, .F. ) ;
#206 = LINE ( 'NONE', #103, #23 ) ;
#207 = AXIS2_PLACEMENT_3D ( 'NONE', #1423, #649, #1937 ) ;
#208 = CIRCLE ( 'NONE', #985, 2.100000000000004530 ) ;
#209 = LINE ( 'NONE', #1794, #857 ) ;
#210 = VERTEX_POINT ( 'NONE', #1099 ) ;
#211 = ORIENTED_EDGE ( 'NONE', *, *, #1709, .T. ) ;
#212 = EDGE_CURVE ( 'NONE', #2224, #1022, #627, .T. ) ;
#213 = CIRCLE ( 'NONE', #1835, 1.600000000000002531 ) ;
#214 = CARTESIAN_POINT ( 'NONE',  ( 11.69949493661167672, -9.899494936611649365, -45.00000000000000000 ) ) ;
#215 = AXIS2_PLACEMENT_3D ( 'NONE', #573, #2059, #390 ) ;
#216 = CARTESIAN_POINT ( 'NONE',  ( 9.899494936611681339, -9.899494936611649365, -44.50000000000000711 ) ) ;
#217 = ORIENTED_EDGE ( 'NONE', *, *, #1539, .T. ) ;
#218 = VERTEX_POINT ( 'NONE', #360 ) ;
#219 = B_SPLINE_CURVE_WITH_KNOTS ( 'NONE', 3,
 ( #324, #516, #1277, #2350 ),
 .UNSPECIFIED., .F., .F.,
 ( 4, 4 ),
 ( 0.0003736505989817624123, 0.0007457306748665217195 ),
 .UNSPECIFIED. ) ;
#220 = ORIENTED_EDGE ( 'NONE', *, *, #947, .F. ) ;
#221 = ORIENTED_EDGE ( 'NONE', *, *, #966, .T. ) ;
#222 = EDGE_CURVE ( 'NONE', #392, #2314, #1703, .T. ) ;
#223 = EDGE_LOOP ( 'NONE', ( #841, #1043, #321, #354 ) ) ;
#224 = ORIENTED_EDGE ( 'NONE', *, *, #76, .T. ) ;
#225 = PLANE ( 'NONE',  #2351 ) ;
#226 = DIRECTION ( 'NONE',  ( -0.7071067811865441310, -8.920979878885076930E-16, -0.7071067811865507924 ) ) ;
#227 = DIRECTION ( 'NONE',  ( 0.000000000000000000, 0.000000000000000000, -1.000000000000000000 ) ) ;
#228 = CARTESIAN_POINT ( 'NONE',  ( 19.00000000000000355, 4.653657836759941941E-15, 8.999999999999992895 ) ) ;
#229 = CIRCLE ( 'NONE', #1127, 15.00000000000000000 ) ;
#230 = AXIS2_PLACEMENT_3D ( 'NONE', #806, #2066, #1731 ) ;
#231 = CARTESIAN_POINT ( 'NONE',  ( -18.99999999999999645, 0.000000000000000000, 10.00000000000000000 ) ) ;
#232 = CARTESIAN_POINT ( 'NONE',  ( -16.30000000000000071, -2.056435829703419603E-14, 5.000000000000003553 ) ) ;
#233 = EDGE_CURVE ( 'NONE', #776, #2106, #2297, .T. ) ;
#234 = COLOUR_RGB ( '',1.000000000000000000, 1.000000000000000000, 1.000000000000000000 ) ;
#235 = VECTOR ( 'NONE', #1396, 1000.000000000000000 ) ;
#236 = DIRECTION ( 'NONE',  ( -0.000000000000000000, -0.000000000000000000, -1.000000000000000000 ) ) ;
#237 = PLANE ( 'NONE',  #1067 ) ;
#238 = VECTOR ( 'NONE', #2286, 1000.000000000000000 ) ;
#239 = CARTESIAN_POINT ( 'NONE',  ( 16.30000000000001492, -11.99999999999997868, -5.000000000000000000 ) ) ;
#240 = AXIS2_PLACEMENT_3D ( 'NONE', #75, #2304, #820 ) ;
#241 = LINE ( 'NONE', #1934, #2020 ) ;
#242 = ORIENTED_EDGE ( 'NONE', *, *, #514, .F. ) ;
#243 = VERTEX_POINT ( 'NONE', #2179 ) ;
#244 = ORIENTED_EDGE ( 'NONE', *, *, #2032, .T. ) ;
#245 = ORIENTED_EDGE ( 'NONE', *, *, #1445, .F. ) ;
#246 = ORIENTED_EDGE ( 'NONE', *, *, #1253, .T. ) ;
#247 = EDGE_CURVE ( 'NONE', #1287, #611, #1391, .T. ) ;
#248 = EDGE_LOOP ( 'NONE', ( #1912, #777, #1151, #1172 ) ) ;
#249 = EDGE_CURVE ( 'NONE', #1386, #1354, #1887, .T. ) ;
#250 = AXIS2_PLACEMENT_3D ( 'NONE', #16, #1326, #959 ) ;
#251 = DIRECTION ( 'NONE',  ( -0.7071067811865439090, -8.920979878885049320E-16, -0.7071067811865512365 ) ) ;
#252 = CARTESIAN_POINT ( 'NONE',  ( 5.999999999999991118, -25.00000000000000000, 5.000000000000000000 ) ) ;
#253 = VERTEX_POINT ( 'NONE', #725 ) ;
#254 = DIRECTION ( 'NONE',  ( -0.7071067811865439090, 0.000000000000000000, 0.7071067811865512365 ) ) ;
#255 = EDGE_CURVE ( 'NONE', #1692, #1690, #849, .T. ) ;
#256 = VERTEX_POINT ( 'NONE', #1092 ) ;
#257 = CIRCLE ( 'NONE', #1941, 1.300000000000000711 ) ;
#258 = LINE ( 'NONE', #51, #2154 ) ;
#259 = DIRECTION ( 'NONE',  ( -1.000000000000000000, 8.257013220785045630E-16, 0.000000000000000000 ) ) ;
#260 = AXIS2_PLACEMENT_3D ( 'NONE', #1410, #870, #284 ) ;
#261 = VECTOR ( 'NONE', #383, 1000.000000000000000 ) ;
#262 = CARTESIAN_POINT ( 'NONE',  ( -15.00000000000000000, 0.000000000000000000, -6.838477631085035036 ) ) ;
#263 = ORIENTED_EDGE ( 'NONE', *, *, #1930, .T. ) ;
#264 = FACE_OUTER_BOUND ( 'NONE', #271, .T. ) ;
#265 = VERTEX_POINT ( 'NONE', #1289 ) ;
#266 = ORIENTED_EDGE ( 'NONE', *, *, #1072, .T. ) ;
#267 = ORIENTED_EDGE ( 'NONE', *, *, #1280, .F. ) ;
#268 = AXIS2_PLACEMENT_3D ( 'NONE', #449, #1559, #2289 ) ;
#269 = ORIENTED_EDGE ( 'NONE', *, *, #1529, .T. ) ;
#270 = ORIENTED_EDGE ( 'NONE', *, *, #11, .T. ) ;
#271 = EDGE_LOOP ( 'NONE', ( #1829, #1302, #1058, #1548 ) ) ;
#272 = CARTESIAN_POINT ( 'NONE',  ( 10.50000000000000178, 0.000000000000000000, -45.00000000000000000 ) ) ;
#273 = DIRECTION ( 'NONE',  ( 0.000000000000000000, 0.000000000000000000, -1.000000000000000000 ) ) ;
#274 = EDGE_CURVE ( 'NONE', #1230, #2083, #2004, .T. ) ;
#275 = DIRECTION ( 'NONE',  ( 0.7071067811865502373, 3.656258904105429243E-16, -0.7071067811865449082 ) ) ;
#276 = ORIENTED_EDGE ( 'NONE', *, *, #1445, .T. ) ;
#277 = EDGE_CURVE ( 'NONE', #1768, #2197, #1535, .T. ) ;
#278 = CARTESIAN_POINT ( 'NONE',  ( -47.49999999999999289, -23.86862915010153685, 3.868629150101529302 ) ) ;
#279 = DIRECTION ( 'NONE',  ( -0.000000000000000000, -0.000000000000000000, -1.000000000000000000 ) ) ;
#280 = AXIS2_PLACEMENT_3D ( 'NONE', #2081, #994, #74 ) ;
#281 = DIRECTION ( 'NONE',  ( -1.261617073437680612E-15, 1.000000000000000000, -0.000000000000000000 ) ) ;
#282 = CARTESIAN_POINT ( 'NONE',  ( 15.00000000000000000, 1.892425610156521076E-14, 3.161522368914966297 ) ) ;
#283 = EDGE_CURVE ( 'NONE', #419, #243, #1503, .T. ) ;
#284 = DIRECTION ( 'NONE',  ( -1.000000000000000000, 0.000000000000000000, 0.000000000000000000 ) ) ;
#285 = VERTEX_POINT ( 'NONE', #1531 ) ;
#286 = PRESENTATION_STYLE_ASSIGNMENT (( #910 ) ) ;
#287 = CARTESIAN_POINT ( 'NONE',  ( -10.69949493661168560, -9.899494936611647589, -34.99999999999999289 ) ) ;
#288 = DIRECTION ( 'NONE',  ( 0.000000000000000000, -0.000000000000000000, 1.000000000000000000 ) ) ;
#289 = CIRCLE ( 'NONE', #155, 1.300000000000002487 ) ;
#290 = CARTESIAN_POINT ( 'NONE',  ( -13.74772708486751860, -6.000000000000001776, 10.00000000000000000 ) ) ;
#291 = EDGE_CURVE ( 'NONE', #159, #1833, #1859, .T. ) ;
#292 = CIRCLE ( 'NONE', #70, 1.300000000000000711 ) ;
#293 = EDGE_LOOP ( 'NONE', ( #2050, #1450, #1314, #1584 ) ) ;
#294 = EDGE_LOOP ( 'NONE', ( #958, #2111, #921, #148 ) ) ;
#295 = LINE ( 'NONE', #1892, #441 ) ;
#296 = DIRECTION ( 'NONE',  ( -1.000000000000000000, 0.000000000000000000, 0.000000000000000000 ) ) ;
#297 = CIRCLE ( 'NONE', #1100, 1.300000000000002487 ) ;
#298 = ORIENTED_EDGE ( 'NONE', *, *, #1122, .F. ) ;
#299 = DIRECTION ( 'NONE',  ( 0.000000000000000000, -1.000000000000000000, 0.000000000000000000 ) ) ;
#300 =( NAMED_UNIT ( * ) PLANE_ANGLE_UNIT ( ) SI_UNIT ( $, .RADIAN. ) );
#301 = ORIENTED_EDGE ( 'NONE', *, *, #2250, .F. ) ;
#302 = ORIENTED_EDGE ( 'NONE', *, *, #1156, .T. ) ;
#303 = DIRECTION ( 'NONE',  ( -1.261617073437680809E-15, 1.000000000000000000, -0.000000000000000000 ) ) ;
#304 = ORIENTED_EDGE ( 'NONE', *, *, #1907, .F. ) ;
#305 = CARTESIAN_POINT ( 'NONE',  ( 13.74772708486751682, -5.999999999999986677, 4.650983458808068960 ) ) ;
#306 = CARTESIAN_POINT ( 'NONE',  ( -6.499999999999992006, -29.00000000000000000, 3.000000000000002665 ) ) ;
#307 = DIRECTION ( 'NONE',  ( 1.000000000000000000, 3.939108803222883483E-16, -0.000000000000000000 ) ) ;
#308 = CARTESIAN_POINT ( 'NONE',  ( 2.673645834770027993E-30, -5.170730929733269700E-15, -34.49999999999985079 ) ) ;
#309 = DIRECTION ( 'NONE',  ( -0.7071067811865441310, 0.000000000000000000, 0.7071067811865507924 ) ) ;
#310 = VERTEX_POINT ( 'NONE', #1158 ) ;
#311 = DIRECTION ( 'NONE',  ( -0.7071067811865441310, 1.167718008152813297E-16, 0.7071067811865507924 ) ) ;
#312 = CARTESIAN_POINT ( 'NONE',  ( -14.99999999999998401, -12.00000000000001954, -5.000000000000000000 ) ) ;
#313 = CARTESIAN_POINT ( 'NONE',  ( -47.49999999999999289, -26.60000000000002274, 5.000000000000000000 ) ) ;
#314 = DIRECTION ( 'NONE',  ( -0.000000000000000000, -0.000000000000000000, -1.000000000000000000 ) ) ;
#315 = CARTESIAN_POINT ( 'NONE',  ( -5.999999999999991118, -25.00000000000000355, 5.000000000000000000 ) ) ;
#316 = CIRCLE ( 'NONE', #1786, 1.799999999999996048 ) ;
#317 = CONICAL_SURFACE ( 'NONE', #368, 1.300000000000000711, 0.7853981633974507215 ) ;
#318 = DIRECTION ( 'NONE',  ( 0.000000000000000000, 0.000000000000000000, -1.000000000000000000 ) ) ;
#319 = CYLINDRICAL_SURFACE ( 'NONE', #1322, 1.300000000000000711 ) ;
#320 = LINE ( 'NONE', #1591, #1030 ) ;
#321 = ORIENTED_EDGE ( 'NONE', *, *, #595, .F. ) ;
#322 = DIRECTION ( 'NONE',  ( -7.923232216744272695E-17, 0.7071067811865435759, 0.7071067811865515695 ) ) ;
#323 = FACE_OUTER_BOUND ( 'NONE', #1340, .T. ) ;
#324 = CARTESIAN_POINT ( 'NONE',  ( 13.69999999999998863, -6.108191221630185908, 5.000000000000051514 ) ) ;
#325 = ORIENTED_EDGE ( 'NONE', *, *, #2167, .F. ) ;
#326 = EDGE_LOOP ( 'NONE', ( #330, #1037, #1578, #1534 ) ) ;
#327 = AXIS2_PLACEMENT_3D ( 'NONE', #111, #273, #2331 ) ;
#328 = ORIENTED_EDGE ( 'NONE', *, *, #700, .F. ) ;
#329 = VERTEX_POINT ( 'NONE', #565 ) ;
#330 = ORIENTED_EDGE ( 'NONE', *, *, #2137, .F. ) ;
#331 = FACE_OUTER_BOUND ( 'NONE', #1523, .T. ) ;
#332 = ORIENTED_EDGE ( 'NONE', *, *, #1885, .F. ) ;
#333 = EDGE_CURVE ( 'NONE', #2292, #1007, #908, .T. ) ;
#334 = ORIENTED_EDGE ( 'NONE', *, *, #143, .F. ) ;
#335 = DIRECTION ( 'NONE',  ( -0.000000000000000000, 0.000000000000000000, -1.000000000000000000 ) ) ;
#336 = AXIS2_PLACEMENT_3D ( 'NONE', #1313, #361, #343 ) ;
#337 = CARTESIAN_POINT ( 'NONE',  ( 10.50000000000001599, 2.585365464866708312E-16, 10.00000000000000000 ) ) ;
#338 = ADVANCED_FACE ( 'NONE', ( #331 ), #2290, .F. ) ;
#339 = DIRECTION ( 'NONE',  ( 1.000000000000000000, 3.939108803222883483E-16, -0.000000000000000000 ) ) ;
#340 = EDGE_CURVE ( 'NONE', #2262, #1693, #2230, .T. ) ;
#341 = CARTESIAN_POINT ( 'NONE',  ( -13.74772708486751860, -6.000000000000001776, 10.00000000000000000 ) ) ;
#342 = VECTOR ( 'NONE', #1792, 1000.000000000000000 ) ;
#343 = DIRECTION ( 'NONE',  ( -1.000000000000000000, 1.334402673828312452E-15, 0.000000000000000000 ) ) ;
#344 = EDGE_CURVE ( 'NONE', #793, #166, #840, .T. ) ;
#345 = DIRECTION ( 'NONE',  ( 0.5773502691896245098, -3.525431591703185292E-15, 0.8164965809277269226 ) ) ;
#346 = ORIENTED_EDGE ( 'NONE', *, *, #2236, .F. ) ;
#347 = CARTESIAN_POINT ( 'NONE',  ( -13.69999999999994067, -6.108191221631042112, 5.124872620837908954 ) ) ;
#348 = DIRECTION ( 'NONE',  ( -0.7071067811865482389, -0.000000000000000000, -0.7071067811865469066 ) ) ;
#349 = LINE ( 'NONE', #451, #1866 ) ;
#350 = VECTOR ( 'NONE', #1345, 1000.000000000000000 ) ;
#351 = CARTESIAN_POINT ( 'NONE',  ( 8.599494936611680629, -9.899494936611649365, -44.50000000000000711 ) ) ;
#352 = DIRECTION ( 'NONE',  ( -0.7071067811865441310, -8.920979878885076930E-16, 0.7071067811865507924 ) ) ;
#353 = CIRCLE ( 'NONE', #1803, 1.300000000000002487 ) ;
#354 = ORIENTED_EDGE ( 'NONE', *, *, #1900, .F. ) ;
#355 = ORIENTED_EDGE ( 'NONE', *, *, #2383, .T. ) ;
#356 = VECTOR ( 'NONE', #2237, 1000.000000000000000 ) ;
#357 = ORIENTED_EDGE ( 'NONE', *, *, #2284, .F. ) ;
#358 = ORIENTED_EDGE ( 'NONE', *, *, #1823, .T. ) ;
#359 = EDGE_CURVE ( 'NONE', #310, #1032, #2088, .T. ) ;
#360 = CARTESIAN_POINT ( 'NONE',  ( 16.30000000000000071, 2.056435829703419918E-14, -5.000000000000000000 ) ) ;
#361 = DIRECTION ( 'NONE',  ( 1.651402644157005379E-15, 1.000000000000000000, -0.000000000000000000 ) ) ;
#362 = ORIENTED_EDGE ( 'NONE', *, *, #247, .F. ) ;
#363 = DIRECTION ( 'NONE',  ( 1.651402644157005379E-15, 1.000000000000000000, -0.000000000000000000 ) ) ;
#364 = ORIENTED_EDGE ( 'NONE', *, *, #249, .T. ) ;
#365 = ADVANCED_FACE ( 'NONE', ( #1126 ), #2090, .T. ) ;
#366 = ORIENTED_EDGE ( 'NONE', *, *, #1205, .F. ) ;
#367 = DIRECTION ( 'NONE',  ( -0.000000000000000000, 1.000000000000000000, 0.000000000000000000 ) ) ;
#368 = AXIS2_PLACEMENT_3D ( 'NONE', #216, #1152, #1159 ) ;
#369 = CARTESIAN_POINT ( 'NONE',  ( -20.41923881554249220, -6.000000000000000888, 8.580761184457516677 ) ) ;
#370 = VECTOR ( 'NONE', #1989, 1000.000000000000000 ) ;
#371 = DIRECTION ( 'NONE',  ( -1.000000000000000000, 1.334402673828312452E-15, 0.000000000000000000 ) ) ;
#372 = EDGE_CURVE ( 'NONE', #584, #650, #349, .T. ) ;
#373 = ADVANCED_FACE ( 'NONE', ( #2305 ), #1673, .F. ) ;
#374 = CARTESIAN_POINT ( 'NONE',  ( -47.49999999999999289, -23.40000000000001990, 5.000000000000000000 ) ) ;
#375 = SHAPE_DEFINITION_REPRESENTATION ( #1343, #594 ) ;
#376 = LINE ( 'NONE', #1644, #2386 ) ;
#377 = FACE_OUTER_BOUND ( 'NONE', #1818, .T. ) ;
#378 = FACE_OUTER_BOUND ( 'NONE', #585, .T. ) ;
#379 = EDGE_CURVE ( 'NONE', #584, #1501, #782, .T. ) ;
#380 = AXIS2_PLACEMENT_3D ( 'NONE', #1642, #751, #2381 ) ;
#381 = VECTOR ( 'NONE', #1671, 1000.000000000000000 ) ;
#382 = EDGE_LOOP ( 'NONE', ( #1830, #68, #362, #2251 ) ) ;
#383 = DIRECTION ( 'NONE',  ( 7.923232216744272695E-17, -0.7071067811865435759, -0.7071067811865515695 ) ) ;
#384 = VERTEX_POINT ( 'NONE', #1893 ) ;
#385 = LINE ( 'NONE', #313, #2103 ) ;
#386 = ADVANCED_FACE ( 'NONE', ( #1307, #1430, #49 ), #1187, .T. ) ;
#387 = EDGE_CURVE ( 'NONE', #102, #1696, #1739, .T. ) ;
#388 = CARTESIAN_POINT ( 'NONE',  ( -13.74772708486751860, -6.000000000000000888, 5.349016541191993213 ) ) ;
#389 = ORIENTED_EDGE ( 'NONE', *, *, #1911, .T. ) ;
#390 = DIRECTION ( 'NONE',  ( -1.000000000000000000, 0.000000000000000000, 0.000000000000000000 ) ) ;
#391 = EDGE_CURVE ( 'NONE', #2262, #96, #759, .T. ) ;
#392 = VERTEX_POINT ( 'NONE', #262 ) ;
#393 = CARTESIAN_POINT ( 'NONE',  ( 6.500000000000006217, -23.24417715778971427, 0.2743286768061639624 ) ) ;
#394 = CARTESIAN_POINT ( 'NONE',  ( -18.00000000000001066, -6.000000000000000888, -12.00000000000000000 ) ) ;
#395 = ORIENTED_EDGE ( 'NONE', *, *, #2316, .F. ) ;
#396 = DIRECTION ( 'NONE',  ( 1.000000000000000000, 0.000000000000000000, -0.000000000000000000 ) ) ;
#397 = ORIENTED_EDGE ( 'NONE', *, *, #1163, .T. ) ;
#398 = DIRECTION ( 'NONE',  ( -0.000000000000000000, -0.000000000000000000, -1.000000000000000000 ) ) ;
#399 = LINE ( 'NONE', #1458, #342 ) ;
#400 = EDGE_CURVE ( 'NONE', #2246, #2106, #989, .T. ) ;
#401 = EDGE_CURVE ( 'NONE', #983, #581, #869, .T. ) ;
#402 = ORIENTED_EDGE ( 'NONE', *, *, #624, .F. ) ;
#403 = CARTESIAN_POINT ( 'NONE',  ( 0.000000000000000000, 0.000000000000000000, -37.00000000000000000 ) ) ;
#404 = CIRCLE ( 'NONE', #207, 1.300000000000000711 ) ;
#405 = EDGE_LOOP ( 'NONE', ( #490, #1923, #561, #986 ) ) ;
#406 = LINE ( 'NONE', #369, #2039 ) ;
#407 = DIRECTION ( 'NONE',  ( 0.000000000000000000, 1.000000000000000000, 0.000000000000000000 ) ) ;
#408 = CYLINDRICAL_SURFACE ( 'NONE', #718, 10.00000000000000178 ) ;
#409 = FACE_OUTER_BOUND ( 'NONE', #1853, .T. ) ;
#410 = DIRECTION ( 'NONE',  ( 0.000000000000000000, 0.000000000000000000, -1.000000000000000000 ) ) ;
#411 = EDGE_LOOP ( 'NONE', ( #555, #960, #721, #2195 ) ) ;
#412 = EDGE_CURVE ( 'NONE', #1632, #35, #1283, .T. ) ;
#413 = CIRCLE ( 'NONE', #1366, 1.300000000000000711 ) ;
#414 = DIRECTION ( 'NONE',  ( 1.000000000000000000, 0.000000000000000000, 0.000000000000000000 ) ) ;
#415 = PRESENTATION_LAYER_ASSIGNMENT (  '', '', ( #762 ) ) ;
#416 = ORIENTED_EDGE ( 'NONE', *, *, #1556, .T. ) ;
#417 = ORIENTED_EDGE ( 'NONE', *, *, #1335, .T. ) ;
#418 = CARTESIAN_POINT ( 'NONE',  ( 13.71924977363997122, -6.065249717144533648, -5.246839820788000708 ) ) ;
#419 = VERTEX_POINT ( 'NONE', #1919 ) ;
#420 = EDGE_CURVE ( 'NONE', #1117, #1687, #453, .T. ) ;
#421 = VERTEX_POINT ( 'NONE', #876 ) ;
#422 = DIRECTION ( 'NONE',  ( 0.7071067811865474617, 0.000000000000000000, 0.7071067811865474617 ) ) ;
#423 = ORIENTED_EDGE ( 'NONE', *, *, #595, .T. ) ;
#424 = ADVANCED_FACE ( 'NONE', ( #2242 ), #2159, .F. ) ;
#425 = DIRECTION ( 'NONE',  ( -1.000000000000000000, 0.000000000000000000, 0.000000000000000000 ) ) ;
#426 = PLANE ( 'NONE',  #1745 ) ;
#427 = DIRECTION ( 'NONE',  ( 1.651402644157012873E-16, 1.000000000000000000, -0.000000000000000000 ) ) ;
#428 = CARTESIAN_POINT ( 'NONE',  ( 10.00000000000000178, 0.000000000000000000, 10.00000000000000000 ) ) ;
#429 = AXIS2_PLACEMENT_3D ( 'NONE', #2282, #1560, #1894 ) ;
#430 = DIRECTION ( 'NONE',  ( -0.7071067811865496822, 0.000000000000000000, -0.7071067811865453523 ) ) ;
#431 = DIRECTION ( 'NONE',  ( 0.7071067811865453523, -0.5000000000000043299, -0.4999999999999989453 ) ) ;
#432 = PLANE ( 'NONE',  #429 ) ;
#433 = FILL_AREA_STYLE ('',( #1164 ) ) ;
#434 = ORIENTED_EDGE ( 'NONE', *, *, #1575, .F. ) ;
#435 = VECTOR ( 'NONE', #467, 1000.000000000000000 ) ;
#436 = DIRECTION ( 'NONE',  ( 0.000000000000000000, -0.000000000000000000, -1.000000000000000000 ) ) ;
#437 = FACE_OUTER_BOUND ( 'NONE', #1527, .T. ) ;
#438 = DIRECTION ( 'NONE',  ( 0.000000000000000000, 0.000000000000000000, 1.000000000000000000 ) ) ;
#439 = CIRCLE ( 'NONE', #240, 0.8000000000000020428 ) ;
#440 = CARTESIAN_POINT ( 'NONE',  ( -18.99999999999999645, -6.000000000000000888, 10.00000000000000000 ) ) ;
#441 = VECTOR ( 'NONE', #18, 1000.000000000000000 ) ;
#442 = ORIENTED_EDGE ( 'NONE', *, *, #1660, .F. ) ;
#443 = AXIS2_PLACEMENT_3D ( 'NONE', #816, #1020, #1196 ) ;
#444 = CONICAL_SURFACE ( 'NONE', #327, 0.8000000000000020428, 0.7853981633974528309 ) ;
#445 = ORIENTED_EDGE ( 'NONE', *, *, #1471, .T. ) ;
#446 = VERTEX_POINT ( 'NONE', #2273 ) ;
#447 = ORIENTED_EDGE ( 'NONE', *, *, #76, .F. ) ;
#448 = DIRECTION ( 'NONE',  ( -7.923232216744272695E-17, 0.7071067811865435759, 0.7071067811865515695 ) ) ;
#449 = CARTESIAN_POINT ( 'NONE',  ( -14.99999999999999289, -5.999999999999998224, 5.000000000000003553 ) ) ;
#450 = AXIS2_PLACEMENT_3D ( 'NONE', #252, #1021, #438 ) ;
#451 = CARTESIAN_POINT ( 'NONE',  ( 6.500000000000007105, -26.48492424049176819, 3.515075759508252240 ) ) ;
#452 = DIRECTION ( 'NONE',  ( -0.000000000000000000, -0.000000000000000000, -1.000000000000000000 ) ) ;
#453 = LINE ( 'NONE', #1232, #1640 ) ;
#454 = VECTOR ( 'NONE', #987, 1000.000000000000000 ) ;
#455 = EDGE_CURVE ( 'NONE', #1764, #329, #404, .T. ) ;
#456 = DIRECTION ( 'NONE',  ( -2.785370546590542908E-16, 0.7071067811865515695, -0.7071067811865435759 ) ) ;
#457 = DIRECTION ( 'NONE',  ( -0.000000000000000000, -0.000000000000000000, -1.000000000000000000 ) ) ;
#458 = DIRECTION ( 'NONE',  ( 0.000000000000000000, -0.7071067811865483499, 0.7071067811865466846 ) ) ;
#459 = DIRECTION ( 'NONE',  ( 1.000000000000000000, 0.000000000000000000, 0.000000000000000000 ) ) ;
#460 = DIRECTION ( 'NONE',  ( -1.000000000000000000, 0.000000000000000000, 0.000000000000000000 ) ) ;
#461 = EDGE_CURVE ( 'NONE', #2, #1638, #1308, .T. ) ;
#462 = CIRCLE ( 'NONE', #2278, 1.600000000000002531 ) ;
#463 = VECTOR ( 'NONE', #773, 1000.000000000000000 ) ;
#464 = EDGE_CURVE ( 'NONE', #1747, #2095, #622, .T. ) ;
#465 = LINE ( 'NONE', #30, #1872 ) ;
#466 = CARTESIAN_POINT ( 'NONE',  ( -17.99999999999999645, -6.000000000000000888, 10.00000000000000000 ) ) ;
#467 = DIRECTION ( 'NONE',  ( 0.000000000000000000, -1.000000000000000000, 0.000000000000000000 ) ) ;
#468 = FACE_BOUND ( 'NONE', #1476, .T. ) ;
#469 = CARTESIAN_POINT ( 'NONE',  ( -13.74772708486751860, -6.000000000000001776, -12.00000000000000000 ) ) ;
#470 = ORIENTED_EDGE ( 'NONE', *, *, #291, .F. ) ;
#471 = DIRECTION ( 'NONE',  ( 0.000000000000000000, 0.7071067811865435759, 0.7071067811865515695 ) ) ;
#472 = CARTESIAN_POINT ( 'NONE',  ( 14.08076118445748826, -5.999999999999988454, 4.080761184457493584 ) ) ;
#473 = ORIENTED_EDGE ( 'NONE', *, *, #2146, .T. ) ;
#474 = EDGE_LOOP ( 'NONE', ( #2279, #802, #1805, #1751 ) ) ;
#475 = EDGE_LOOP ( 'NONE', ( #107, #221 ) ) ;
#476 = CARTESIAN_POINT ( 'NONE',  ( 0.000000000000000000, 0.000000000000000000, 10.00000000000000000 ) ) ;
#477 = DIRECTION ( 'NONE',  ( -1.261617073437680612E-15, 1.000000000000000000, -0.000000000000000000 ) ) ;
#478 = DIRECTION ( 'NONE',  ( -0.7071067811865509034, -8.920979878885147928E-16, -0.7071067811865442421 ) ) ;
#479 = EDGE_CURVE ( 'NONE', #744, #243, #1862, .T. ) ;
#480 = ADVANCED_FACE ( 'NONE', ( #93 ), #444, .F. ) ;
#481 = DIRECTION ( 'NONE',  ( -1.000000000000000000, 0.000000000000000000, 0.000000000000000000 ) ) ;
#482 = VECTOR ( 'NONE', #750, 1000.000000000000114 ) ;
#483 = AXIS2_PLACEMENT_3D ( 'NONE', #2356, #149, #504 ) ;
#484 = CARTESIAN_POINT ( 'NONE',  ( 15.00000000000000000, 1.892425610156521076E-14, -5.000000000000000000 ) ) ;
#485 = DIRECTION ( 'NONE',  ( 0.000000000000000000, 1.000000000000000000, 0.000000000000000000 ) ) ;
#486 = DIRECTION ( 'NONE',  ( -1.000000000000000000, 0.000000000000000000, 0.000000000000000000 ) ) ;
#487 = CARTESIAN_POINT ( 'NONE',  ( 6.500000000000005329, -13.51850583459577493, 0.000000000000000000 ) ) ;
#488 = AXIS2_PLACEMENT_3D ( 'NONE', #813, #202, #1389 ) ;
#489 = CARTESIAN_POINT ( 'NONE',  ( -9.899494936611684892, -9.899494936611647589, -44.50000000000002842 ) ) ;
#490 = ORIENTED_EDGE ( 'NONE', *, *, #509, .F. ) ;
#491 = CARTESIAN_POINT ( 'NONE',  ( -15.91923881554250464, -12.00000000000002132, -5.919238815542508192 ) ) ;
#492 = FACE_OUTER_BOUND ( 'NONE', #293, .T. ) ;
#493 = CARTESIAN_POINT ( 'NONE',  ( 9.899494936611681339, -9.899494936611649365, -34.99999999999999289 ) ) ;
#494 = EDGE_CURVE ( 'NONE', #1687, #1856, #1193, .T. ) ;
#495 = VECTOR ( 'NONE', #1290, 1000.000000000000000 ) ;
#496 = LINE ( 'NONE', #1769, #235 ) ;
#497 = DIRECTION ( 'NONE',  ( -1.261617073437680809E-15, 1.000000000000000000, -0.000000000000000000 ) ) ;
#498 = VECTOR ( 'NONE', #772, 1000.000000000000000 ) ;
#499 = VECTOR ( 'NONE', #727, 1000.000000000000000 ) ;
#500 = ORIENTED_EDGE ( 'NONE', *, *, #222, .F. ) ;
#501 = CARTESIAN_POINT ( 'NONE',  ( 5.999999999999991118, -25.00000000000000000, 5.000000000000000000 ) ) ;
#502 = FACE_OUTER_BOUND ( 'NONE', #1061, .T. ) ;
#503 = ORIENTED_EDGE ( 'NONE', *, *, #1907, .T. ) ;
#504 = DIRECTION ( 'NONE',  ( 1.000000000000000000, 0.000000000000000000, 0.000000000000000000 ) ) ;
#505 = PLANE ( 'NONE',  #896 ) ;
#506 = APPLICATION_PROTOCOL_DEFINITION ( 'draft international standard', 'automotive_design', 1998, #135 ) ;
#507 = ORIENTED_EDGE ( 'NONE', *, *, #2013, .F. ) ;
#508 = ORIENTED_EDGE ( 'NONE', *, *, #1243, .F. ) ;
#509 = EDGE_CURVE ( 'NONE', #2228, #2246, #1444, .T. ) ;
#510 = DIRECTION ( 'NONE',  ( -0.7071067811865475727, -0.000000000000000000, 0.7071067811865475727 ) ) ;
#511 = AXIS2_PLACEMENT_3D ( 'NONE', #501, #1787, #318 ) ;
#512 = ORIENTED_EDGE ( 'NONE', *, *, #578, .F. ) ;
#513 = DIRECTION ( 'NONE',  ( -1.261617073437680612E-15, 1.000000000000000000, -0.000000000000000000 ) ) ;
#514 = EDGE_CURVE ( 'NONE', #2134, #942, #1225, .T. ) ;
#515 = CARTESIAN_POINT ( 'NONE',  ( -17.99999999999999645, 0.000000000000000000, 10.00000000000000000 ) ) ;
#516 = CARTESIAN_POINT ( 'NONE',  ( 13.69999999999994778, -6.108191221631026124, 5.124347757942500969 ) ) ;
#517 = DIRECTION ( 'NONE',  ( -1.000000000000000000, -0.000000000000000000, -0.000000000000000000 ) ) ;
#518 =( NAMED_UNIT ( * ) PLANE_ANGLE_UNIT ( ) SI_UNIT ( $, .RADIAN. ) );
#519 = ADVANCED_FACE ( 'NONE', ( #323 ), #1592, .T. ) ;
#520 = DIRECTION ( 'NONE',  ( -1.000000000000000000, 0.000000000000000000, 0.000000000000000000 ) ) ;
#521 = AXIS2_PLACEMENT_3D ( 'NONE', #913, #335, #1972 ) ;
#522 = CARTESIAN_POINT ( 'NONE',  ( -15.00000000000000000, -1.892425610156521076E-14, 5.000000000000003553 ) ) ;
#523 = ORIENTED_EDGE ( 'NONE', *, *, #789, .T. ) ;
#524 = ORIENTED_EDGE ( 'NONE', *, *, #158, .F. ) ;
#525 = FACE_OUTER_BOUND ( 'NONE', #1878, .T. ) ;
#526 = EDGE_CURVE ( 'NONE', #868, #983, #832, .T. ) ;
#527 = LINE ( 'NONE', #575, #824 ) ;
#528 = CARTESIAN_POINT ( 'NONE',  ( 8.599494936611680629, -9.899494936611649365, -44.50000000000000711 ) ) ;
#529 = LINE ( 'NONE', #1875, #1826 ) ;
#530 = DIRECTION ( 'NONE',  ( -7.923232216744275160E-17, 0.7071067811865437980, -0.7071067811865513475 ) ) ;
#531 = ORIENTED_EDGE ( 'NONE', *, *, #1371, .T. ) ;
#532 = ORIENTED_EDGE ( 'NONE', *, *, #90, .T. ) ;
#533 = AXIS2_PLACEMENT_3D ( 'NONE', #1939, #662, #1234 ) ;
#534 = ORIENTED_EDGE ( 'NONE', *, *, #537, .F. ) ;
#535 = ORIENTED_EDGE ( 'NONE', *, *, #846, .F. ) ;
#536 = PLANE ( 'NONE',  #1926 ) ;
#537 = EDGE_CURVE ( 'NONE', #1693, #677, #577, .T. ) ;
#538 = VERTEX_POINT ( 'NONE', #1783 ) ;
#539 = B_SPLINE_CURVE_WITH_KNOTS ( 'NONE', 3,
 ( #1600, #1950, #128, #1069 ),
 .UNSPECIFIED., .F., .F.,
 ( 4, 4 ),
 ( 0.0003736505989818310423, 0.0007457306748666764351 ),
 .UNSPECIFIED. ) ;
#540 = VECTOR ( 'NONE', #352, 1000.000000000000000 ) ;
#541 = EDGE_CURVE ( 'NONE', #2168, #210, #2194, .T. ) ;
#542 = DIRECTION ( 'NONE',  ( -1.000000000000000000, 0.000000000000000000, 0.000000000000000000 ) ) ;
#543 = VERTEX_POINT ( 'NONE', #287 ) ;
#544 = VECTOR ( 'NONE', #1816, 1000.000000000000000 ) ;
#545 = AXIS2_PLACEMENT_3D ( 'NONE', #484, #1572, #1943 ) ;
#546 = CIRCLE ( 'NONE', #1218, 1.799999999999975175 ) ;
#547 = CARTESIAN_POINT ( 'NONE',  ( 9.899494936611681339, -9.899494936611649365, -44.50000000000000711 ) ) ;
#548 = CIRCLE ( 'NONE', #1183, 1.300000000000000711 ) ;
#549 = FACE_BOUND ( 'NONE', #1265, .T. ) ;
#550 = ORIENTED_EDGE ( 'NONE', *, *, #714, .T. ) ;
#551 = VECTOR ( 'NONE', #2342, 1000.000000000000000 ) ;
#552 = ORIENTED_EDGE ( 'NONE', *, *, #2172, .T. ) ;
#553 = CARTESIAN_POINT ( 'NONE',  ( 9.899494936611681339, -9.899494936611649365, -44.50000000000000711 ) ) ;
#554 = VERTEX_POINT ( 'NONE', #306 ) ;
#555 = ORIENTED_EDGE ( 'NONE', *, *, #933, .T. ) ;
#556 = ORIENTED_EDGE ( 'NONE', *, *, #2383, .F. ) ;
#557 = ORIENTED_EDGE ( 'NONE', *, *, #572, .F. ) ;
#558 = CARTESIAN_POINT ( 'NONE',  ( 5.999999999999991118, -23.40000000000000213, 5.000000000000000000 ) ) ;
#559 = ADVANCED_FACE ( 'NONE', ( #1688 ), #536, .T. ) ;
#560 = CARTESIAN_POINT ( 'NONE',  ( 15.00000000000000000, 1.892425610156521076E-14, 5.000000000000000000 ) ) ;
#561 = ORIENTED_EDGE ( 'NONE', *, *, #796, .T. ) ;
#562 = CARTESIAN_POINT ( 'NONE',  ( -18.99999999999999645, 0.000000000000000000, -11.00000000000001066 ) ) ;
#563 = EDGE_CURVE ( 'NONE', #776, #124, #1490, .T. ) ;
#564 = DIRECTION ( 'NONE',  ( -0.000000000000000000, -0.000000000000000000, -1.000000000000000000 ) ) ;
#565 = CARTESIAN_POINT ( 'NONE',  ( 15.91923881554252418, -5.999999999999990230, -5.919238815542508192 ) ) ;
#566 = DIRECTION ( 'NONE',  ( -1.000000000000000000, 0.000000000000000000, 0.000000000000000000 ) ) ;
#567 = AXIS2_PLACEMENT_3D ( 'NONE', #1012, #1759, #1045 ) ;
#568 = CARTESIAN_POINT ( 'NONE',  ( 13.70000000000000639, -6.108191221630145940, -5.000000000000000000 ) ) ;
#569 = DIRECTION ( 'NONE',  ( -0.000000000000000000, -0.000000000000000000, 1.000000000000000000 ) ) ;
#570 = FACE_OUTER_BOUND ( 'NONE', #1268, .T. ) ;
#571 = VECTOR ( 'NONE', #1593, 1000.000000000000000 ) ;
#572 = EDGE_CURVE ( 'NONE', #1667, #1608, #1798, .T. ) ;
#573 = CARTESIAN_POINT ( 'NONE',  ( 0.000000000000000000, 0.000000000000000000, -44.49999999999999289 ) ) ;
#574 = CARTESIAN_POINT ( 'NONE',  ( 0.000000000000000000, 0.000000000000000000, -12.00000000000000000 ) ) ;
#575 = CARTESIAN_POINT ( 'NONE',  ( -14.08076118445741365, -54.00000000000002842, 4.080761184457497137 ) ) ;
#576 = CARTESIAN_POINT ( 'NONE',  ( 13.74772708486781880, -5.999999999999602096, -5.349016541196452756 ) ) ;
#577 = CIRCLE ( 'NONE', #706, 1.299999999999999156 ) ;
#578 = EDGE_CURVE ( 'NONE', #1768, #253, #1323, .T. ) ;
#579 = ORIENTED_EDGE ( 'NONE', *, *, #537, .T. ) ;
#580 = ORIENTED_EDGE ( 'NONE', *, *, #203, .T. ) ;
#581 = VERTEX_POINT ( 'NONE', #1273 ) ;
#582 = AXIS2_PLACEMENT_3D ( 'NONE', #1610, #1244, #137 ) ;
#583 = ORIENTED_EDGE ( 'NONE', *, *, #105, .T. ) ;
#584 = VERTEX_POINT ( 'NONE', #1260 ) ;
#585 = EDGE_LOOP ( 'NONE', ( #1526, #43, #556, #304, #66, #2063, #1541, #1513, #2222, #332, #982, #2022, #1425, #1573, #979, #1202, #100, #711 ) ) ;
#586 = CARTESIAN_POINT ( 'NONE',  ( -11.69949493661165896, -9.899494936611647589, -45.00000000000000000 ) ) ;
#587 = ORIENTED_EDGE ( 'NONE', *, *, #401, .T. ) ;
#588 = DIRECTION ( 'NONE',  ( 1.000000000000000000, 3.939108803222883483E-16, -0.000000000000000000 ) ) ;
#589 = AXIS2_PLACEMENT_3D ( 'NONE', #1832, #1665, #175 ) ;
#590 = ORIENTED_EDGE ( 'NONE', *, *, #455, .F. ) ;
#591 = FACE_OUTER_BOUND ( 'NONE', #1044, .T. ) ;
#592 = CARTESIAN_POINT ( 'NONE',  ( -13.71919496481992518, -6.065375299927810993, -5.246643166494961541 ) ) ;
#593 = ADVANCED_FACE ( 'NONE', ( #1259 ), #1774, .F. ) ;
#594 = ADVANCED_BREP_SHAPE_REPRESENTATION ( '轨道连杆连接端', ( #1211, #697 ), #625 ) ;
#595 = EDGE_CURVE ( 'NONE', #96, #2262, #2162, .T. ) ;
#596 = DIRECTION ( 'NONE',  ( -0.7071067811865474617, 1.167718008152818721E-16, -0.7071067811865474617 ) ) ;
#597 = DIRECTION ( 'NONE',  ( -1.000000000000000000, -1.120514245875125521E-16, 0.000000000000000000 ) ) ;
#598 = ORIENTED_EDGE ( 'NONE', *, *, #1130, .F. ) ;
#599 = VERTEX_POINT ( 'NONE', #887 ) ;
#600 = CYLINDRICAL_SURFACE ( 'NONE', #1718, 1.600000000000000755 ) ;
#601 = CIRCLE ( 'NONE', #1174, 10.00000000000000178 ) ;
#602 = FACE_OUTER_BOUND ( 'NONE', #2306, .T. ) ;
#603 = CIRCLE ( 'NONE', #2086, 1.300000000000002487 ) ;
#604 = AXIS2_PLACEMENT_3D ( 'NONE', #1532, #2033, #566 ) ;
#605 = CIRCLE ( 'NONE', #268, 1.300000000000002487 ) ;
#606 = ADVANCED_FACE ( 'NONE', ( #1547 ), #1094, .F. ) ;
#607 = DIRECTION ( 'NONE',  ( -0.000000000000000000, -0.000000000000000000, -1.000000000000000000 ) ) ;
#608 = CARTESIAN_POINT ( 'NONE',  ( -17.99999999999999645, -6.000000000000000888, 10.00000000000000000 ) ) ;
#609 = EDGE_LOOP ( 'NONE', ( #1399, #1724, #1321, #1145 ) ) ;
#610 = VECTOR ( 'NONE', #299, 1000.000000000000000 ) ;
#611 = VERTEX_POINT ( 'NONE', #2155 ) ;
#612 = CARTESIAN_POINT ( 'NONE',  ( -5.999999999999991118, -26.13137084989849512, 3.868629150101534631 ) ) ;
#613 = VERTEX_POINT ( 'NONE', #132 ) ;
#614 = ORIENTED_EDGE ( 'NONE', *, *, #379, .F. ) ;
#615 = EDGE_CURVE ( 'NONE', #1256, #1473, #1006, .T. ) ;
#616 = SURFACE_STYLE_USAGE ( .BOTH. , #1730 ) ;
#617 = ORIENTED_EDGE ( 'NONE', *, *, #45, .T. ) ;
#618 = DIRECTION ( 'NONE',  ( -0.7071067811865444641, 0.000000000000000000, 0.7071067811865505703 ) ) ;
#619 = CARTESIAN_POINT ( 'NONE',  ( 11.19949493661168205, -9.899494936611649365, -34.99999999999999289 ) ) ;
#620 = CARTESIAN_POINT ( 'NONE',  ( -9.899494936611684892, -9.899494936611647589, -34.99999999999999289 ) ) ;
#621 = DIRECTION ( 'NONE',  ( 7.923232216744276393E-17, -0.7071067811865437980, 0.7071067811865513475 ) ) ;
#622 = LINE ( 'NONE', #1767, #1997 ) ;
#623 = ORIENTED_EDGE ( 'NONE', *, *, #526, .F. ) ;
#624 = EDGE_CURVE ( 'NONE', #1945, #1518, #385, .T. ) ;
#625 =( GEOMETRIC_REPRESENTATION_CONTEXT ( 3 ) GLOBAL_UNCERTAINTY_ASSIGNED_CONTEXT ( ( #1676 ) ) GLOBAL_UNIT_ASSIGNED_CONTEXT ( ( #683, #518, #699 ) ) REPRESENTATION_CONTEXT ( 'NONE', 'WORKASPACE' ) );
#626 = CARTESIAN_POINT ( 'NONE',  ( -47.49999999999999289, -26.13137084989850578, 3.868629150101528857 ) ) ;
#627 = LINE ( 'NONE', #2358, #482 ) ;
#628 = CARTESIAN_POINT ( 'NONE',  ( 16.30000000000000782, -5.999999999999992895, 5.000000000000000000 ) ) ;
#629 = CARTESIAN_POINT ( 'NONE',  ( 9.899494936611681339, -9.899494936611649365, -45.00000000000000000 ) ) ;
#630 = EDGE_CURVE ( 'NONE', #1084, #140, #2354, .T. ) ;
#631 = ORIENTED_EDGE ( 'NONE', *, *, #2357, .F. ) ;
#632 = VECTOR ( 'NONE', #1184, 1000.000000000000000 ) ;
#633 = PLANE ( 'NONE',  #2149 ) ;
#634 = VECTOR ( 'NONE', #1657, 1000.000000000000000 ) ;
#635 = EDGE_LOOP ( 'NONE', ( #590, #397, #189, #447 ) ) ;
#636 = FACE_OUTER_BOUND ( 'NONE', #294, .T. ) ;
#637 = DIRECTION ( 'NONE',  ( 1.000000000000000000, 0.000000000000000000, 0.000000000000000000 ) ) ;
#638 = DIRECTION ( 'NONE',  ( -0.000000000000000000, -0.000000000000000000, -1.000000000000000000 ) ) ;
#639 = CYLINDRICAL_SURFACE ( 'NONE', #1622, 1.300000000000000711 ) ;
#640 = ADVANCED_FACE ( 'NONE', ( #502 ), #1378, .F. ) ;
#641 = VECTOR ( 'NONE', #1254, 1000.000000000000000 ) ;
#642 = ORIENTED_EDGE ( 'NONE', *, *, #2269, .F. ) ;
#643 = LINE ( 'NONE', #1974, #2191 ) ;
#644 = EDGE_LOOP ( 'NONE', ( #224, #1096, #2023, #1762 ) ) ;
#645 =( GEOMETRIC_REPRESENTATION_CONTEXT ( 3 ) GLOBAL_UNCERTAINTY_ASSIGNED_CONTEXT ( ( #1836 ) ) GLOBAL_UNIT_ASSIGNED_CONTEXT ( ( #1540, #78, #1901 ) ) REPRESENTATION_CONTEXT ( 'NONE', 'WORKASPACE' ) );
#646 = LINE ( 'NONE', #1582, #2044 ) ;
#647 = ORIENTED_EDGE ( 'NONE', *, *, #2057, .F. ) ;
#648 = ORIENTED_EDGE ( 'NONE', *, *, #2345, .T. ) ;
#649 = DIRECTION ( 'NONE',  ( 1.651402644157005379E-15, 1.000000000000000000, -0.000000000000000000 ) ) ;
#650 = VERTEX_POINT ( 'NONE', #1613 ) ;
#651 = VERTEX_POINT ( 'NONE', #1643 ) ;
#652 = ORIENTED_EDGE ( 'NONE', *, *, #1105, .T. ) ;
#653 = EDGE_CURVE ( 'NONE', #2075, #1945, #745, .T. ) ;
#654 = ORIENTED_EDGE ( 'NONE', *, *, #1508, .T. ) ;
#655 = DIRECTION ( 'NONE',  ( -1.120514245875125521E-16, 1.000000000000000000, -0.000000000000000000 ) ) ;
#656 = CARTESIAN_POINT ( 'NONE',  ( 13.74772708486751327, -5.999999999999992006, 10.00000000000000000 ) ) ;
#657 = CARTESIAN_POINT ( 'NONE',  ( 18.00000000000001066, -5.999999999999995559, -12.00000000000000000 ) ) ;
#658 = ORIENTED_EDGE ( 'NONE', *, *, #94, .F. ) ;
#659 = EDGE_CURVE ( 'NONE', #1269, #1292, #1052, .T. ) ;
#660 = DIRECTION ( 'NONE',  ( -0.7071067811865444641, -8.920979878885080874E-16, 0.7071067811865505703 ) ) ;
#661 = DIRECTION ( 'NONE',  ( 0.7071067811865475727, 0.000000000000000000, -0.7071067811865474617 ) ) ;
#662 = DIRECTION ( 'NONE',  ( 1.000000000000000000, 1.120514245875125521E-16, -0.000000000000000000 ) ) ;
#663 = EDGE_CURVE ( 'NONE', #256, #1237, #2074, .T. ) ;
#664 = ORIENTED_EDGE ( 'NONE', *, *, #1702, .T. ) ;
#665 = LINE ( 'NONE', #1927, #181 ) ;
#666 = VECTOR ( 'NONE', #422, 1000.000000000000114 ) ;
#667 = CARTESIAN_POINT ( 'NONE',  ( 11.19949493661168205, -9.899494936611649365, -44.50000000000000711 ) ) ;
#668 = CARTESIAN_POINT ( 'NONE',  ( 0.000000000000000000, 0.000000000000000000, -0.5000000000000160982 ) ) ;
#669 = VECTOR ( 'NONE', #80, 1000.000000000000000 ) ;
#670 = FILL_AREA_STYLE_COLOUR ( '', #234 ) ;
#671 = CARTESIAN_POINT ( 'NONE',  ( 9.099494936611678853, -9.899494936611649365, -34.99999999999999289 ) ) ;
#672 = ORIENTED_EDGE ( 'NONE', *, *, #2137, .T. ) ;
#673 = VECTOR ( 'NONE', #660, 1000.000000000000114 ) ;
#674 = EDGE_LOOP ( 'NONE', ( #532, #2244, #1119, #1140 ) ) ;
#675 = DIRECTION ( 'NONE',  ( -7.923232216744334325E-17, 0.7071067811865491270, -0.7071067811865459074 ) ) ;
#676 = CARTESIAN_POINT ( 'NONE',  ( -14.08076118445747404, -5.999999999999998224, 4.080761184457497137 ) ) ;
#677 = VERTEX_POINT ( 'NONE', #1877 ) ;
#678 = ORIENTED_EDGE ( 'NONE', *, *, #372, .F. ) ;
#679 = VERTEX_POINT ( 'NONE', #728 ) ;
#680 = DIRECTION ( 'NONE',  ( -1.000000000000000000, 0.000000000000000000, 0.000000000000000000 ) ) ;
#681 = DIRECTION ( 'NONE',  ( 1.651402644157005379E-15, 1.000000000000000000, -0.000000000000000000 ) ) ;
#682 = EDGE_LOOP ( 'NONE', ( #2347, #950, #2073, #163, #936, #1266, #1296, #1229, #1169, #617, #357, #1401, #1459, #2139, #919, #1448, #2226, #1699, #1258, #2135, #2258, #445, #503, #2067 ) ) ;
#683 =( LENGTH_UNIT ( ) NAMED_UNIT ( * ) SI_UNIT ( .MILLI., .METRE. ) );
#684 = DIRECTION ( 'NONE',  ( -0.7071067811865426878, -3.656258904105390786E-16, 0.7071067811865523467 ) ) ;
#685 = DIRECTION ( 'NONE',  ( -0.000000000000000000, 1.000000000000000000, 0.000000000000000000 ) ) ;
#686 = EDGE_CURVE ( 'NONE', #904, #744, #771, .T. ) ;
#687 = DIRECTION ( 'NONE',  ( -1.000000000000000000, -1.261617073437680020E-15, 0.000000000000000000 ) ) ;
#688 = VERTEX_POINT ( 'NONE', #487 ) ;
#689 = DIRECTION ( 'NONE',  ( -0.000000000000000000, -0.000000000000000000, 1.000000000000000000 ) ) ;
#690 = CARTESIAN_POINT ( 'NONE',  ( -13.71895673753049394, -6.065921147221043697, 5.245788405912036545 ) ) ;
#691 = CARTESIAN_POINT ( 'NONE',  ( 0.000000000000000000, 0.000000000000000000, 10.00000000000000000 ) ) ;
#692 = SURFACE_SIDE_STYLE ('',( #943 ) ) ;
#693 = ADVANCED_FACE ( 'NONE', ( #1116 ), #803, .F. ) ;
#694 = CARTESIAN_POINT ( 'NONE',  ( 0.000000000000000000, 0.000000000000000000, -12.00000000000000000 ) ) ;
#695 = AXIS2_PLACEMENT_3D ( 'NONE', #428, #811, #815 ) ;
#696 = DIRECTION ( 'NONE',  ( 0.7071067811865502373, 8.659560562354966138E-17, -0.7071067811865447972 ) ) ;
#697 = AXIS2_PLACEMENT_3D ( 'NONE', #2158, #2207, #2182 ) ;
#698 = CARTESIAN_POINT ( 'NONE',  ( 9.899494936611681339, -9.899494936611649365, -35.49999999999999289 ) ) ;
#699 =( NAMED_UNIT ( * ) SI_UNIT ( $, .STERADIAN. ) SOLID_ANGLE_UNIT ( ) );
#700 = EDGE_CURVE ( 'NONE', #1581, #538, #126, .T. ) ;
#701 = CYLINDRICAL_SURFACE ( 'NONE', #1050, 1.300000000000000711 ) ;
#702 = FACE_OUTER_BOUND ( 'NONE', #2319, .T. ) ;
#703 = CARTESIAN_POINT ( 'NONE',  ( -25.41923881554249220, -6.000000000000000000, 3.580761184457566415 ) ) ;
#704 = LINE ( 'NONE', #1103, #1134 ) ;
#705 = ORIENTED_EDGE ( 'NONE', *, *, #2359, .T. ) ;
#706 = AXIS2_PLACEMENT_3D ( 'NONE', #2302, #2118, #1212 ) ;
#707 = ORIENTED_EDGE ( 'NONE', *, *, #1660, .T. ) ;
#708 = VECTOR ( 'NONE', #1242, 1000.000000000000000 ) ;
#709 = CARTESIAN_POINT ( 'NONE',  ( -16.29999999999998295, -12.00000000000002132, -5.000000000000000000 ) ) ;
#710 = CARTESIAN_POINT ( 'NONE',  ( 0.000000000000000000, 0.000000000000000000, -45.00000000000000000 ) ) ;
#711 = ORIENTED_EDGE ( 'NONE', *, *, #2316, .T. ) ;
#712 = VERTEX_POINT ( 'NONE', #1042 ) ;
#713 = ORIENTED_EDGE ( 'NONE', *, *, #1785, .T. ) ;
#714 = EDGE_CURVE ( 'NONE', #1452, #554, #2287, .T. ) ;
#715 = PLANE ( 'NONE',  #2203 ) ;
#716 = VERTEX_POINT ( 'NONE', #2000 ) ;
#717 = VERTEX_POINT ( 'NONE', #1771 ) ;
#718 = AXIS2_PLACEMENT_3D ( 'NONE', #1712, #1679, #2232 ) ;
#719 = ORIENTED_EDGE ( 'NONE', *, *, #2178, .F. ) ;
#720 = CARTESIAN_POINT ( 'NONE',  ( 8.099494936611684182, -9.899494936611649365, -45.00000000000000000 ) ) ;
#721 = ORIENTED_EDGE ( 'NONE', *, *, #1227, .T. ) ;
#722 = CARTESIAN_POINT ( 'NONE',  ( -13.74772708486751860, -6.000000000000000888, 5.349016541191993213 ) ) ;
#723 = EDGE_CURVE ( 'NONE', #650, #1855, #241, .T. ) ;
#724 = CARTESIAN_POINT ( 'NONE',  ( 13.74772708486751682, -5.999999999999986677, 4.650983458808068960 ) ) ;
#725 = CARTESIAN_POINT ( 'NONE',  ( -6.499999999999992006, -26.00000000000000000, 10.00000000000000000 ) ) ;
#726 = CARTESIAN_POINT ( 'NONE',  ( -9.899494936611684892, -9.899494936611647589, -34.99999999999999289 ) ) ;
#727 = DIRECTION ( 'NONE',  ( 0.000000000000000000, 0.000000000000000000, -1.000000000000000000 ) ) ;
#728 = CARTESIAN_POINT ( 'NONE',  ( 13.69999999999998863, -6.108191221630185908, 5.000000000000051514 ) ) ;
#729 = CARTESIAN_POINT ( 'NONE',  ( -5.999999999999991118, -25.00000000000000355, 5.000000000000000000 ) ) ;
#730 = CARTESIAN_POINT ( 'NONE',  ( -14.99999999999998401, -12.00000000000001954, -6.838477631085035036 ) ) ;
#731 = DIRECTION ( 'NONE',  ( -1.261617073437680809E-15, 1.000000000000000000, -0.000000000000000000 ) ) ;
#732 = AXIS2_PLACEMENT_3D ( 'NONE', #1063, #1965, #1451 ) ;
#733 = CARTESIAN_POINT ( 'NONE',  ( 15.00000000000000000, 1.892425610156521076E-14, -5.000000000000000000 ) ) ;
#734 = B_SPLINE_CURVE_WITH_KNOTS ( 'NONE', 3,
 ( #1128, #1517, #2029, #976 ),
 .UNSPECIFIED., .F., .F.,
 ( 4, 4 ),
 ( 0.006371961944779984920, 0.006738605585466008949 ),
 .UNSPECIFIED. ) ;
#735 = VERTEX_POINT ( 'NONE', #1957 ) ;
#736 = ADVANCED_FACE ( 'NONE', ( #1633 ), #1604, .F. ) ;
#737 = FACE_BOUND ( 'NONE', #21, .T. ) ;
#738 = LINE ( 'NONE', #909, #2065 ) ;
#739 = DIRECTION ( 'NONE',  ( -0.7071067811865455743, 0.5000000000000044409, -0.4999999999999983347 ) ) ;
#740 = FACE_OUTER_BOUND ( 'NONE', #2376, .T. ) ;
#741 = EDGE_CURVE ( 'NONE', #35, #1117, #1906, .T. ) ;
#742 = DIRECTION ( 'NONE',  ( -0.000000000000000000, -0.000000000000000000, 1.000000000000000000 ) ) ;
#743 = LINE ( 'NONE', #758, #826 ) ;
#744 = VERTEX_POINT ( 'NONE', #1223 ) ;
#745 = CIRCLE ( 'NONE', #843, 1.600000000000002531 ) ;
#746 = ORIENTED_EDGE ( 'NONE', *, *, #572, .T. ) ;
#747 = ORIENTED_EDGE ( 'NONE', *, *, #902, .F. ) ;
#748 = ORIENTED_EDGE ( 'NONE', *, *, #2213, .T. ) ;
#749 = AXIS2_PLACEMENT_3D ( 'NONE', #1500, #961, #46 ) ;
#750 = DIRECTION ( 'NONE',  ( 0.7071067811865474617, 3.656258904105415931E-16, -0.7071067811865474617 ) ) ;
#751 = DIRECTION ( 'NONE',  ( -1.000000000000000000, 0.000000000000000000, 0.000000000000000000 ) ) ;
#752 = ORIENTED_EDGE ( 'NONE', *, *, #1227, .F. ) ;
#753 = EDGE_CURVE ( 'NONE', #1848, #1473, #3, .T. ) ;
#754 = CARTESIAN_POINT ( 'NONE',  ( -10.00000000000000178, 0.000000000000000000, 10.00000000000000000 ) ) ;
#755 = CARTESIAN_POINT ( 'NONE',  ( 11.19949493661168205, -9.899494936611649365, -44.50000000000000711 ) ) ;
#756 = AXIS2_PLACEMENT_3D ( 'NONE', #125, #906, #322 ) ;
#757 = ADVANCED_FACE ( 'NONE', ( #1293, #951 ), #1405, .F. ) ;
#758 = CARTESIAN_POINT ( 'NONE',  ( -10.00000000000000178, 0.000000000000000000, -45.00000000000000000 ) ) ;
#759 = CIRCLE ( 'NONE', #1697, 1.299999999999999156 ) ;
#760 = EDGE_CURVE ( 'NONE', #1936, #1084, #2341, .T. ) ;
#761 = FACE_OUTER_BOUND ( 'NONE', #1694, .T. ) ;
#762 = STYLED_ITEM ( 'NONE', ( #286 ), #594 ) ;
#763 = ORIENTED_EDGE ( 'NONE', *, *, #212, .F. ) ;
#764 = CYLINDRICAL_SURFACE ( 'NONE', #139, 1.299999999999999156 ) ;
#765 = LINE ( 'NONE', #1685, #1252 ) ;
#766 = EDGE_CURVE ( 'NONE', #1747, #2, #2131, .T. ) ;
#767 = LINE ( 'NONE', #1674, #261 ) ;
#768 = DIRECTION ( 'NONE',  ( 7.923232216744271462E-17, -0.7071067811865435759, -0.7071067811865515695 ) ) ;
#769 = LINE ( 'NONE', #1995, #1686 ) ;
#770 = ORIENTED_EDGE ( 'NONE', *, *, #1725, .T. ) ;
#771 = CIRCLE ( 'NONE', #1533, 14.99999999999999112 ) ;
#772 = DIRECTION ( 'NONE',  ( 7.923232216744275160E-17, -0.7071067811865437980, 0.7071067811865513475 ) ) ;
#773 = DIRECTION ( 'NONE',  ( -0.7071067811865462405, 0.000000000000000000, 0.7071067811865489050 ) ) ;
#774 = ORIENTED_EDGE ( 'NONE', *, *, #1253, .F. ) ;
#775 = ORIENTED_EDGE ( 'NONE', *, *, #109, .T. ) ;
#776 = VERTEX_POINT ( 'NONE', #351 ) ;
#777 = ORIENTED_EDGE ( 'NONE', *, *, #1889, .T. ) ;
#778 = EDGE_LOOP ( 'NONE', ( #500, #1996, #328, #837, #981 ) ) ;
#779 = ORIENTED_EDGE ( 'NONE', *, *, #340, .T. ) ;
#780 = CARTESIAN_POINT ( 'NONE',  ( -47.49999999999999289, -25.00000000000002132, 5.000000000000000000 ) ) ;
#781 = ORIENTED_EDGE ( 'NONE', *, *, #850, .F. ) ;
#782 = CIRCLE ( 'NONE', #1197, 2.100000000000011635 ) ;
#783 = DIRECTION ( 'NONE',  ( -0.000000000000000000, 0.000000000000000000, -1.000000000000000000 ) ) ;
#784 = CARTESIAN_POINT ( 'NONE',  ( -6.499999999999990230, -13.51850583459578026, 10.00000000000000000 ) ) ;
#785 = PLANE ( 'NONE',  #250 ) ;
#786 = ADVANCED_FACE ( 'NONE', ( #264 ), #2186, .F. ) ;
#787 = VERTEX_POINT ( 'NONE', #2119 ) ;
#788 = CARTESIAN_POINT ( 'NONE',  ( -14.99999999999999289, -5.999999999999998224, 3.161522368914969849 ) ) ;
#789 = EDGE_CURVE ( 'NONE', #1692, #421, #646, .T. ) ;
#790 = CARTESIAN_POINT ( 'NONE',  ( -8.599494936611684182, -9.899494936611647589, -35.49999999999999289 ) ) ;
#791 = DIRECTION ( 'NONE',  ( 1.000000000000000000, 0.000000000000000000, -0.000000000000000000 ) ) ;
#792 = CARTESIAN_POINT ( 'NONE',  ( -18.99999999999999645, 0.000000000000000000, 10.00000000000000000 ) ) ;
#793 = VERTEX_POINT ( 'NONE', #657 ) ;
#794 = VECTOR ( 'NONE', #1456, 1000.000000000000000 ) ;
#795 = FACE_OUTER_BOUND ( 'NONE', #1384, .T. ) ;
#796 = EDGE_CURVE ( 'NONE', #384, #1831, #1082, .T. ) ;
#797 = CARTESIAN_POINT ( 'NONE',  ( 11.19949493661168205, -9.899494936611649365, -35.49999999999999289 ) ) ;
#798 = DIRECTION ( 'NONE',  ( -1.000000000000000000, 0.000000000000000000, 0.000000000000000000 ) ) ;
#799 = CYLINDRICAL_SURFACE ( 'NONE', #1837, 18.00000000000000000 ) ;
#800 = ORIENTED_EDGE ( 'NONE', *, *, #766, .T. ) ;
#801 = LINE ( 'NONE', #792, #2192 ) ;
#802 = ORIENTED_EDGE ( 'NONE', *, *, #1089, .T. ) ;
#803 = CYLINDRICAL_SURFACE ( 'NONE', #1606, 1.300000000000000711 ) ;
#804 = ORIENTED_EDGE ( 'NONE', *, *, #1018, .T. ) ;
#805 = VERTEX_POINT ( 'NONE', #2375 ) ;
#806 = CARTESIAN_POINT ( 'NONE',  ( 15.00000000000000711, -5.999999999999991118, 5.000000000000000000 ) ) ;
#807 = ORIENTED_EDGE ( 'NONE', *, *, #1678, .F. ) ;
#808 = ORIENTED_EDGE ( 'NONE', *, *, #1857, .F. ) ;
#809 = ORIENTED_EDGE ( 'NONE', *, *, #1280, .T. ) ;
#810 = DIRECTION ( 'NONE',  ( 1.000000000000000000, 3.939108803222883483E-16, -0.000000000000000000 ) ) ;
#811 = DIRECTION ( 'NONE',  ( 5.170730929733268713E-16, -1.000000000000000000, 0.000000000000000000 ) ) ;
#812 = CARTESIAN_POINT ( 'NONE',  ( -17.99999999999999645, -6.000000000000000888, 10.00000000000000000 ) ) ;
#813 = CARTESIAN_POINT ( 'NONE',  ( -6.499999999999992006, -29.00000000000000000, 10.00000000000000000 ) ) ;
#814 = CARTESIAN_POINT ( 'NONE',  ( 0.000000000000000000, 0.000000000000000000, 10.00000000000000000 ) ) ;
#815 = DIRECTION ( 'NONE',  ( 1.000000000000000000, 5.170730929733268713E-16, 0.000000000000000000 ) ) ;
#816 = CARTESIAN_POINT ( 'NONE',  ( 9.899494936611681339, -9.899494936611649365, -34.99999999999999289 ) ) ;
#817 = CARTESIAN_POINT ( 'NONE',  ( -14.99999999999999112, -6.000000000000001776, -5.000000000000000000 ) ) ;
#818 = ORIENTED_EDGE ( 'NONE', *, *, #2275, .T. ) ;
#819 = LINE ( 'NONE', #2288, #632 ) ;
#820 = DIRECTION ( 'NONE',  ( 1.000000000000000000, 0.000000000000000000, 0.000000000000000000 ) ) ;
#821 = VECTOR ( 'NONE', #1639, 1000.000000000000000 ) ;
#822 = ORIENTED_EDGE ( 'NONE', *, *, #663, .T. ) ;
#823 = VECTOR ( 'NONE', #1125, 1000.000000000000000 ) ;
#824 = VECTOR ( 'NONE', #1336, 1000.000000000000000 ) ;
#825 = AXIS2_PLACEMENT_3D ( 'NONE', #1160, #227, #1707 ) ;
#826 = VECTOR ( 'NONE', #953, 1000.000000000000000 ) ;
#827 = DIRECTION ( 'NONE',  ( -1.000000000000000000, -1.120514245875125521E-16, 0.000000000000000000 ) ) ;
#828 = ORIENTED_EDGE ( 'NONE', *, *, #1309, .F. ) ;
#829 = DIRECTION ( 'NONE',  ( -0.000000000000000000, -0.000000000000000000, -1.000000000000000000 ) ) ;
#830 = VERTEX_POINT ( 'NONE', #856 ) ;
#831 = VERTEX_POINT ( 'NONE', #469 ) ;
#832 = LINE ( 'NONE', #871, #1959 ) ;
#833 = CARTESIAN_POINT ( 'NONE',  ( 15.00000000000001066, -5.999999999999989342, -6.838477631085035036 ) ) ;
#834 = VERTEX_POINT ( 'NONE', #1311 ) ;
#835 = ORIENTED_EDGE ( 'NONE', *, *, #2309, .F. ) ;
#836 = EDGE_CURVE ( 'NONE', #1007, #1518, #213, .T. ) ;
#837 = ORIENTED_EDGE ( 'NONE', *, *, #1209, .F. ) ;
#838 = EDGE_LOOP ( 'NONE', ( #1806, #2340, #1994, #1432, #157, #614 ) ) ;
#839 = ORIENTED_EDGE ( 'NONE', *, *, #1900, .T. ) ;
#840 = LINE ( 'NONE', #2068, #196 ) ;
#841 = ORIENTED_EDGE ( 'NONE', *, *, #1288, .F. ) ;
#842 = CARTESIAN_POINT ( 'NONE',  ( 6.500000000000007105, -25.99999999999998224, 0.000000000000000000 ) ) ;
#843 = AXIS2_PLACEMENT_3D ( 'NONE', #142, #517, #2372 ) ;
#844 = VERTEX_POINT ( 'NONE', #113 ) ;
#845 = PLANE ( 'NONE',  #198 ) ;
#846 = EDGE_CURVE ( 'NONE', #1287, #2291, #1903, .T. ) ;
#847 = CARTESIAN_POINT ( 'NONE',  ( 0.000000000000000000, 0.000000000000000000, -37.00000000000000000 ) ) ;
#848 = LINE ( 'NONE', #1983, #108 ) ;
#849 = CIRCLE ( 'NONE', #192, 18.00000000000000000 ) ;
#850 = EDGE_CURVE ( 'NONE', #1696, #2134, #2285, .T. ) ;
#851 = CARTESIAN_POINT ( 'NONE',  ( -16.30000000000000071, -2.056435829703419287E-14, -5.000000000000000000 ) ) ;
#852 = CARTESIAN_POINT ( 'NONE',  ( 0.000000000000000000, 0.000000000000000000, 10.00000000000000000 ) ) ;
#853 = ORIENTED_EDGE ( 'NONE', *, *, #1338, .F. ) ;
#854 = VECTOR ( 'NONE', #1886, 1000.000000000000000 ) ;
#855 = LINE ( 'NONE', #65, #2361 ) ;
#856 = CARTESIAN_POINT ( 'NONE',  ( -9.099494936611682405, -9.899494936611647589, -34.99999999999999289 ) ) ;
#857 = VECTOR ( 'NONE', #696, 1000.000000000000000 ) ;
#858 = ORIENTED_EDGE ( 'NONE', *, *, #766, .F. ) ;
#859 = AXIS2_PLACEMENT_3D ( 'NONE', #1970, #1477, #1299 ) ;
#860 = FACE_BOUND ( 'NONE', #778, .T. ) ;
#861 = ADVANCED_FACE ( 'NONE', ( #121 ), #1440, .F. ) ;
#862 = EDGE_LOOP ( 'NONE', ( #752, #2348, #434, #1933, #34, #1782, #957, #531, #194, #800, #705, #1807, #1357, #1636, #1775, #276, #211, #1750 ) ) ;
#863 = ORIENTED_EDGE ( 'NONE', *, *, #933, .F. ) ;
#864 = ORIENTED_EDGE ( 'NONE', *, *, #1156, .F. ) ;
#865 = DIRECTION ( 'NONE',  ( -7.923232216744276393E-17, 0.7071067811865437980, -0.7071067811865513475 ) ) ;
#866 = ORIENTED_EDGE ( 'NONE', *, *, #333, .T. ) ;
#867 = EDGE_CURVE ( 'NONE', #942, #1936, #1165, .T. ) ;
#868 = VERTEX_POINT ( 'NONE', #1683 ) ;
#869 = CIRCLE ( 'NONE', #567, 1.300000000000002487 ) ;
#870 = DIRECTION ( 'NONE',  ( -0.000000000000000000, -0.000000000000000000, -1.000000000000000000 ) ) ;
#871 = CARTESIAN_POINT ( 'NONE',  ( 14.08076118445749714, -11.99999999999998224, -5.919238815542508192 ) ) ;
#872 = CARTESIAN_POINT ( 'NONE',  ( 16.30000000000000782, -5.999999999999991118, -5.000000000000000000 ) ) ;
#873 = CARTESIAN_POINT ( 'NONE',  ( -47.49999999999999289, -25.00000000000002132, 5.000000000000000000 ) ) ;
#874 = CARTESIAN_POINT ( 'NONE',  ( 6.500000000000007105, -25.99999999999999645, 10.00000000000000000 ) ) ;
#875 = DIRECTION ( 'NONE',  ( 1.651402644157005379E-15, 1.000000000000000000, -0.000000000000000000 ) ) ;
#876 = CARTESIAN_POINT ( 'NONE',  ( 18.00000000000000000, -2.204364238465235428E-15, -45.00000000000000000 ) ) ;
#877 = DIRECTION ( 'NONE',  ( 1.000000000000000000, 1.120514245875125521E-16, -0.000000000000000000 ) ) ;
#878 = DIRECTION ( 'NONE',  ( -1.000000000000000000, 0.000000000000000000, 0.000000000000000000 ) ) ;
#879 = EDGE_CURVE ( 'NONE', #446, #584, #1931, .T. ) ;
#880 = LINE ( 'NONE', #1262, #1310 ) ;
#881 = PLANE ( 'NONE',  #1398 ) ;
#882 = ADVANCED_FACE ( 'NONE', ( #1003 ), #225, .F. ) ;
#883 = CYLINDRICAL_SURFACE ( 'NONE', #1672, 1.300000000000000711 ) ;
#884 = EDGE_CURVE ( 'NONE', #1855, #446, #2072, .T. ) ;
#885 = CIRCLE ( 'NONE', #1773, 1.799999999999996048 ) ;
#886 = CARTESIAN_POINT ( 'NONE',  ( 15.91923881554252773, -5.999999999999991118, 4.080761184457493584 ) ) ;
#887 = CARTESIAN_POINT ( 'NONE',  ( -18.00000000000000000, -2.204364238465235428E-15, -45.00000000000000000 ) ) ;
#888 = CARTESIAN_POINT ( 'NONE',  ( 13.69999999999995488, -6.108191221631006584, 4.875127379162121244 ) ) ;
#889 = LINE ( 'NONE', #1155, #1738 ) ;
#890 = ORIENTED_EDGE ( 'NONE', *, *, #340, .F. ) ;
#891 = EDGE_CURVE ( 'NONE', #2198, #1747, #1409, .T. ) ;
#892 = PLANE ( 'NONE',  #756 ) ;
#893 = VECTOR ( 'NONE', #1985, 1000.000000000000000 ) ;
#894 = CLOSED_SHELL ( 'NONE', ( #1623, #2211, #593, #736, #2078, #693, #373, #2007, #1420, #1838, #2104, #2202, #1652, #861, #424, #2382, #1104, #2177, #1495, #1675, #980, #882, #1478, #757, #1566, #2352, #1271, #2021, #1162, #1080, #1447, #1279, #195, #44, #640, #1521, #967, #2165, #1922, #386, #1222, #519, #176, #183, #1038, #1304, #1824, #606, #1318, #786, #1236, #365, #2031, #1711, #25, #559, #1834, #147, #2339, #1700, #338, #2268, #164, #1294, #2189, #1614, #2360, #2152, #1469, #915, #1601, #480 ) ) ;
#895 = DIRECTION ( 'NONE',  ( -1.000000000000000000, -1.334402673828312452E-15, 0.000000000000000000 ) ) ;
#896 = AXIS2_PLACEMENT_3D ( 'NONE', #1809, #1998, #928 ) ;
#897 = ORIENTED_EDGE ( 'NONE', *, *, #158, .T. ) ;
#898 = ORIENTED_EDGE ( 'NONE', *, *, #879, .T. ) ;
#899 = ORIENTED_EDGE ( 'NONE', *, *, #82, .F. ) ;
#900 = EDGE_LOOP ( 'NONE', ( #1988, #244, #642, #1637 ) ) ;
#901 = CARTESIAN_POINT ( 'NONE',  ( 9.899494936611681339, -9.899494936611649365, -34.99999999999999289 ) ) ;
#902 = EDGE_CURVE ( 'NONE', #1820, #1084, #1488, .T. ) ;
#903 = CARTESIAN_POINT ( 'NONE',  ( -6.499999999999992895, -23.24417715778971072, 0.2743286768061691805 ) ) ;
#904 = VERTEX_POINT ( 'NONE', #1362 ) ;
#905 = CARTESIAN_POINT ( 'NONE',  ( -13.74772708486751860, -6.000000000000001776, -12.00000000000000000 ) ) ;
#906 = DIRECTION ( 'NONE',  ( 0.7071067811865483499, 0.5000000000000023315, -0.4999999999999966138 ) ) ;
#907 = DIRECTION ( 'NONE',  ( -0.7071067811865441310, 0.000000000000000000, -0.7071067811865507924 ) ) ;
#908 = CIRCLE ( 'NONE', #450, 1.600000000000002531 ) ;
#909 = CARTESIAN_POINT ( 'NONE',  ( -10.69949493661168560, -9.899494936611647589, -34.99999999999999289 ) ) ;
#910 = SURFACE_STYLE_USAGE ( .BOTH. , #692 ) ;
#911 = DIRECTION ( 'NONE',  ( 0.000000000000000000, 0.000000000000000000, -1.000000000000000000 ) ) ;
#912 = AXIS2_PLACEMENT_3D ( 'NONE', #1598, #1781, #1408 ) ;
#913 = CARTESIAN_POINT ( 'NONE',  ( -9.899494936611684892, -9.899494936611647589, -34.99999999999999289 ) ) ;
#914 = CARTESIAN_POINT ( 'NONE',  ( -11.19949493661168383, -9.899494936611647589, -35.49999999999999289 ) ) ;
#915 = ADVANCED_FACE ( 'NONE', ( #2128 ), #1599, .F. ) ;
#916 = CARTESIAN_POINT ( 'NONE',  ( 15.00000000000006750, -53.99999999999998579, 5.000000000000000000 ) ) ;
#917 = CARTESIAN_POINT ( 'NONE',  ( 6.500000000000005329, -13.51850583459577493, 10.00000000000000000 ) ) ;
#918 =( NAMED_UNIT ( * ) SI_UNIT ( $, .STERADIAN. ) SOLID_ANGLE_UNIT ( ) );
#919 = ORIENTED_EDGE ( 'NONE', *, *, #277, .F. ) ;
#920 = EDGE_CURVE ( 'NONE', #677, #1475, #2390, .T. ) ;
#921 = ORIENTED_EDGE ( 'NONE', *, *, #1780, .F. ) ;
#922 = CYLINDRICAL_SURFACE ( 'NONE', #2231, 14.99999999999999112 ) ;
#923 = CONICAL_SURFACE ( 'NONE', #604, 0.8000000000000020428, 0.7853981633974528309 ) ;
#924 = VECTOR ( 'NONE', #1329, 1000.000000000000000 ) ;
#925 = DIRECTION ( 'NONE',  ( -1.261617073437680809E-15, 1.000000000000000000, 0.000000000000000000 ) ) ;
#926 = VECTOR ( 'NONE', #251, 1000.000000000000000 ) ;
#927 = CARTESIAN_POINT ( 'NONE',  ( -6.499999999999992895, -25.00000000000000355, 5.000000000000000000 ) ) ;
#928 = DIRECTION ( 'NONE',  ( -0.7071067811865441310, 0.000000000000000000, -0.7071067811865507924 ) ) ;
#929 = ORIENTED_EDGE ( 'NONE', *, *, #1920, .F. ) ;
#930 = PRODUCT_CONTEXT ( 'NONE', #135, 'mechanical' ) ;
#931 = DIRECTION ( 'NONE',  ( -1.000000000000000000, -0.000000000000000000, -0.000000000000000000 ) ) ;
#932 = ORIENTED_EDGE ( 'NONE', *, *, #2227, .T. ) ;
#933 = EDGE_CURVE ( 'NONE', #243, #834, #295, .T. ) ;
#934 = CARTESIAN_POINT ( 'NONE',  ( 13.70000000000006679, -53.99999999999998579, 5.000000000000000000 ) ) ;
#935 = ORIENTED_EDGE ( 'NONE', *, *, #1860, .F. ) ;
#936 = ORIENTED_EDGE ( 'NONE', *, *, #1621, .F. ) ;
#937 = ORIENTED_EDGE ( 'NONE', *, *, #2105, .F. ) ;
#938 = DIRECTION ( 'NONE',  ( -0.000000000000000000, -0.000000000000000000, -1.000000000000000000 ) ) ;
#939 = AXIS2_PLACEMENT_3D ( 'NONE', #710, #1249, #1799 ) ;
#940 = CARTESIAN_POINT ( 'NONE',  ( -15.91923881554250642, -5.999999999999998224, 4.080761184457495361 ) ) ;
#941 = VERTEX_POINT ( 'NONE', #214 ) ;
#942 = VERTEX_POINT ( 'NONE', #608 ) ;
#943 = SURFACE_STYLE_FILL_AREA ( #2143 ) ;
#944 = VECTOR ( 'NONE', #661, 1000.000000000000000 ) ;
#945 = CIRCLE ( 'NONE', #336, 1.300000000000000711 ) ;
#946 = VECTOR ( 'NONE', #2274, 1000.000000000000000 ) ;
#947 = EDGE_CURVE ( 'NONE', #2198, #2083, #1375, .T. ) ;
#948 = DIRECTION ( 'NONE',  ( -1.261617073437680809E-15, 1.000000000000000000, -0.000000000000000000 ) ) ;
#949 = VECTOR ( 'NONE', #1504, 1000.000000000000000 ) ;
#950 = ORIENTED_EDGE ( 'NONE', *, *, #686, .T. ) ;
#951 = FACE_OUTER_BOUND ( 'NONE', #1607, .T. ) ;
#952 = ORIENTED_EDGE ( 'NONE', *, *, #412, .F. ) ;
#953 = DIRECTION ( 'NONE',  ( 1.000000000000000000, -0.000000000000000000, -0.000000000000000000 ) ) ;
#954 = VERTEX_POINT ( 'NONE', #628 ) ;
#955 = VERTEX_POINT ( 'NONE', #842 ) ;
#956 = ORIENTED_EDGE ( 'NONE', *, *, #1407, .T. ) ;
#957 = ORIENTED_EDGE ( 'NONE', *, *, #2057, .T. ) ;
#958 = ORIENTED_EDGE ( 'NONE', *, *, #136, .F. ) ;
#959 = DIRECTION ( 'NONE',  ( -7.923232216744272695E-17, 0.7071067811865435759, 0.7071067811865515695 ) ) ;
#960 = ORIENTED_EDGE ( 'NONE', *, *, #1776, .T. ) ;
#961 = DIRECTION ( 'NONE',  ( 0.000000000000000000, 0.000000000000000000, 1.000000000000000000 ) ) ;
#962 = EDGE_CURVE ( 'NONE', #2002, #1820, #605, .T. ) ;
#963 = CARTESIAN_POINT ( 'NONE',  ( -18.99999999999999645, 0.000000000000000000, -12.00000000000000000 ) ) ;
#964 = AXIS2_PLACEMENT_3D ( 'NONE', #817, #1377, #88 ) ;
#965 = CARTESIAN_POINT ( 'NONE',  ( 10.00000000000000178, 0.000000000000000000, 9.499999999999985789 ) ) ;
#966 = EDGE_CURVE ( 'NONE', #2228, #384, #1319, .T. ) ;
#967 = ADVANCED_FACE ( 'NONE', ( #2218 ), #1185, .F. ) ;
#968 = ORIENTED_EDGE ( 'NONE', *, *, #1567, .F. ) ;
#969 = CARTESIAN_POINT ( 'NONE',  ( -9.899494936611684892, -9.899494936611647589, -34.99999999999999289 ) ) ;
#970 = VERTEX_POINT ( 'NONE', #1905 ) ;
#971 = CONICAL_SURFACE ( 'NONE', #2353, 1.300000000000000711, 0.7853981633974507215 ) ;
#972 = CARTESIAN_POINT ( 'NONE',  ( -6.499999999999992006, -25.99999999999998579, 0.000000000000000000 ) ) ;
#973 = LINE ( 'NONE', #1511, #1682 ) ;
#974 = EDGE_CURVE ( 'NONE', #421, #599, #32, .T. ) ;
#975 = FACE_OUTER_BOUND ( 'NONE', #1121, .T. ) ;
#976 = CARTESIAN_POINT ( 'NONE',  ( -13.69999999999980389, -6.108191221630608680, -4.999999999999558575 ) ) ;
#977 = VECTOR ( 'NONE', #1543, 1000.000000000000114 ) ;
#978 = CARTESIAN_POINT ( 'NONE',  ( 0.000000000000000000, 0.000000000000000000, 10.00000000000000000 ) ) ;
#979 = ORIENTED_EDGE ( 'NONE', *, *, #902, .T. ) ;
#980 = ADVANCED_FACE ( 'NONE', ( #860, #468, #2367 ), #73, .F. ) ;
#981 = ORIENTED_EDGE ( 'NONE', *, *, #1463, .F. ) ;
#982 = ORIENTED_EDGE ( 'NONE', *, *, #412, .T. ) ;
#983 = VERTEX_POINT ( 'NONE', #2295 ) ;
#984 = DIRECTION ( 'NONE',  ( -1.000000000000000000, 0.000000000000000000, 0.000000000000000000 ) ) ;
#985 = AXIS2_PLACEMENT_3D ( 'NONE', #112, #877, #1587 ) ;
#986 = ORIENTED_EDGE ( 'NONE', *, *, #1191, .F. ) ;
#987 = DIRECTION ( 'NONE',  ( -0.000000000000000000, -0.000000000000000000, -1.000000000000000000 ) ) ;
#988 = CARTESIAN_POINT ( 'NONE',  ( 17.99999999999999645, -5.999999999999994671, 10.00000000000000000 ) ) ;
#989 = LINE ( 'NONE', #619, #1426 ) ;
#990 = ORIENTED_EDGE ( 'NONE', *, *, #2236, .T. ) ;
#991 = EDGE_CURVE ( 'NONE', #1204, #2043, #1874, .T. ) ;
#992 = CARTESIAN_POINT ( 'NONE',  ( 18.00000000000001066, 0.000000000000000000, -12.00000000000000000 ) ) ;
#993 = DIRECTION ( 'NONE',  ( 1.651402644157012873E-16, 1.000000000000000000, -0.000000000000000000 ) ) ;
#994 = DIRECTION ( 'NONE',  ( -0.000000000000000000, -0.000000000000000000, -1.000000000000000000 ) ) ;
#995 = PLANE ( 'NONE',  #1757 ) ;
#996 = DIRECTION ( 'NONE',  ( -0.000000000000000000, -0.000000000000000000, 1.000000000000000000 ) ) ;
#997 = AXIS2_PLACEMENT_3D ( 'NONE', #1551, #1732, #1334 ) ;
#998 = VECTOR ( 'NONE', #314, 1000.000000000000000 ) ;
#999 = PLANE ( 'NONE',  #5 ) ;
#1000 = FACE_OUTER_BOUND ( 'NONE', #1143, .T. ) ;
#1001 = VECTOR ( 'NONE', #48, 1000.000000000000000 ) ;
#1002 = CARTESIAN_POINT ( 'NONE',  ( 15.00000000000006750, -53.99999999999998579, 3.161522368914966297 ) ) ;
#1003 = FACE_OUTER_BOUND ( 'NONE', #2138, .T. ) ;
#1004 = EDGE_CURVE ( 'NONE', #1175, #1687, #1843, .T. ) ;
#1005 = PLANE ( 'NONE',  #2161 ) ;
#1006 = LINE ( 'NONE', #1439, #160 ) ;
#1007 = VERTEX_POINT ( 'NONE', #558 ) ;
#1008 = ORIENTED_EDGE ( 'NONE', *, *, #1556, .F. ) ;
#1009 = ORIENTED_EDGE ( 'NONE', *, *, #2167, .T. ) ;
#1010 = ORIENTED_EDGE ( 'NONE', *, *, #1969, .F. ) ;
#1011 = DIRECTION ( 'NONE',  ( 0.000000000000000000, 0.000000000000000000, -1.000000000000000000 ) ) ;
#1012 = CARTESIAN_POINT ( 'NONE',  ( 15.00000000000000000, 1.892425610156521076E-14, -5.000000000000000000 ) ) ;
#1013 = VERTEX_POINT ( 'NONE', #86 ) ;
#1014 = ORIENTED_EDGE ( 'NONE', *, *, #991, .F. ) ;
#1015 = CARTESIAN_POINT ( 'NONE',  ( 9.899494936611681339, -9.899494936611649365, -35.49999999999999289 ) ) ;
#1016 = AXIS2_PLACEMENT_3D ( 'NONE', #978, #1147, #41 ) ;
#1017 = DIRECTION ( 'NONE',  ( -0.000000000000000000, -0.000000000000000000, -1.000000000000000000 ) ) ;
#1018 = EDGE_CURVE ( 'NONE', #599, #1634, #743, .T. ) ;
#1019 = CARTESIAN_POINT ( 'NONE',  ( -14.08076118445748115, 0.000000000000000000, 4.080761184457497137 ) ) ;
#1020 = DIRECTION ( 'NONE',  ( 0.000000000000000000, 0.000000000000000000, -1.000000000000000000 ) ) ;
#1021 = DIRECTION ( 'NONE',  ( 1.000000000000000000, 0.000000000000000000, 0.000000000000000000 ) ) ;
#1022 = VERTEX_POINT ( 'NONE', #228 ) ;
#1023 = CARTESIAN_POINT ( 'NONE',  ( 13.71937365259528718, -6.064965874799633561, -4.752715700965710610 ) ) ;
#1024 = ORIENTED_EDGE ( 'NONE', *, *, #1418, .F. ) ;
#1025 = VECTOR ( 'NONE', #1101, 1000.000000000000000 ) ;
#1026 = CONICAL_SURFACE ( 'NONE', #825, 1.299999999999999156, 0.7853981633974513876 ) ;
#1027 = CARTESIAN_POINT ( 'NONE',  ( 6.500000000000007105, -29.00000000000000000, 3.000000000000001776 ) ) ;
#1028 = AXIS2_PLACEMENT_3D ( 'NONE', #1060, #1465, #530 ) ;
#1029 = LINE ( 'NONE', #2003, #1486 ) ;
#1030 = VECTOR ( 'NONE', #2310, 1000.000000000000114 ) ;
#1031 = FACE_OUTER_BOUND ( 'NONE', #1612, .T. ) ;
#1032 = VERTEX_POINT ( 'NONE', #1861 ) ;
#1033 = CARTESIAN_POINT ( 'NONE',  ( 13.70000000000001350, -11.99999999999998224, -5.000000000000000000 ) ) ;
#1034 = ORIENTED_EDGE ( 'NONE', *, *, #1463, .T. ) ;
#1035 = CARTESIAN_POINT ( 'NONE',  ( -17.99999999999999645, 0.000000000000000000, 10.00000000000000000 ) ) ;
#1036 = CARTESIAN_POINT ( 'NONE',  ( 15.00000000000000888, -5.999999999999989342, -5.000000000000000000 ) ) ;
#1037 = ORIENTED_EDGE ( 'NONE', *, *, #1102, .F. ) ;
#1038 = ADVANCED_FACE ( 'NONE', ( #1795 ), #319, .F. ) ;
#1039 = EDGE_CURVE ( 'NONE', #1661, #717, #734, .T. ) ;
#1040 = ORIENTED_EDGE ( 'NONE', *, *, #1844, .T. ) ;
#1041 = DIRECTION ( 'NONE',  ( 0.7071067811865496822, 8.659560562354959975E-17, -0.7071067811865453523 ) ) ;
#1042 = CARTESIAN_POINT ( 'NONE',  ( -18.00000000000001066, -6.000000000000000888, -12.00000000000000000 ) ) ;
#1043 = ORIENTED_EDGE ( 'NONE', *, *, #1309, .T. ) ;
#1044 = EDGE_LOOP ( 'NONE', ( #355, #263, #2349, #71 ) ) ;
#1045 = DIRECTION ( 'NONE',  ( -1.000000000000000000, -1.261617073437680020E-15, 0.000000000000000000 ) ) ;
#1046 = CARTESIAN_POINT ( 'NONE',  ( 0.000000000000000000, 0.000000000000000000, 9.499999999999985789 ) ) ;
#1047 = LINE ( 'NONE', #1071, #2277 ) ;
#1048 = VECTOR ( 'NONE', #1650, 1000.000000000000000 ) ;
#1049 = FACE_OUTER_BOUND ( 'NONE', #1053, .T. ) ;
#1050 = AXIS2_PLACEMENT_3D ( 'NONE', #1585, #1422, #2130 ) ;
#1051 = LINE ( 'NONE', #2212, #1956 ) ;
#1052 = LINE ( 'NONE', #2150, #551 ) ;
#1053 = EDGE_LOOP ( 'NONE', ( #1963, #652, #2048, #1525 ) ) ;
#1054 = DIRECTION ( 'NONE',  ( -1.261617073437680612E-15, 1.000000000000000000, -0.000000000000000000 ) ) ;
#1055 = ORIENTED_EDGE ( 'NONE', *, *, #920, .T. ) ;
#1056 = VERTEX_POINT ( 'NONE', #2034 ) ;
#1057 = CARTESIAN_POINT ( 'NONE',  ( 19.00000000000000355, -5.999999999999996447, 10.00000000000000000 ) ) ;
#1058 = ORIENTED_EDGE ( 'NONE', *, *, #1823, .F. ) ;
#1059 = PLANE ( 'NONE',  #2076 ) ;
#1060 = CARTESIAN_POINT ( 'NONE',  ( 5.999999999999991118, -26.13137084989849157, 3.868629150101536407 ) ) ;
#1061 = EDGE_LOOP ( 'NONE', ( #507, #1381, #2371, #1828, #956 ) ) ;
#1062 = DIRECTION ( 'NONE',  ( 0.000000000000000000, 0.000000000000000000, -1.000000000000000000 ) ) ;
#1063 = CARTESIAN_POINT ( 'NONE',  ( 15.00000000000001421, -11.99999999999998046, -5.000000000000000000 ) ) ;
#1064 = CARTESIAN_POINT ( 'NONE',  ( 9.899494936611681339, -9.899494936611649365, -44.50000000000000711 ) ) ;
#1065 = ORIENTED_EDGE ( 'NONE', *, *, #274, .T. ) ;
#1066 = CARTESIAN_POINT ( 'NONE',  ( 0.000000000000000000, 0.000000000000000000, -12.00000000000000000 ) ) ;
#1067 = AXIS2_PLACEMENT_3D ( 'NONE', #1538, #427, #2071 ) ;
#1068 = PLANE ( 'NONE',  #1028 ) ;
#1069 = CARTESIAN_POINT ( 'NONE',  ( -13.74772708486751860, -6.000000000000001776, 4.650983458808013893 ) ) ;
#1070 = DIRECTION ( 'NONE',  ( 0.000000000000000000, 0.000000000000000000, 1.000000000000000000 ) ) ;
#1071 = CARTESIAN_POINT ( 'NONE',  ( 0.000000000000000000, 0.000000000000000000, -19.00000000000011013 ) ) ;
#1072 = EDGE_CURVE ( 'NONE', #904, #844, #889, .T. ) ;
#1073 = ORIENTED_EDGE ( 'NONE', *, *, #401, .F. ) ;
#1074 = CARTESIAN_POINT ( 'NONE',  ( 15.91923881554253128, -11.99999999999997868, -5.919238815542508192 ) ) ;
#1075 = LINE ( 'NONE', #308, #2014 ) ;
#1076 = AXIS2_PLACEMENT_3D ( 'NONE', #1178, #431, #1552 ) ;
#1077 = LINE ( 'NONE', #1208, #2247 ) ;
#1078 = CARTESIAN_POINT ( 'NONE',  ( -6.499999999999993783, -13.51850583459577670, 10.00000000000000000 ) ) ;
#1079 = FACE_OUTER_BOUND ( 'NONE', #2030, .T. ) ;
#1080 = ADVANCED_FACE ( 'NONE', ( #1031 ), #33, .T. ) ;
#1081 = DIRECTION ( 'NONE',  ( -1.000000000000000000, 0.000000000000000000, -0.000000000000000000 ) ) ;
#1082 = LINE ( 'NONE', #671, #1723 ) ;
#1083 = DIRECTION ( 'NONE',  ( 0.7071067811865475727, 3.656258904105415931E-16, 0.7071067811865474617 ) ) ;
#1084 = VERTEX_POINT ( 'NONE', #388 ) ;
#1085 = ORIENTED_EDGE ( 'NONE', *, *, #1502, .F. ) ;
#1086 = ORIENTED_EDGE ( 'NONE', *, *, #753, .T. ) ;
#1087 = EDGE_LOOP ( 'NONE', ( #1947, #1351, #301, #935 ) ) ;
#1088 = CARTESIAN_POINT ( 'NONE',  ( -14.99999999999998401, -12.00000000000001954, -6.838477631085035036 ) ) ;
#1089 = EDGE_CURVE ( 'NONE', #538, #392, #1520, .T. ) ;
#1090 = CARTESIAN_POINT ( 'NONE',  ( 13.71895673753050104, -6.065921147221009058, 4.754211594088012305 ) ) ;
#1091 = ORIENTED_EDGE ( 'NONE', *, *, #2300, .T. ) ;
#1092 = CARTESIAN_POINT ( 'NONE',  ( -16.29999999999999005, -6.000000000000001776, -5.000000000000000000 ) ) ;
#1093 = DIRECTION ( 'NONE',  ( 0.7071067811865509034, 8.920979878885153844E-16, -0.7071067811865442421 ) ) ;
#1094 = PLANE ( 'NONE',  #170 ) ;
#1095 = CARTESIAN_POINT ( 'NONE',  ( -18.00000000000001066, 0.000000000000000000, -12.00000000000000000 ) ) ;
#1096 = ORIENTED_EDGE ( 'NONE', *, *, #1615, .T. ) ;
#1097 = APPLICATION_PROTOCOL_DEFINITION ( 'draft international standard', 'automotive_design', 1998, #1646 ) ;
#1098 = DIRECTION ( 'NONE',  ( -0.000000000000000000, -0.000000000000000000, -1.000000000000000000 ) ) ;
#1099 = CARTESIAN_POINT ( 'NONE',  ( 13.74772708486751327, -5.999999999999987566, -4.650983458808083171 ) ) ;
#1100 = AXIS2_PLACEMENT_3D ( 'NONE', #733, #2001, #1118 ) ;
#1101 = DIRECTION ( 'NONE',  ( -1.261617073437680612E-15, 1.000000000000000000, -0.000000000000000000 ) ) ;
#1102 = EDGE_CURVE ( 'NONE', #166, #265, #2315, .T. ) ;
#1103 = CARTESIAN_POINT ( 'NONE',  ( -5.999999999999990230, -23.86862915010151909, 3.868629150101530190 ) ) ;
#1104 = ADVANCED_FACE ( 'NONE', ( #1546 ), #2252, .F. ) ;
#1105 = EDGE_CURVE ( 'NONE', #2043, #651, #1051, .T. ) ;
#1106 = ORIENTED_EDGE ( 'NONE', *, *, #1338, .T. ) ;
#1107 = FACE_OUTER_BOUND ( 'NONE', #1353, .T. ) ;
#1108 = CIRCLE ( 'NONE', #545, 1.300000000000002487 ) ;
#1109 = DIRECTION ( 'NONE',  ( -1.000000000000000000, 0.000000000000000000, 0.000000000000000000 ) ) ;
#1110 = CIRCLE ( 'NONE', #215, 10.00000000000000178 ) ;
#1111 = FACE_OUTER_BOUND ( 'NONE', #862, .T. ) ;
#1112 = AXIS2_PLACEMENT_3D ( 'NONE', #2141, #1054, #2324 ) ;
#1113 = CIRCLE ( 'NONE', #2336, 0.8000000000000020428 ) ;
#1114 = VERTEX_POINT ( 'NONE', #965 ) ;
#1115 = STYLED_ITEM ( 'NONE', ( #1658 ), #1211 ) ;
#1116 = FACE_OUTER_BOUND ( 'NONE', #64, .T. ) ;
#1117 = VERTEX_POINT ( 'NONE', #788 ) ;
#1118 = DIRECTION ( 'NONE',  ( -1.000000000000000000, -1.261617073437680020E-15, 0.000000000000000000 ) ) ;
#1119 = ORIENTED_EDGE ( 'NONE', *, *, #1967, .T. ) ;
#1120 = VERTEX_POINT ( 'NONE', #13 ) ;
#1121 = EDGE_LOOP ( 'NONE', ( #2183, #2190, #2257, #866 ) ) ;
#1122 = EDGE_CURVE ( 'NONE', #651, #1855, #529, .T. ) ;
#1123 = CARTESIAN_POINT ( 'NONE',  ( -18.99999999999999645, -6.000000000000000888, 10.00000000000000000 ) ) ;
#1124 = DIRECTION ( 'NONE',  ( -1.000000000000000000, 0.000000000000000000, 0.000000000000000000 ) ) ;
#1125 = DIRECTION ( 'NONE',  ( -1.261617073437680809E-15, 1.000000000000000000, -0.000000000000000000 ) ) ;
#1126 = FACE_OUTER_BOUND ( 'NONE', #609, .T. ) ;
#1127 = AXIS2_PLACEMENT_3D ( 'NONE', #694, #2346, #520 ) ;
#1128 = CARTESIAN_POINT ( 'NONE',  ( -13.74772708486751682, -5.999999999999984013, -4.650983458808013005 ) ) ;
#1129 = VECTOR ( 'NONE', #477, 1000.000000000000000 ) ;
#1130 = EDGE_CURVE ( 'NONE', #2075, #1201, #185, .T. ) ;
#1131 = CARTESIAN_POINT ( 'NONE',  ( -10.50000000000000178, 0.000000000000000000, -45.00000000000000000 ) ) ;
#1132 = EDGE_CURVE ( 'NONE', #384, #2228, #1113, .T. ) ;
#1133 = CONICAL_SURFACE ( 'NONE', #589, 2.100000000000004530, 0.7853981633974502774 ) ;
#1134 = VECTOR ( 'NONE', #739, 1000.000000000000114 ) ;
#1135 = EDGE_CURVE ( 'NONE', #1800, #256, #413, .T. ) ;
#1136 = CARTESIAN_POINT ( 'NONE',  ( -8.599494936611684182, -9.899494936611647589, -34.99999999999999289 ) ) ;
#1137 = VECTOR ( 'NONE', #178, 1000.000000000000000 ) ;
#1138 = DIRECTION ( 'NONE',  ( -1.261617073437680809E-15, 1.000000000000000000, -0.000000000000000000 ) ) ;
#1139 = LINE ( 'NONE', #1270, #499 ) ;
#1140 = ORIENTED_EDGE ( 'NONE', *, *, #2300, .F. ) ;
#1141 = VECTOR ( 'NONE', #1431, 1000.000000000000000 ) ;
#1142 = CARTESIAN_POINT ( 'NONE',  ( -15.00000000000000000, -1.892425610156521076E-14, -6.838477631085035036 ) ) ;
#1143 = EDGE_LOOP ( 'NONE', ( #2225, #580, #1987, #114, #2084 ) ) ;
#1144 = ORIENTED_EDGE ( 'NONE', *, *, #1298, .F. ) ;
#1145 = ORIENTED_EDGE ( 'NONE', *, *, #255, .F. ) ;
#1146 = ORIENTED_EDGE ( 'NONE', *, *, #1407, .F. ) ;
#1147 = DIRECTION ( 'NONE',  ( 0.000000000000000000, 0.000000000000000000, 1.000000000000000000 ) ) ;
#1148 = ORIENTED_EDGE ( 'NONE', *, *, #884, .F. ) ;
#1149 = ORIENTED_EDGE ( 'NONE', *, *, #920, .F. ) ;
#1150 = EDGE_CURVE ( 'NONE', #1292, #1386, #801, .T. ) ;
#1151 = ORIENTED_EDGE ( 'NONE', *, *, #464, .F. ) ;
#1152 = DIRECTION ( 'NONE',  ( 0.000000000000000000, 0.000000000000000000, -1.000000000000000000 ) ) ;
#1153 = FACE_OUTER_BOUND ( 'NONE', #1726, .T. ) ;
#1154 = AXIS2_PLACEMENT_3D ( 'NONE', #81, #62, #1368 ) ;
#1155 = CARTESIAN_POINT ( 'NONE',  ( -15.00000000000000000, 0.000000000000000000, -45.00000000000000000 ) ) ;
#1156 = EDGE_CURVE ( 'NONE', #805, #983, #1770, .T. ) ;
#1157 = DIRECTION ( 'NONE',  ( 0.5773502691896291728, 1.698617039638799839E-15, -0.8164965809277234809 ) ) ;
#1158 = CARTESIAN_POINT ( 'NONE',  ( -13.74772708486751860, -6.000000000000001776, -5.349016541191997653 ) ) ;
#1159 = DIRECTION ( 'NONE',  ( -1.000000000000000000, 0.000000000000000000, 0.000000000000000000 ) ) ;
#1160 = CARTESIAN_POINT ( 'NONE',  ( -9.899494936611684892, -9.899494936611647589, -44.50000000000002842 ) ) ;
#1161 = LINE ( 'NONE', #903, #821 ) ;
#1162 = ADVANCED_FACE ( 'NONE', ( #549, #60, #1291 ), #1890, .F. ) ;
#1163 = EDGE_CURVE ( 'NONE', #1764, #218, #91, .T. ) ;
#1164 = FILL_AREA_STYLE_COLOUR ( '', #2157 ) ;
#1165 = LINE ( 'NONE', #1123, #949 ) ;
#1166 = DIRECTION ( 'NONE',  ( 1.000000000000000000, 0.000000000000000000, 0.000000000000000000 ) ) ;
#1167 = EDGE_LOOP ( 'NONE', ( #267, #2011, #747, #1171, #1777 ) ) ;
#1168 = VECTOR ( 'NONE', #1207, 1000.000000000000114 ) ;
#1169 = ORIENTED_EDGE ( 'NONE', *, *, #1852, .T. ) ;
#1170 = CARTESIAN_POINT ( 'NONE',  ( 0.000000000000000000, 0.000000000000000000, 0.000000000000000000 ) ) ;
#1171 = ORIENTED_EDGE ( 'NONE', *, *, #1457, .T. ) ;
#1172 = ORIENTED_EDGE ( 'NONE', *, *, #891, .F. ) ;
#1173 = DIRECTION ( 'NONE',  ( -1.000000000000000000, 0.000000000000000000, 0.000000000000000000 ) ) ;
#1174 = AXIS2_PLACEMENT_3D ( 'NONE', #1046, #1779, #2142 ) ;
#1175 = VERTEX_POINT ( 'NONE', #1019 ) ;
#1176 = DIRECTION ( 'NONE',  ( 0.7071067811865482389, 0.000000000000000000, -0.7071067811865469066 ) ) ;
#1177 = CARTESIAN_POINT ( 'NONE',  ( -15.00000000000000000, -1.892425610156521076E-14, 3.161522368914969849 ) ) ;
#1178 = CARTESIAN_POINT ( 'NONE',  ( -6.499999999999992895, -23.24417715778971072, 0.2743286768061691805 ) ) ;
#1179 = EDGE_LOOP ( 'NONE', ( #1297, #1494, #1300, #822, #1492 ) ) ;
#1180 = CARTESIAN_POINT ( 'NONE',  ( -6.499999999999992006, -29.00000000000000000, 3.000000000000002665 ) ) ;
#1181 = DIRECTION ( 'NONE',  ( 0.000000000000000000, -1.000000000000000000, 0.000000000000000000 ) ) ;
#1182 = DIRECTION ( 'NONE',  ( -1.000000000000000000, 0.000000000000000000, 0.000000000000000000 ) ) ;
#1183 = AXIS2_PLACEMENT_3D ( 'NONE', #1651, #363, #371 ) ;
#1184 = DIRECTION ( 'NONE',  ( -0.000000000000000000, -0.000000000000000000, -1.000000000000000000 ) ) ;
#1185 = PLANE ( 'NONE',  #2260 ) ;
#1186 = FACE_OUTER_BOUND ( 'NONE', #900, .T. ) ;
#1187 = PLANE ( 'NONE',  #1154 ) ;
#1188 = DIRECTION ( 'NONE',  ( -0.000000000000000000, -0.000000000000000000, -1.000000000000000000 ) ) ;
#1189 = FACE_OUTER_BOUND ( 'NONE', #1913, .T. ) ;
#1190 = CARTESIAN_POINT ( 'NONE',  ( 13.74772708486751327, -5.999999999999987566, -4.650983458808083171 ) ) ;
#1191 = EDGE_CURVE ( 'NONE', #2246, #1831, #156, .T. ) ;
#1192 = CARTESIAN_POINT ( 'NONE',  ( -6.499999999999992006, -26.48492424049176819, 3.515075759508255349 ) ) ;
#1193 = LINE ( 'NONE', #1219, #673 ) ;
#1194 = ORIENTED_EDGE ( 'NONE', *, *, #123, .F. ) ;
#1195 = ORIENTED_EDGE ( 'NONE', *, *, #2052, .F. ) ;
#1196 = DIRECTION ( 'NONE',  ( -1.000000000000000000, 0.000000000000000000, 0.000000000000000000 ) ) ;
#1197 = AXIS2_PLACEMENT_3D ( 'NONE', #2094, #597, #1736 ) ;
#1198 = DIRECTION ( 'NONE',  ( -0.000000000000000000, -0.000000000000000000, 1.000000000000000000 ) ) ;
#1199 = CARTESIAN_POINT ( 'NONE',  ( -18.00000000000000000, -2.204364238465235428E-15, -37.00000000000000000 ) ) ;
#1200 = EDGE_LOOP ( 'NONE', ( #2077, #2110, #191, #2166 ) ) ;
#1201 = VERTEX_POINT ( 'NONE', #1192 ) ;
#1202 = ORIENTED_EDGE ( 'NONE', *, *, #760, .F. ) ;
#1203 = DIRECTION ( 'NONE',  ( -0.7071067811865469066, 0.000000000000000000, 0.7071067811865482389 ) ) ;
#1204 = VERTEX_POINT ( 'NONE', #1742 ) ;
#1205 = EDGE_CURVE ( 'NONE', #1292, #2134, #1952, .T. ) ;
#1206 = CARTESIAN_POINT ( 'NONE',  ( 18.00000000000001066, 4.136584743786618915E-15, -12.00000000000000000 ) ) ;
#1207 = DIRECTION ( 'NONE',  ( 0.7071067811865507924, 8.659560562354972301E-17, -0.7071067811865442421 ) ) ;
#1208 = CARTESIAN_POINT ( 'NONE',  ( 2.673645834770027993E-30, -5.170730929733269700E-15, -19.00000000000011013 ) ) ;
#1209 = EDGE_CURVE ( 'NONE', #1237, #1581, #353, .T. ) ;
#1210 = LINE ( 'NONE', #703, #1561 ) ;
#1211 = MANIFOLD_SOLID_BREP ( '倒角6', #894 ) ;
#1212 = DIRECTION ( 'NONE',  ( -1.000000000000000000, 0.000000000000000000, 0.000000000000000000 ) ) ;
#1213 = CARTESIAN_POINT ( 'NONE',  ( -6.499999999999990230, -13.51850583459578026, 10.00000000000000000 ) ) ;
#1214 = ORIENTED_EDGE ( 'NONE', *, *, #1004, .T. ) ;
#1215 = ORIENTED_EDGE ( 'NONE', *, *, #653, .T. ) ;
#1216 = LINE ( 'NONE', #905, #794 ) ;
#1217 = LINE ( 'NONE', #120, #571 ) ;
#1218 = AXIS2_PLACEMENT_3D ( 'NONE', #1400, #2117, #481 ) ;
#1219 = CARTESIAN_POINT ( 'NONE',  ( -15.00000000000000000, -1.892425610156521076E-14, 3.161522368914969849 ) ) ;
#1220 = DIRECTION ( 'NONE',  ( 1.000000000000000000, 0.000000000000000000, -0.000000000000000000 ) ) ;
#1221 = CYLINDRICAL_SURFACE ( 'NONE', #1549, 1.300000000000000711 ) ;
#1222 = ADVANCED_FACE ( 'NONE', ( #1079 ), #1005, .F. ) ;
#1223 = CARTESIAN_POINT ( 'NONE',  ( 14.99999999999999822, 0.000000000000000000, -33.99999999999998579 ) ) ;
#1224 = EDGE_LOOP ( 'NONE', ( #2200, #929, #1491, #246, #1484 ) ) ;
#1225 = LINE ( 'NONE', #466, #610 ) ;
#1226 = EDGE_LOOP ( 'NONE', ( #2164, #2317, #95, #1574 ) ) ;
#1227 = EDGE_CURVE ( 'NONE', #793, #419, #1982, .T. ) ;
#1228 = CARTESIAN_POINT ( 'NONE',  ( -13.69999999999999929, -1.728415390609622549E-14, 5.000000000000003553 ) ) ;
#1229 = ORIENTED_EDGE ( 'NONE', *, *, #541, .F. ) ;
#1230 = VERTEX_POINT ( 'NONE', #1555 ) ;
#1231 = AXIS2_PLACEMENT_3D ( 'NONE', #1579, #458, #680 ) ;
#1232 = CARTESIAN_POINT ( 'NONE',  ( -14.99999999999993250, -54.00000000000002842, 3.161522368914969849 ) ) ;
#1233 = ORIENTED_EDGE ( 'NONE', *, *, #741, .F. ) ;
#1234 = DIRECTION ( 'NONE',  ( -1.120514245875125521E-16, 1.000000000000000000, 0.000000000000000000 ) ) ;
#1235 = MECHANICAL_DESIGN_GEOMETRIC_PRESENTATION_REPRESENTATION (  '', ( #1115 ), #645 ) ;
#1236 = ADVANCED_FACE ( 'NONE', ( #1545 ), #799, .T. ) ;
#1237 = VERTEX_POINT ( 'NONE', #851 ) ;
#1238 =( GEOMETRIC_REPRESENTATION_CONTEXT ( 3 ) GLOBAL_UNCERTAINTY_ASSIGNED_CONTEXT ( ( #1499 ) ) GLOBAL_UNIT_ASSIGNED_CONTEXT ( ( #2171, #300, #918 ) ) REPRESENTATION_CONTEXT ( 'NONE', 'WORKASPACE' ) );
#1239 = CARTESIAN_POINT ( 'NONE',  ( 6.500000000000007105, -26.00000000000000000, 10.00000000000000000 ) ) ;
#1240 = CARTESIAN_POINT ( 'NONE',  ( -14.99999999999999289, -5.999999999999998224, 5.000000000000003553 ) ) ;
#1241 = CARTESIAN_POINT ( 'NONE',  ( 10.00000000000000178, 0.000000000000000000, -44.49999999999999289 ) ) ;
#1242 = DIRECTION ( 'NONE',  ( 1.000000000000000000, -1.651402644157005182E-15, -0.000000000000000000 ) ) ;
#1243 = EDGE_CURVE ( 'NONE', #688, #2197, #2099, .T. ) ;
#1244 = DIRECTION ( 'NONE',  ( 1.651402644157012873E-16, 1.000000000000000000, -0.000000000000000000 ) ) ;
#1245 = DIRECTION ( 'NONE',  ( -0.7071067811865441310, 0.000000000000000000, 0.7071067811865507924 ) ) ;
#1246 = AXIS2_PLACEMENT_3D ( 'NONE', #522, #925, #146 ) ;
#1247 = CARTESIAN_POINT ( 'NONE',  ( -14.99999999999993250, -54.00000000000002842, 5.000000000000003553 ) ) ;
#1248 = ORIENTED_EDGE ( 'NONE', *, *, #884, .T. ) ;
#1249 = DIRECTION ( 'NONE',  ( -0.000000000000000000, -0.000000000000000000, 1.000000000000000000 ) ) ;
#1250 = ORIENTED_EDGE ( 'NONE', *, *, #2374, .F. ) ;
#1251 = VECTOR ( 'NONE', #564, 1000.000000000000000 ) ;
#1252 = VECTOR ( 'NONE', #1203, 999.9999999999998863 ) ;
#1253 = EDGE_CURVE ( 'NONE', #2145, #581, #1766, .T. ) ;
#1254 = DIRECTION ( 'NONE',  ( -7.923232216744307208E-17, 0.7071067811865466846, 0.7071067811865483499 ) ) ;
#1255 = LINE ( 'NONE', #138, #641 ) ;
#1256 = VERTEX_POINT ( 'NONE', #1419 ) ;
#1257 = CIRCLE ( 'NONE', #1246, 1.300000000000002487 ) ;
#1258 = ORIENTED_EDGE ( 'NONE', *, *, #36, .T. ) ;
#1259 = FACE_OUTER_BOUND ( 'NONE', #223, .T. ) ;
#1260 = CARTESIAN_POINT ( 'NONE',  ( 6.500000000000007105, -26.48492424049176819, 3.515075759508251796 ) ) ;
#1261 = EDGE_CURVE ( 'NONE', #611, #955, #118, .T. ) ;
#1262 = CARTESIAN_POINT ( 'NONE',  ( -13.74772708486751860, -6.000000000000001776, 10.00000000000000000 ) ) ;
#1263 = EDGE_LOOP ( 'NONE', ( #654, #38 ) ) ;
#1264 = DIRECTION ( 'NONE',  ( 0.000000000000000000, 0.000000000000000000, -1.000000000000000000 ) ) ;
#1265 = EDGE_LOOP ( 'NONE', ( #2233, #205, #1010, #1073, #864 ) ) ;
#1266 = ORIENTED_EDGE ( 'NONE', *, *, #1424, .T. ) ;
#1267 = DIRECTION ( 'NONE',  ( 0.000000000000000000, 0.000000000000000000, -1.000000000000000000 ) ) ;
#1268 = EDGE_LOOP ( 'NONE', ( #169, #1214, #1991, #1233 ) ) ;
#1269 = VERTEX_POINT ( 'NONE', #1397 ) ;
#1270 = CARTESIAN_POINT ( 'NONE',  ( -18.00000000000000000, -2.204364238465235428E-15, -37.00000000000000000 ) ) ;
#1271 = ADVANCED_FACE ( 'NONE', ( #1111 ), #1949, .F. ) ;
#1272 = ORIENTED_EDGE ( 'NONE', *, *, #1508, .F. ) ;
#1273 = CARTESIAN_POINT ( 'NONE',  ( 13.69999999999999751, 1.728415390609622233E-14, -5.000000000000000000 ) ) ;
#1274 = DIRECTION ( 'NONE',  ( 0.000000000000000000, -1.000000000000000000, 0.000000000000000000 ) ) ;
#1275 = AXIS2_PLACEMENT_3D ( 'NONE', #1589, #875, #2328 ) ;
#1276 = CARTESIAN_POINT ( 'NONE',  ( -13.69999999999993179, -54.00000000000002842, 5.000000000000003553 ) ) ;
#1277 = CARTESIAN_POINT ( 'NONE',  ( 13.71904312910496238, -6.065723199256315645, 5.246098379268620882 ) ) ;
#1278 = DIRECTION ( 'NONE',  ( 0.000000000000000000, 0.000000000000000000, -1.000000000000000000 ) ) ;
#1279 = ADVANCED_FACE ( 'NONE', ( #1049 ), #1940, .F. ) ;
#1280 = EDGE_CURVE ( 'NONE', #140, #22, #2363, .T. ) ;
#1281 = DIRECTION ( 'NONE',  ( 0.000000000000000000, -1.000000000000000000, 0.000000000000000000 ) ) ;
#1282 = DIRECTION ( 'NONE',  ( -1.261617073437680809E-15, 1.000000000000000000, 0.000000000000000000 ) ) ;
#1283 = CIRCLE ( 'NONE', #2093, 1.300000000000002487 ) ;
#1284 = VECTOR ( 'NONE', #307, 1000.000000000000000 ) ;
#1285 = CARTESIAN_POINT ( 'NONE',  ( 15.00000000000001421, -11.99999999999998046, -6.838477631085035036 ) ) ;
#1286 = VECTOR ( 'NONE', #2368, 1000.000000000000000 ) ;
#1287 = VERTEX_POINT ( 'NONE', #168 ) ;
#1288 = EDGE_CURVE ( 'NONE', #830, #543, #1684, .T. ) ;
#1289 = CARTESIAN_POINT ( 'NONE',  ( 19.00000000000000355, 4.653657836759941941E-15, -11.00000000000000533 ) ) ;
#1290 = DIRECTION ( 'NONE',  ( 0.7071067811865492381, 8.659560562354955045E-17, -0.7071067811865457964 ) ) ;
#1291 = FACE_OUTER_BOUND ( 'NONE', #1493, .T. ) ;
#1292 = VERTEX_POINT ( 'NONE', #92 ) ;
#1293 = FACE_BOUND ( 'NONE', #1734, .T. ) ;
#1294 = ADVANCED_FACE ( 'NONE', ( #1346 ), #1068, .F. ) ;
#1295 = ORIENTED_EDGE ( 'NONE', *, *, #2261, .F. ) ;
#1296 = ORIENTED_EDGE ( 'NONE', *, *, #1498, .T. ) ;
#1297 = ORIENTED_EDGE ( 'NONE', *, *, #203, .F. ) ;
#1298 = EDGE_CURVE ( 'NONE', #1856, #1663, #603, .T. ) ;
#1299 = DIRECTION ( 'NONE',  ( -1.000000000000000000, 1.334402673828312452E-15, 0.000000000000000000 ) ) ;
#1300 = ORIENTED_EDGE ( 'NONE', *, *, #174, .F. ) ;
#1301 = PLANE ( 'NONE',  #380 ) ;
#1302 = ORIENTED_EDGE ( 'NONE', *, *, #222, .T. ) ;
#1303 = ORIENTED_EDGE ( 'NONE', *, *, #615, .F. ) ;
#1304 = ADVANCED_FACE ( 'NONE', ( #409 ), #881, .F. ) ;
#1305 = AXIS2_PLACEMENT_3D ( 'NONE', #2366, #742, #542 ) ;
#1306 = CARTESIAN_POINT ( 'NONE',  ( -14.99999999999998401, -12.00000000000001954, -6.838477631085035036 ) ) ;
#1307 = FACE_BOUND ( 'NONE', #2064, .T. ) ;
#1308 = LINE ( 'NONE', #1395, #1129 ) ;
#1309 = EDGE_CURVE ( 'NONE', #830, #2262, #209, .T. ) ;
#1310 = VECTOR ( 'NONE', #1978, 1000.000000000000000 ) ;
#1311 = CARTESIAN_POINT ( 'NONE',  ( 18.00000000000001066, 4.136584743786618126E-15, -12.00000000000000000 ) ) ;
#1312 = CARTESIAN_POINT ( 'NONE',  ( 6.500000000000007105, -29.00000000000000000, 10.00000000000000000 ) ) ;
#1313 = CARTESIAN_POINT ( 'NONE',  ( 15.00000000000000711, -5.999999999999991118, 5.000000000000000000 ) ) ;
#1314 = ORIENTED_EDGE ( 'NONE', *, *, #1733, .T. ) ;
#1315 = LINE ( 'NONE', #37, #117 ) ;
#1316 = CARTESIAN_POINT ( 'NONE',  ( -8.580761184457458057, -6.000000000000002665, -0.4192388155424397467 ) ) ;
#1317 = VECTOR ( 'NONE', #226, 1000.000000000000000 ) ;
#1318 = ADVANCED_FACE ( 'NONE', ( #740 ), #2126, .F. ) ;
#1319 = CIRCLE ( 'NONE', #443, 0.8000000000000020428 ) ;
#1320 = CARTESIAN_POINT ( 'NONE',  ( 15.00000000000000000, 1.892425610156521076E-14, -6.838477631085035036 ) ) ;
#1321 = ORIENTED_EDGE ( 'NONE', *, *, #1863, .F. ) ;
#1322 = AXIS2_PLACEMENT_3D ( 'NONE', #1701, #2051, #1337 ) ;
#1323 = LINE ( 'NONE', #1078, #1984 ) ;
#1324 = DIRECTION ( 'NONE',  ( -1.000000000000000000, 0.000000000000000000, 0.000000000000000000 ) ) ;
#1325 = DIRECTION ( 'NONE',  ( 0.000000000000000000, 0.000000000000000000, -1.000000000000000000 ) ) ;
#1326 = DIRECTION ( 'NONE',  ( -0.7071067811865432429, 0.5000000000000058842, -0.5000000000000002220 ) ) ;
#1327 = EDGE_LOOP ( 'NONE', ( #1148, #1778, #678, #1332 ) ) ;
#1328 = ORIENTED_EDGE ( 'NONE', *, *, #2105, .T. ) ;
#1329 = DIRECTION ( 'NONE',  ( -0.7071067811865441310, 1.167718008152813297E-16, -0.7071067811865507924 ) ) ;
#1330 = VERTEX_POINT ( 'NONE', #2019 ) ;
#1331 = ORIENTED_EDGE ( 'NONE', *, *, #1793, .T. ) ;
#1332 = ORIENTED_EDGE ( 'NONE', *, *, #879, .F. ) ;
#1333 = ORIENTED_EDGE ( 'NONE', *, *, #2146, .F. ) ;
#1334 = DIRECTION ( 'NONE',  ( 0.000000000000000000, 0.000000000000000000, -1.000000000000000000 ) ) ;
#1335 = EDGE_CURVE ( 'NONE', #2106, #776, #292, .T. ) ;
#1336 = DIRECTION ( 'NONE',  ( -1.261617073437680612E-15, 1.000000000000000000, -0.000000000000000000 ) ) ;
#1337 = DIRECTION ( 'NONE',  ( -1.000000000000000000, -1.334402673828312452E-15, 0.000000000000000000 ) ) ;
#1338 = EDGE_CURVE ( 'NONE', #2291, #253, #1255, .T. ) ;
#1339 = EDGE_CURVE ( 'NONE', #1032, #1330, #2188, .T. ) ;
#1340 = EDGE_LOOP ( 'NONE', ( #853, #535, #1827, #524 ) ) ;
#1341 = CIRCLE ( 'NONE', #1902, 1.300000000000002487 ) ;
#1342 = FACE_OUTER_BOUND ( 'NONE', #2379, .T. ) ;
#1343 = PRODUCT_DEFINITION_SHAPE ( 'NONE', 'NONE',  #40 ) ;
#1344 = DIRECTION ( 'NONE',  ( -1.261617073437680809E-15, 1.000000000000000000, -0.000000000000000000 ) ) ;
#1345 = DIRECTION ( 'NONE',  ( 1.000000000000000000, 0.000000000000000000, 0.000000000000000000 ) ) ;
#1346 = FACE_OUTER_BOUND ( 'NONE', #1327, .T. ) ;
#1347 = CARTESIAN_POINT ( 'NONE',  ( -13.69999999999980389, -6.108191221630608680, -4.999999999999558575 ) ) ;
#1348 = ORIENTED_EDGE ( 'NONE', *, *, #2250, .T. ) ;
#1349 = VECTOR ( 'NONE', #1710, 999.9999999999998863 ) ;
#1350 = EDGE_LOOP ( 'NONE', ( #1333, #1788, #1576, #508 ) ) ;
#1351 = ORIENTED_EDGE ( 'NONE', *, *, #2227, .F. ) ;
#1352 = AXIS2_PLACEMENT_3D ( 'NONE', #852, #1412, #2301 ) ;
#1353 = EDGE_LOOP ( 'NONE', ( #1801, #1359, #473, #2129, #470, #552 ) ) ;
#1354 = VERTEX_POINT ( 'NONE', #1483 ) ;
#1355 = CARTESIAN_POINT ( 'NONE',  ( 20.41923881554250286, -5.999999999999999112, 8.580761184457514901 ) ) ;
#1356 = CARTESIAN_POINT ( 'NONE',  ( 18.00000000000000000, -2.204364238465235428E-15, -37.00000000000000000 ) ) ;
#1357 = ORIENTED_EDGE ( 'NONE', *, *, #1920, .T. ) ;
#1358 = DIRECTION ( 'NONE',  ( -1.261617073437680809E-15, 1.000000000000000000, -0.000000000000000000 ) ) ;
#1359 = ORIENTED_EDGE ( 'NONE', *, *, #1261, .T. ) ;
#1360 = DIRECTION ( 'NONE',  ( -1.000000000000000000, 0.000000000000000000, 0.000000000000000000 ) ) ;
#1361 = ORIENTED_EDGE ( 'NONE', *, *, #1191, .T. ) ;
#1362 = CARTESIAN_POINT ( 'NONE',  ( -15.00000000000000000, 0.000000000000000000, -33.99999999999998579 ) ) ;
#1363 = CARTESIAN_POINT ( 'NONE',  ( 16.30000000000006821, -53.99999999999998579, 5.000000000000000000 ) ) ;
#1364 = AXIS2_PLACEMENT_3D ( 'NONE', #1609, #303, #2125 ) ;
#1365 = DIRECTION ( 'NONE',  ( 1.000000000000000000, 1.261617073437680020E-15, 0.000000000000000000 ) ) ;
#1366 = AXIS2_PLACEMENT_3D ( 'NONE', #1728, #2259, #1173 ) ;
#1367 = DIRECTION ( 'NONE',  ( 1.120514245875125521E-16, -1.000000000000000000, 0.000000000000000000 ) ) ;
#1368 = DIRECTION ( 'NONE',  ( -1.000000000000000000, 0.000000000000000000, -0.000000000000000000 ) ) ;
#1369 = DIRECTION ( 'NONE',  ( 0.000000000000000000, 1.000000000000000000, 0.000000000000000000 ) ) ;
#1370 = FACE_OUTER_BOUND ( 'NONE', #1226, .T. ) ;
#1371 = EDGE_CURVE ( 'NONE', #954, #2198, #548, .T. ) ;
#1372 = VECTOR ( 'NONE', #2140, 1000.000000000000000 ) ;
#1373 = LINE ( 'NONE', #1880, #1317 ) ;
#1374 = DIRECTION ( 'NONE',  ( 1.000000000000000000, 0.000000000000000000, 0.000000000000000000 ) ) ;
#1375 = LINE ( 'NONE', #1564, #669 ) ;
#1376 = CARTESIAN_POINT ( 'NONE',  ( 13.74772708486751327, -5.999999999999992006, 10.00000000000000000 ) ) ;
#1377 = DIRECTION ( 'NONE',  ( 1.651402644157012873E-16, 1.000000000000000000, -0.000000000000000000 ) ) ;
#1378 = CYLINDRICAL_SURFACE ( 'NONE', #2255, 1.300000000000000711 ) ;
#1379 = DIRECTION ( 'NONE',  ( -0.000000000000000000, -0.000000000000000000, 1.000000000000000000 ) ) ;
#1380 = EDGE_LOOP ( 'NONE', ( #2270, #809, #583, #2122, #952 ) ) ;
#1381 = ORIENTED_EDGE ( 'NONE', *, *, #1852, .F. ) ;
#1382 = CARTESIAN_POINT ( 'NONE',  ( 19.00000000000000355, -5.999999999999996447, -12.00000000000000000 ) ) ;
#1383 = PRODUCT_DEFINITION_CONTEXT ( 'detailed design', #1646, 'design' ) ;
#1384 = EDGE_LOOP ( 'NONE', ( #1753, #1669, #1055, #937 ) ) ;
#1385 = ORIENTED_EDGE ( 'NONE', *, *, #274, .F. ) ;
#1386 = VERTEX_POINT ( 'NONE', #562 ) ;
#1387 = DIRECTION ( 'NONE',  ( 1.000000000000000000, 0.000000000000000000, 0.000000000000000000 ) ) ;
#1388 = CARTESIAN_POINT ( 'NONE',  ( -14.99999999999993250, -54.00000000000002842, 3.161522368914969849 ) ) ;
#1389 = DIRECTION ( 'NONE',  ( 0.000000000000000000, -0.000000000000000000, 1.000000000000000000 ) ) ;
#1390 = EDGE_CURVE ( 'NONE', #329, #1512, #1029, .T. ) ;
#1391 = LINE ( 'NONE', #1312, #370 ) ;
#1392 = VECTOR ( 'NONE', #2253, 1000.000000000000000 ) ;
#1393 = DIRECTION ( 'NONE',  ( -0.7071067811865439090, 0.000000000000000000, -0.7071067811865512365 ) ) ;
#1394 = FACE_OUTER_BOUND ( 'NONE', #1992, .T. ) ;
#1395 = CARTESIAN_POINT ( 'NONE',  ( 14.08076118445754865, -53.99999999999998579, 4.080761184457493584 ) ) ;
#1396 = DIRECTION ( 'NONE',  ( -0.7071067811865426878, 0.000000000000000000, -0.7071067811865523467 ) ) ;
#1397 = CARTESIAN_POINT ( 'NONE',  ( -18.99999999999999645, -6.000000000000000888, 9.000000000000000000 ) ) ;
#1398 = AXIS2_PLACEMENT_3D ( 'NONE', #2148, #2337, #1245 ) ;
#1399 = ORIENTED_EDGE ( 'NONE', *, *, #1741, .F. ) ;
#1400 = CARTESIAN_POINT ( 'NONE',  ( -9.899494936611684892, -9.899494936611647589, -45.00000000000000000 ) ) ;
#1401 = ORIENTED_EDGE ( 'NONE', *, *, #1648, .F. ) ;
#1402 = LINE ( 'NONE', #1953, #2388 ) ;
#1403 = DIRECTION ( 'NONE',  ( -1.261617073437680612E-15, 1.000000000000000000, -0.000000000000000000 ) ) ;
#1404 = FACE_OUTER_BOUND ( 'NONE', #1961, .T. ) ;
#1405 = PLANE ( 'NONE',  #533 ) ;
#1406 = LINE ( 'NONE', #1285, #1137 ) ;
#1407 = EDGE_CURVE ( 'NONE', #1638, #787, #1716, .T. ) ;
#1408 = DIRECTION ( 'NONE',  ( -1.000000000000000000, 0.000000000000000000, 0.000000000000000000 ) ) ;
#1409 = LINE ( 'NONE', #1355, #977 ) ;
#1410 = CARTESIAN_POINT ( 'NONE',  ( 9.899494936611681339, -9.899494936611649365, -34.99999999999999289 ) ) ;
#1411 = ORIENTED_EDGE ( 'NONE', *, *, #1780, .T. ) ;
#1412 = DIRECTION ( 'NONE',  ( -0.000000000000000000, -0.000000000000000000, 1.000000000000000000 ) ) ;
#1413 = ORIENTED_EDGE ( 'NONE', *, *, #714, .F. ) ;
#1414 = AXIS2_PLACEMENT_3D ( 'NONE', #814, #1017, #637 ) ;
#1415 = DIRECTION ( 'NONE',  ( -0.000000000000000000, -0.000000000000000000, -1.000000000000000000 ) ) ;
#1416 = ORIENTED_EDGE ( 'NONE', *, *, #1424, .F. ) ;
#1417 = ORIENTED_EDGE ( 'NONE', *, *, #836, .T. ) ;
#1418 = EDGE_CURVE ( 'NONE', #1501, #446, #767, .T. ) ;
#1419 = CARTESIAN_POINT ( 'NONE',  ( 19.00000000000000355, -5.999999999999996447, 8.999999999999992895 ) ) ;
#1420 = ADVANCED_FACE ( 'NONE', ( #1929 ), #2041, .F. ) ;
#1421 = PRODUCT_DEFINITION_FORMATION_WITH_SPECIFIED_SOURCE ( '任何', '', #1481, .NOT_KNOWN. ) ;
#1422 = DIRECTION ( 'NONE',  ( -1.261617073437680809E-15, 1.000000000000000000, -0.000000000000000000 ) ) ;
#1423 = CARTESIAN_POINT ( 'NONE',  ( 15.00000000000000888, -5.999999999999989342, -5.000000000000000000 ) ) ;
#1424 = EDGE_CURVE ( 'NONE', #735, #2145, #1842, .T. ) ;
#1425 = ORIENTED_EDGE ( 'NONE', *, *, #2025, .T. ) ;
#1426 = VECTOR ( 'NONE', #1565, 1000.000000000000000 ) ;
#1427 = PLANE ( 'NONE',  #2109 ) ;
#1428 = CARTESIAN_POINT ( 'NONE',  ( 19.00000000000000355, 4.653657836759941941E-15, 10.00000000000000000 ) ) ;
#1429 = CARTESIAN_POINT ( 'NONE',  ( -47.49999999999999289, -23.86862915010153685, 3.868629150101529302 ) ) ;
#1430 = FACE_BOUND ( 'NONE', #42, .T. ) ;
#1431 = DIRECTION ( 'NONE',  ( -0.7071067811865439090, 1.167718008152813051E-16, -0.7071067811865512365 ) ) ;
#1432 = ORIENTED_EDGE ( 'NONE', *, *, #333, .F. ) ;
#1433 = FACE_OUTER_BOUND ( 'NONE', #1087, .T. ) ;
#1434 = CIRCLE ( 'NONE', #859, 1.300000000000000711 ) ;
#1435 = AXIS2_PLACEMENT_3D ( 'NONE', #1932, #2323, #1393 ) ;
#1436 = CONICAL_SURFACE ( 'NONE', #511, 1.600000000000002531, 0.7853981633974428389 ) ;
#1437 = VECTOR ( 'NONE', #621, 1000.000000000000000 ) ;
#1438 = CARTESIAN_POINT ( 'NONE',  ( 0.000000000000000000, -25.99999999999998579, 0.000000000000000000 ) ) ;
#1439 = CARTESIAN_POINT ( 'NONE',  ( 17.99999999999999289, -5.999999999999994671, 10.00000000000000533 ) ) ;
#1440 = CYLINDRICAL_SURFACE ( 'NONE', #2330, 1.300000000000000711 ) ;
#1441 = CYLINDRICAL_SURFACE ( 'NONE', #260, 1.300000000000000711 ) ;
#1442 = ORIENTED_EDGE ( 'NONE', *, *, #966, .F. ) ;
#1443 = DIRECTION ( 'NONE',  ( 0.000000000000000000, 0.000000000000000000, -1.000000000000000000 ) ) ;
#1444 = LINE ( 'NONE', #2133, #1168 ) ;
#1445 = EDGE_CURVE ( 'NONE', #1512, #868, #1629, .T. ) ;
#1446 = DIRECTION ( 'NONE',  ( -1.261617073437680809E-15, 1.000000000000000000, -0.000000000000000000 ) ) ;
#1447 = ADVANCED_FACE ( 'NONE', ( #975 ), #2015, .F. ) ;
#1448 = ORIENTED_EDGE ( 'NONE', *, *, #1911, .F. ) ;
#1449 = ORIENTED_EDGE ( 'NONE', *, *, #1733, .F. ) ;
#1450 = ORIENTED_EDGE ( 'NONE', *, *, #962, .F. ) ;
#1451 = DIRECTION ( 'NONE',  ( -1.000000000000000000, -1.334402673828312452E-15, 0.000000000000000000 ) ) ;
#1452 = VERTEX_POINT ( 'NONE', #972 ) ;
#1453 = DIRECTION ( 'NONE',  ( 0.000000000000000000, -1.000000000000000000, 0.000000000000000000 ) ) ;
#1454 = CARTESIAN_POINT ( 'NONE',  ( -13.69999999999997264, -6.108191221630217882, 4.999999999999952038 ) ) ;
#1455 = DIRECTION ( 'NONE',  ( -1.261617073437680612E-15, 1.000000000000000000, -0.000000000000000000 ) ) ;
#1456 = DIRECTION ( 'NONE',  ( -1.000000000000000000, 1.651402644157012873E-16, 0.000000000000000000 ) ) ;
#1457 = EDGE_CURVE ( 'NONE', #1820, #1663, #465, .T. ) ;
#1458 = CARTESIAN_POINT ( 'NONE',  ( 6.500000000000007105, -26.00000000000000000, 10.00000000000000000 ) ) ;
#1459 = ORIENTED_EDGE ( 'NONE', *, *, #1691, .T. ) ;
#1460 = DIRECTION ( 'NONE',  ( -1.000000000000000000, 0.000000000000000000, 0.000000000000000000 ) ) ;
#1461 = VECTOR ( 'NONE', #2312, 999.9999999999998863 ) ;
#1462 = LINE ( 'NONE', #2120, #1899 ) ;
#1463 = EDGE_CURVE ( 'NONE', #2314, #1237, #289, .T. ) ;
#1464 = CARTESIAN_POINT ( 'NONE',  ( -5.999999999999991118, -23.86862915010151909, 3.868629150101529302 ) ) ;
#1465 = DIRECTION ( 'NONE',  ( -0.7071067811865416886, -0.5000000000000067724, -0.5000000000000014433 ) ) ;
#1466 = VECTOR ( 'NONE', #1873, 1000.000000000000000 ) ;
#1467 = B_SPLINE_CURVE_WITH_KNOTS ( 'NONE', 3,
 ( #724, #1090, #888, #1472 ),
 .UNSPECIFIED., .F., .F.,
 ( 4, 4 ),
 ( 0.000000000000000000, 0.0003736505989817624123 ),
 .UNSPECIFIED. ) ;
#1468 = CARTESIAN_POINT ( 'NONE',  ( -1.915274570518709307, -25.00000000000003197, 8.513932401145744677 ) ) ;
#1469 = ADVANCED_FACE ( 'NONE', ( #795 ), #1026, .F. ) ;
#1470 = VECTOR ( 'NONE', #1157, 1000.000000000000227 ) ;
#1471 = EDGE_CURVE ( 'NONE', #717, #310, #1708, .T. ) ;
#1472 = CARTESIAN_POINT ( 'NONE',  ( 13.69999999999998863, -6.108191221630185908, 5.000000000000051514 ) ) ;
#1473 = VERTEX_POINT ( 'NONE', #988 ) ;
#1474 = CARTESIAN_POINT ( 'NONE',  ( 13.58076118445746694, -5.999999999999987566, 4.580761184457519342 ) ) ;
#1475 = VERTEX_POINT ( 'NONE', #586 ) ;
#1476 = EDGE_LOOP ( 'NONE', ( #2373, #1571, #835, #1144, #2053 ) ) ;
#1477 = DIRECTION ( 'NONE',  ( 1.651402644157005379E-15, 1.000000000000000000, -0.000000000000000000 ) ) ;
#1478 = ADVANCED_FACE ( 'NONE', ( #378 ), #237, .F. ) ;
#1479 = AXIS2_PLACEMENT_3D ( 'NONE', #729, #931, #2008 ) ;
#1480 = ORIENTED_EDGE ( 'NONE', *, *, #2009, .T. ) ;
#1481 = PRODUCT ( '轨道连杆连接端', '轨道连杆连接端', '', ( #930 ) ) ;
#1482 = CARTESIAN_POINT ( 'NONE',  ( -14.99999999999998401, -12.00000000000001954, -5.000000000000000000 ) ) ;
#1483 = CARTESIAN_POINT ( 'NONE',  ( -18.99999999999999645, -6.000000000000000888, -11.00000000000001066 ) ) ;
#1484 = ORIENTED_EDGE ( 'NONE', *, *, #1969, .T. ) ;
#1485 = LINE ( 'NONE', #341, #998 ) ;
#1486 = VECTOR ( 'NONE', #2199, 1000.000000000000000 ) ;
#1487 = AXIS2_PLACEMENT_3D ( 'NONE', #1015, #996, #1360 ) ;
#1488 = CIRCLE ( 'NONE', #2206, 1.300000000000002487 ) ;
#1489 = FACE_OUTER_BOUND ( 'NONE', #52, .T. ) ;
#1490 = LINE ( 'NONE', #528, #893 ) ;
#1491 = ORIENTED_EDGE ( 'NONE', *, *, #1498, .F. ) ;
#1492 = ORIENTED_EDGE ( 'NONE', *, *, #1209, .T. ) ;
#1493 = EDGE_LOOP ( 'NONE', ( #346, #1348, #968, #77, #808, #180, #1804, #672, #863, #1550, #190, #523 ) ) ;
#1494 = ORIENTED_EDGE ( 'NONE', *, *, #1039, .F. ) ;
#1495 = ADVANCED_FACE ( 'NONE', ( #2389 ), #995, .F. ) ;
#1496 = CARTESIAN_POINT ( 'NONE',  ( -6.499999999999992895, -23.51507575950824247, 3.515075759508255349 ) ) ;
#1497 = ORIENTED_EDGE ( 'NONE', *, *, #659, .F. ) ;
#1498 = EDGE_CURVE ( 'NONE', #2145, #210, #201, .T. ) ;
#1499 = UNCERTAINTY_MEASURE_WITH_UNIT (LENGTH_MEASURE( 1.000000000000000082E-05 ), #2171, 'distance_accuracy_value', 'NONE');
#1500 = CARTESIAN_POINT ( 'NONE',  ( 0.000000000000000000, 0.000000000000000000, 10.00000000000000000 ) ) ;
#1501 = VERTEX_POINT ( 'NONE', #1888 ) ;
#1502 = EDGE_CURVE ( 'NONE', #1269, #1354, #2283, .T. ) ;
#1503 = CIRCLE ( 'NONE', #2378, 14.99999999999999645 ) ;
#1504 = DIRECTION ( 'NONE',  ( 1.000000000000000000, -1.651402644157012873E-16, 0.000000000000000000 ) ) ;
#1505 = AXIS2_PLACEMENT_3D ( 'NONE', #1036, #681, #2303 ) ;
#1506 = DIRECTION ( 'NONE',  ( -1.000000000000000000, 0.000000000000000000, 0.000000000000000000 ) ) ;
#1507 = DIRECTION ( 'NONE',  ( 0.000000000000000000, 0.000000000000000000, 1.000000000000000000 ) ) ;
#1508 = EDGE_CURVE ( 'NONE', #543, #830, #439, .T. ) ;
#1509 = CARTESIAN_POINT ( 'NONE',  ( 9.899494936611681339, -9.899494936611649365, -34.99999999999999289 ) ) ;
#1510 = EDGE_CURVE ( 'NONE', #613, #1386, #765, .T. ) ;
#1511 = CARTESIAN_POINT ( 'NONE',  ( 6.500000000000005329, -13.51850583459577493, 10.00000000000000000 ) ) ;
#1512 = VERTEX_POINT ( 'NONE', #833 ) ;
#1513 = ORIENTED_EDGE ( 'NONE', *, *, #1135, .T. ) ;
#1514 = VECTOR ( 'NONE', #279, 1000.000000000000000 ) ;
#1515 = CARTESIAN_POINT ( 'NONE',  ( 13.70000000000000639, -6.108191221630143275, -5.123923237262097530 ) ) ;
#1516 = CIRCLE ( 'NONE', #1016, 14.99999999999999112 ) ;
#1517 = CARTESIAN_POINT ( 'NONE',  ( -13.71923573087805615, -6.065281893154227610, -4.753210564705630858 ) ) ;
#1518 = VERTEX_POINT ( 'NONE', #1756 ) ;
#1519 = AXIS2_PLACEMENT_3D ( 'NONE', #2028, #1138, #19 ) ;
#1520 = LINE ( 'NONE', #1142, #356 ) ;
#1521 = ADVANCED_FACE ( 'NONE', ( #1189 ), #845, .F. ) ;
#1522 = ORIENTED_EDGE ( 'NONE', *, *, #291, .T. ) ;
#1523 = EDGE_LOOP ( 'NONE', ( #85, #67, #598, #1008 ) ) ;
#1524 = DIRECTION ( 'NONE',  ( 1.000000000000000000, 1.261617073437680020E-15, 0.000000000000000000 ) ) ;
#1525 = ORIENTED_EDGE ( 'NONE', *, *, #82, .T. ) ;
#1526 = ORIENTED_EDGE ( 'NONE', *, *, #1502, .T. ) ;
#1527 = EDGE_LOOP ( 'NONE', ( #442, #1194, #9, #2214, #1641 ) ) ;
#1528 = DIRECTION ( 'NONE',  ( -1.261617073437680809E-15, 1.000000000000000000, -0.000000000000000000 ) ) ;
#1529 = EDGE_CURVE ( 'NONE', #941, #124, #885, .T. ) ;
#1530 = ORIENTED_EDGE ( 'NONE', *, *, #1261, .F. ) ;
#1531 = CARTESIAN_POINT ( 'NONE',  ( 13.74772708486751327, -5.999999999999989342, 5.349016541191919494 ) ) ;
#1532 = CARTESIAN_POINT ( 'NONE',  ( 9.899494936611681339, -9.899494936611649365, -34.99999999999999289 ) ) ;
#1533 = AXIS2_PLACEMENT_3D ( 'NONE', #104, #1070, #2321 ) ;
#1534 = ORIENTED_EDGE ( 'NONE', *, *, #1776, .F. ) ;
#1535 = LINE ( 'NONE', #784, #454 ) ;
#1536 = EDGE_CURVE ( 'NONE', #2197, #1452, #2185, .T. ) ;
#1537 = CARTESIAN_POINT ( 'NONE',  ( -10.50000000000001599, 0.000000000000000000, 10.00000000000000000 ) ) ;
#1538 = CARTESIAN_POINT ( 'NONE',  ( -18.99999999999999645, -6.000000000000000888, 10.00000000000000000 ) ) ;
#1539 = EDGE_CURVE ( 'NONE', #1473, #2224, #855, .T. ) ;
#1540 =( LENGTH_UNIT ( ) NAMED_UNIT ( * ) SI_UNIT ( .MILLI., .METRE. ) );
#1541 = ORIENTED_EDGE ( 'NONE', *, *, #165, .T. ) ;
#1542 = LINE ( 'NONE', #491, #1840 ) ;
#1543 = DIRECTION ( 'NONE',  ( -0.7071067811865441310, 1.167718008152807972E-15, -0.7071067811865507924 ) ) ;
#1544 = LINE ( 'NONE', #47, #1251 ) ;
#1545 = FACE_OUTER_BOUND ( 'NONE', #1200, .T. ) ;
#1546 = FACE_OUTER_BOUND ( 'NONE', #84, .T. ) ;
#1547 = FACE_OUTER_BOUND ( 'NONE', #474, .T. ) ;
#1548 = ORIENTED_EDGE ( 'NONE', *, *, #165, .F. ) ;
#1549 = AXIS2_PLACEMENT_3D ( 'NONE', #2151, #1455, #1460 ) ;
#1550 = ORIENTED_EDGE ( 'NONE', *, *, #479, .F. ) ;
#1551 = CARTESIAN_POINT ( 'NONE',  ( -5.999999999999991118, -25.00000000000000355, 5.000000000000000000 ) ) ;
#1552 = DIRECTION ( 'NONE',  ( -7.923232216744275160E-17, 0.7071067811865437980, -0.7071067811865513475 ) ) ;
#1553 = ORIENTED_EDGE ( 'NONE', *, *, #494, .T. ) ;
#1554 = ORIENTED_EDGE ( 'NONE', *, *, #123, .T. ) ;
#1555 = CARTESIAN_POINT ( 'NONE',  ( 16.30000000000000071, 2.056435829703419287E-14, 5.000000000000000000 ) ) ;
#1556 = EDGE_CURVE ( 'NONE', #651, #2075, #89, .T. ) ;
#1557 = DIRECTION ( 'NONE',  ( 0.000000000000000000, 1.000000000000000000, 0.000000000000000000 ) ) ;
#1558 = EDGE_LOOP ( 'NONE', ( #2027, #2205, #2370, #188 ) ) ;
#1559 = DIRECTION ( 'NONE',  ( 1.651402644157012873E-16, 1.000000000000000000, -0.000000000000000000 ) ) ;
#1560 = DIRECTION ( 'NONE',  ( 0.7071067811865475727, 0.000000000000000000, 0.7071067811865475727 ) ) ;
#1561 = VECTOR ( 'NONE', #311, 1000.000000000000000 ) ;
#1562 = AXIS2_PLACEMENT_3D ( 'NONE', #312, #1446, #895 ) ;
#1563 = CARTESIAN_POINT ( 'NONE',  ( -6.499999999999993783, -15.27432867680619566, 11.75582284221039941 ) ) ;
#1564 = CARTESIAN_POINT ( 'NONE',  ( 15.91923881554258635, -53.99999999999998579, 4.080761184457493584 ) ) ;
#1565 = DIRECTION ( 'NONE',  ( -0.000000000000000000, -0.000000000000000000, -1.000000000000000000 ) ) ;
#1566 = ADVANCED_FACE ( 'NONE', ( #1791 ), #2229, .F. ) ;
#1567 = EDGE_CURVE ( 'NONE', #1114, #1879, #1462, .T. ) ;
#1568 = FACE_OUTER_BOUND ( 'NONE', #1224, .T. ) ;
#1569 = LINE ( 'NONE', #394, #2216 ) ;
#1570 = AXIS2_PLACEMENT_3D ( 'NONE', #560, #1344, #27 ) ;
#1571 = ORIENTED_EDGE ( 'NONE', *, *, #105, .F. ) ;
#1572 = DIRECTION ( 'NONE',  ( -1.261617073437680809E-15, 1.000000000000000000, 0.000000000000000000 ) ) ;
#1573 = ORIENTED_EDGE ( 'NONE', *, *, #962, .T. ) ;
#1574 = ORIENTED_EDGE ( 'NONE', *, *, #1930, .F. ) ;
#1575 = EDGE_CURVE ( 'NONE', #1256, #166, #1980, .T. ) ;
#1576 = ORIENTED_EDGE ( 'NONE', *, *, #1536, .F. ) ;
#1577 = LINE ( 'NONE', #1306, #634 ) ;
#1578 = ORIENTED_EDGE ( 'NONE', *, *, #344, .F. ) ;
#1579 = CARTESIAN_POINT ( 'NONE',  ( 0.000000000000000000, -26.00000000000000000, 10.00000000000000000 ) ) ;
#1580 = CARTESIAN_POINT ( 'NONE',  ( 15.00000000000000711, -5.999999999999991118, 3.161522368914966297 ) ) ;
#1581 = VERTEX_POINT ( 'NONE', #1695 ) ;
#1582 = CARTESIAN_POINT ( 'NONE',  ( 18.00000000000000000, -2.204364238465235428E-15, -37.00000000000000000 ) ) ;
#1583 = DIRECTION ( 'NONE',  ( -1.261617073437680809E-15, 1.000000000000000000, -0.000000000000000000 ) ) ;
#1584 = ORIENTED_EDGE ( 'NONE', *, *, #1298, .T. ) ;
#1585 = CARTESIAN_POINT ( 'NONE',  ( 15.00000000000001421, -11.99999999999998046, -5.000000000000000000 ) ) ;
#1586 = DIRECTION ( 'NONE',  ( -1.000000000000000000, 0.000000000000000000, 0.000000000000000000 ) ) ;
#1587 = DIRECTION ( 'NONE',  ( 0.000000000000000000, 1.000000000000000000, 0.000000000000000000 ) ) ;
#1588 = DIRECTION ( 'NONE',  ( 7.923232216744334325E-17, -0.7071067811865491270, 0.7071067811865459074 ) ) ;
#1589 = CARTESIAN_POINT ( 'NONE',  ( 19.00000000000000355, -5.999999999999996447, 10.00000000000000000 ) ) ;
#1590 = AXIS2_PLACEMENT_3D ( 'NONE', #1847, #2217, #2036 ) ;
#1591 = CARTESIAN_POINT ( 'NONE',  ( 6.500000000000006217, -23.51507575950823536, 3.515075759508250908 ) ) ;
#1592 = PLANE ( 'NONE',  #1231 ) ;
#1593 = DIRECTION ( 'NONE',  ( -1.261617073437680612E-15, 1.000000000000000000, -0.000000000000000000 ) ) ;
#1594 = FACE_OUTER_BOUND ( 'NONE', #635, .T. ) ;
#1595 = DIRECTION ( 'NONE',  ( -0.7071067811865439090, 1.167718008152807578E-15, 0.7071067811865512365 ) ) ;
#1596 = CYLINDRICAL_SURFACE ( 'NONE', #83, 1.300000000000000711 ) ;
#1597 = AXIS2_PLACEMENT_3D ( 'NONE', #315, #1981, #1443 ) ;
#1598 = CARTESIAN_POINT ( 'NONE',  ( 0.000000000000000000, 0.000000000000000000, 0.000000000000000000 ) ) ;
#1599 = CONICAL_SURFACE ( 'NONE', #2208, 0.8000000000000020428, 0.7853981633974521648 ) ;
#1600 = CARTESIAN_POINT ( 'NONE',  ( -13.69999999999997264, -6.108191221630217882, 4.999999999999952038 ) ) ;
#1601 = ADVANCED_FACE ( 'NONE', ( #2335 ), #317, .F. ) ;
#1602 = ORIENTED_EDGE ( 'NONE', *, *, #1857, .T. ) ;
#1603 = CARTESIAN_POINT ( 'NONE',  ( 13.70000000000000639, -6.108191221630145940, -5.000000000000000000 ) ) ;
#1604 = CONICAL_SURFACE ( 'NONE', #1653, 1.299999999999999156, 0.7853981633974513876 ) ;
#1605 = ORIENTED_EDGE ( 'NONE', *, *, #1418, .T. ) ;
#1606 = AXIS2_PLACEMENT_3D ( 'NONE', #493, #2326, #878 ) ;
#1607 = EDGE_LOOP ( 'NONE', ( #1854, #550, #807, #1106, #512, #1909 ) ) ;
#1608 = VERTEX_POINT ( 'NONE', #1864 ) ;
#1609 = CARTESIAN_POINT ( 'NONE',  ( -15.00000000000000000, -1.892425610156521076E-14, -5.000000000000000000 ) ) ;
#1610 = CARTESIAN_POINT ( 'NONE',  ( -14.99999999999999112, -6.000000000000001776, -5.000000000000000000 ) ) ;
#1611 = AXIS2_PLACEMENT_3D ( 'NONE', #278, #456, #471 ) ;
#1612 = EDGE_LOOP ( 'NONE', ( #1602, #98, #10, #2062, #1845, #389, #171, #897, #1522, #2320, #1086, #217 ) ) ;
#1613 = CARTESIAN_POINT ( 'NONE',  ( 5.999999999999991118, -26.13137084989848447, 3.868629150101528857 ) ) ;
#1614 = ADVANCED_FACE ( 'NONE', ( #1841 ), #785, .F. ) ;
#1615 = EDGE_CURVE ( 'NONE', #1910, #805, #1373, .T. ) ;
#1616 = PLANE ( 'NONE',  #2238 ) ;
#1617 = DIRECTION ( 'NONE',  ( 0.000000000000000000, 0.000000000000000000, -1.000000000000000000 ) ) ;
#1618 = LINE ( 'NONE', #2017, #17 ) ;
#1619 = CARTESIAN_POINT ( 'NONE',  ( -6.499999999999990230, -13.51850583459578026, 0.000000000000000000 ) ) ;
#1620 = DIRECTION ( 'NONE',  ( -1.000000000000000000, 0.000000000000000000, 0.000000000000000000 ) ) ;
#1621 = EDGE_CURVE ( 'NONE', #735, #419, #2040, .T. ) ;
#1622 = AXIS2_PLACEMENT_3D ( 'NONE', #1705, #204, #1506 ) ;
#1623 = ADVANCED_FACE ( 'NONE', ( #1342 ), #923, .F. ) ;
#1624 = VECTOR ( 'NONE', #1041, 1000.000000000000000 ) ;
#1625 = FACE_OUTER_BOUND ( 'NONE', #1263, .T. ) ;
#1626 = DIRECTION ( 'NONE',  ( 1.000000000000000000, 1.120514245875125521E-16, -0.000000000000000000 ) ) ;
#1627 = EDGE_CURVE ( 'NONE', #35, #1175, #527, .T. ) ;
#1628 = CARTESIAN_POINT ( 'NONE',  ( 5.999999999999991118, -25.00000000000000000, 2.737258300203032402 ) ) ;
#1629 = LINE ( 'NONE', #1698, #1466 ) ;
#1630 = ORIENTED_EDGE ( 'NONE', *, *, #2345, .F. ) ;
#1631 = VECTOR ( 'NONE', #2163, 1000.000000000000000 ) ;
#1632 = VERTEX_POINT ( 'NONE', #2240 ) ;
#1633 = FACE_OUTER_BOUND ( 'NONE', #1713, .T. ) ;
#1634 = VERTEX_POINT ( 'NONE', #1131 ) ;
#1635 = ORIENTED_EDGE ( 'NONE', *, *, #796, .F. ) ;
#1636 = ORIENTED_EDGE ( 'NONE', *, *, #455, .T. ) ;
#1637 = ORIENTED_EDGE ( 'NONE', *, *, #563, .F. ) ;
#1638 = VERTEX_POINT ( 'NONE', #1871 ) ;
#1639 = DIRECTION ( 'NONE',  ( -7.923232216744275160E-17, 0.7071067811865437980, -0.7071067811865513475 ) ) ;
#1640 = VECTOR ( 'NONE', #281, 1000.000000000000000 ) ;
#1641 = ORIENTED_EDGE ( 'NONE', *, *, #1725, .F. ) ;
#1642 = CARTESIAN_POINT ( 'NONE',  ( 19.00000000000000355, 4.653657836759941941E-15, 10.00000000000000000 ) ) ;
#1643 = CARTESIAN_POINT ( 'NONE',  ( -5.999999999999991118, -25.00000000000000355, 2.737258300203032402 ) ) ;
#1644 = CARTESIAN_POINT ( 'NONE',  ( 10.00000000000000178, 0.000000000000000000, 10.00000000000000000 ) ) ;
#1645 = ORIENTED_EDGE ( 'NONE', *, *, #420, .T. ) ;
#1646 = APPLICATION_CONTEXT ( 'automotive_design' ) ;
#1647 = FACE_OUTER_BOUND ( 'NONE', #411, .T. ) ;
#1648 = EDGE_CURVE ( 'NONE', #1833, #1848, #1516, .T. ) ;
#1649 = CARTESIAN_POINT ( 'NONE',  ( -13.58076118445745628, -6.000000000000001776, 4.580761184457517565 ) ) ;
#1650 = DIRECTION ( 'NONE',  ( 1.000000000000000000, 3.939108803222883483E-16, -0.000000000000000000 ) ) ;
#1651 = CARTESIAN_POINT ( 'NONE',  ( 15.00000000000000711, -5.999999999999991118, 5.000000000000000000 ) ) ;
#1652 = ADVANCED_FACE ( 'NONE', ( #1869 ), #639, .F. ) ;
#1653 = AXIS2_PLACEMENT_3D ( 'NONE', #122, #2144, #2136 ) ;
#1654 = VECTOR ( 'NONE', #596, 1000.000000000000114 ) ;
#1655 = VECTOR ( 'NONE', #1760, 1000.000000000000000 ) ;
#1656 = EDGE_CURVE ( 'NONE', #1354, #712, #1569, .T. ) ;
#1657 = DIRECTION ( 'NONE',  ( -1.261617073437680809E-15, 1.000000000000000000, -0.000000000000000000 ) ) ;
#1658 = PRESENTATION_STYLE_ASSIGNMENT (( #616 ) ) ;
#1659 = VECTOR ( 'NONE', #1109, 1000.000000000000000 ) ;
#1660 = EDGE_CURVE ( 'NONE', #716, #1608, #1737, .T. ) ;
#1661 = VERTEX_POINT ( 'NONE', #199 ) ;
#1662 = LINE ( 'NONE', #182, #1719 ) ;
#1663 = VERTEX_POINT ( 'NONE', #232 ) ;
#1664 = CARTESIAN_POINT ( 'NONE',  ( -47.49999999999999289, -26.13137084989850578, 3.868629150101528857 ) ) ;
#1665 = DIRECTION ( 'NONE',  ( -1.000000000000000000, -0.000000000000000000, -0.000000000000000000 ) ) ;
#1666 = ORIENTED_EDGE ( 'NONE', *, *, #974, .T. ) ;
#1667 = VERTEX_POINT ( 'NONE', #1496 ) ;
#1668 = EDGE_LOOP ( 'NONE', ( #2115, #1908, #2049, #658, #2112, #266, #131, #127, #2080, #1689, #781, #1411 ) ) ;
#1669 = ORIENTED_EDGE ( 'NONE', *, *, #11, .F. ) ;
#1670 = EDGE_CURVE ( 'NONE', #613, #844, #24, .T. ) ;
#1671 = DIRECTION ( 'NONE',  ( -1.000000000000000000, 0.000000000000000000, 0.000000000000000000 ) ) ;
#1672 = AXIS2_PLACEMENT_3D ( 'NONE', #1482, #948, #1990 ) ;
#1673 = CYLINDRICAL_SURFACE ( 'NONE', #1814, 1.299999999999999156 ) ;
#1674 = CARTESIAN_POINT ( 'NONE',  ( 6.500000000000005329, -15.27432867680618678, 11.75582284221039231 ) ) ;
#1675 = ADVANCED_FACE ( 'NONE', ( #1404 ), #408, .F. ) ;
#1676 = UNCERTAINTY_MEASURE_WITH_UNIT (LENGTH_MEASURE( 1.000000000000000082E-05 ), #683, 'distance_accuracy_value', 'NONE');
#1677 = DIRECTION ( 'NONE',  ( 0.000000000000000000, 1.000000000000000000, 0.000000000000000000 ) ) ;
#1678 = EDGE_CURVE ( 'NONE', #2291, #554, #258, .T. ) ;
#1679 = DIRECTION ( 'NONE',  ( -0.000000000000000000, -0.000000000000000000, -1.000000000000000000 ) ) ;
#1680 = CARTESIAN_POINT ( 'NONE',  ( -5.999999999999990230, -26.13137084989848802, 3.868629150101528413 ) ) ;
#1681 = FACE_OUTER_BOUND ( 'NONE', #838, .T. ) ;
#1682 = VECTOR ( 'NONE', #1188, 1000.000000000000000 ) ;
#1683 = CARTESIAN_POINT ( 'NONE',  ( 14.08076118445749003, -5.999999999999988454, -5.919238815542508192 ) ) ;
#1684 = CIRCLE ( 'NONE', #521, 0.8000000000000020428 ) ;
#1685 = CARTESIAN_POINT ( 'NONE',  ( -18.00000000000001066, 0.000000000000000000, -12.00000000000000000 ) ) ;
#1686 = VECTOR ( 'NONE', #1453, 1000.000000000000000 ) ;
#1687 = VERTEX_POINT ( 'NONE', #2069 ) ;
#1688 = FACE_OUTER_BOUND ( 'NONE', #475, .T. ) ;
#1689 = ORIENTED_EDGE ( 'NONE', *, *, #1205, .T. ) ;
#1690 = VERTEX_POINT ( 'NONE', #1199 ) ;
#1691 = EDGE_CURVE ( 'NONE', #1833, #688, #973, .T. ) ;
#1692 = VERTEX_POINT ( 'NONE', #1356 ) ;
#1693 = VERTEX_POINT ( 'NONE', #2266 ) ;
#1694 = EDGE_LOOP ( 'NONE', ( #1215, #1851, #818, #1630 ) ) ;
#1695 = CARTESIAN_POINT ( 'NONE',  ( -13.69999999999999751, -1.728415390609622233E-14, -5.000000000000000000 ) ) ;
#1696 = VERTEX_POINT ( 'NONE', #1537 ) ;
#1697 = AXIS2_PLACEMENT_3D ( 'NONE', #2296, #1198, #1166 ) ;
#1698 = CARTESIAN_POINT ( 'NONE',  ( 8.580761184457466939, -5.999999999999979572, -0.4192388155424345286 ) ) ;
#1699 = ORIENTED_EDGE ( 'NONE', *, *, #630, .T. ) ;
#1700 = ADVANCED_FACE ( 'NONE', ( #702 ), #432, .T. ) ;
#1701 = CARTESIAN_POINT ( 'NONE',  ( 15.00000000000001421, -11.99999999999998046, -5.000000000000000000 ) ) ;
#1702 = EDGE_CURVE ( 'NONE', #954, #1230, #1928, .T. ) ;
#1703 = LINE ( 'NONE', #2387, #540 ) ;
#1704 = DIRECTION ( 'NONE',  ( 0.000000000000000000, 0.000000000000000000, -1.000000000000000000 ) ) ;
#1705 = CARTESIAN_POINT ( 'NONE',  ( -14.99999999999993250, -54.00000000000002842, 5.000000000000003553 ) ) ;
#1706 = VECTOR ( 'NONE', #1281, 1000.000000000000000 ) ;
#1707 = DIRECTION ( 'NONE',  ( -1.000000000000000000, 0.000000000000000000, 0.000000000000000000 ) ) ;
#1708 = B_SPLINE_CURVE_WITH_KNOTS ( 'NONE', 3,
 ( #1347, #1714, #592, #1883 ),
 .UNSPECIFIED., .F., .F.,
 ( 4, 4 ),
 ( 0.006738605585466008949, 0.007104713362570421083 ),
 .UNSPECIFIED. ) ;
#1709 = EDGE_CURVE ( 'NONE', #868, #735, #1715, .T. ) ;
#1710 = DIRECTION ( 'NONE',  ( -0.7071067811865484609, -0.5000000000000025535, -0.4999999999999963363 ) ) ;
#1711 = ADVANCED_FACE ( 'NONE', ( #1625 ), #426, .F. ) ;
#1712 = CARTESIAN_POINT ( 'NONE',  ( 0.000000000000000000, 0.000000000000000000, 10.00000000000000000 ) ) ;
#1713 = EDGE_LOOP ( 'NONE', ( #534, #1975, #1195, #1149 ) ) ;
#1714 = CARTESIAN_POINT ( 'NONE',  ( -13.69999999999990337, -6.108191221631512846, -5.124461364419249598 ) ) ;
#1715 = CIRCLE ( 'NONE', #1505, 1.300000000000000711 ) ;
#1716 = CIRCLE ( 'NONE', #1519, 1.300000000000002487 ) ;
#1717 = LINE ( 'NONE', #1074, #1631 ) ;
#1718 = AXIS2_PLACEMENT_3D ( 'NONE', #873, #144, #485 ) ;
#1719 = VECTOR ( 'NONE', #367, 1000.000000000000000 ) ;
#1720 = CARTESIAN_POINT ( 'NONE',  ( -6.499999999999992006, -29.00000000000000000, 6.999999999999990230 ) ) ;
#1721 = CARTESIAN_POINT ( 'NONE',  ( -9.899494936611684892, -9.899494936611647589, -34.99999999999999289 ) ) ;
#1722 = ORIENTED_EDGE ( 'NONE', *, *, #1150, .T. ) ;
#1723 = VECTOR ( 'NONE', #106, 1000.000000000000114 ) ;
#1724 = ORIENTED_EDGE ( 'NONE', *, *, #686, .F. ) ;
#1725 = EDGE_CURVE ( 'NONE', #1608, #1201, #208, .T. ) ;
#1726 = EDGE_LOOP ( 'NONE', ( #298, #416, #648, #129 ) ) ;
#1727 = ORIENTED_EDGE ( 'NONE', *, *, #391, .F. ) ;
#1728 = CARTESIAN_POINT ( 'NONE',  ( -14.99999999999999112, -6.000000000000001776, -5.000000000000000000 ) ) ;
#1729 = DIRECTION ( 'NONE',  ( 0.7071067811865469066, -1.167718008152812706E-15, 0.7071067811865482389 ) ) ;
#1730 = SURFACE_SIDE_STYLE ('',( #2311 ) ) ;
#1731 = DIRECTION ( 'NONE',  ( -1.000000000000000000, 1.334402673828312452E-15, 0.000000000000000000 ) ) ;
#1732 = DIRECTION ( 'NONE',  ( -1.000000000000000000, -0.000000000000000000, -0.000000000000000000 ) ) ;
#1733 = EDGE_CURVE ( 'NONE', #2002, #1856, #1217, .T. ) ;
#1734 = EDGE_LOOP ( 'NONE', ( #1040, #1091, #746, #770 ) ) ;
#1735 = VECTOR ( 'NONE', #448, 1000.000000000000000 ) ;
#1736 = DIRECTION ( 'NONE',  ( 0.000000000000000000, -1.000000000000000000, 0.000000000000000000 ) ) ;
#1737 = LINE ( 'NONE', #1858, #463 ) ;
#1738 = VECTOR ( 'NONE', #569, 1000.000000000000000 ) ;
#1739 = CIRCLE ( 'NONE', #1414, 10.50000000000001599 ) ;
#1740 = EDGE_LOOP ( 'NONE', ( #101, #647, #197, #1812, #1881 ) ) ;
#1741 = EDGE_CURVE ( 'NONE', #744, #1692, #1077, .T. ) ;
#1742 = CARTESIAN_POINT ( 'NONE',  ( -5.999999999999991118, -23.40000000000000568, 5.000000000000000000 ) ) ;
#1743 = VECTOR ( 'NONE', #1595, 1000.000000000000000 ) ;
#1744 = EDGE_LOOP ( 'NONE', ( #423, #779, #579, #325 ) ) ;
#1745 = AXIS2_PLACEMENT_3D ( 'NONE', #620, #288, #1220 ) ;
#1746 = DIRECTION ( 'NONE',  ( -1.000000000000000000, -1.261617073437680020E-15, 0.000000000000000000 ) ) ;
#1747 = VERTEX_POINT ( 'NONE', #1580 ) ;
#1748 = DIRECTION ( 'NONE',  ( -0.7071067811865505703, -8.920979878885143983E-16, -0.7071067811865444641 ) ) ;
#1749 = ORIENTED_EDGE ( 'NONE', *, *, #2357, .T. ) ;
#1750 = ORIENTED_EDGE ( 'NONE', *, *, #1621, .T. ) ;
#1751 = ORIENTED_EDGE ( 'NONE', *, *, #1339, .F. ) ;
#1752 = EDGE_CURVE ( 'NONE', #2043, #2292, #1765, .T. ) ;
#1753 = ORIENTED_EDGE ( 'NONE', *, *, #2091, .F. ) ;
#1754 = ORIENTED_EDGE ( 'NONE', *, *, #1860, .T. ) ;
#1755 = DIRECTION ( 'NONE',  ( -1.000000000000000000, 0.000000000000000000, 0.000000000000000000 ) ) ;
#1756 = CARTESIAN_POINT ( 'NONE',  ( 5.999999999999991118, -26.60000000000000142, 5.000000000000000000 ) ) ;
#1757 = AXIS2_PLACEMENT_3D ( 'NONE', #1170, #1507, #396 ) ;
#1758 = PLANE ( 'NONE',  #1435 ) ;
#1759 = DIRECTION ( 'NONE',  ( -1.261617073437680809E-15, 1.000000000000000000, 0.000000000000000000 ) ) ;
#1760 = DIRECTION ( 'NONE',  ( -0.7071067811865439090, -8.920979878885049320E-16, 0.7071067811865512365 ) ) ;
#1761 = DIRECTION ( 'NONE',  ( 0.000000000000000000, 0.000000000000000000, -1.000000000000000000 ) ) ;
#1762 = ORIENTED_EDGE ( 'NONE', *, *, #1390, .F. ) ;
#1763 = EDGE_CURVE ( 'NONE', #1056, #1634, #496, .T. ) ;
#1764 = VERTEX_POINT ( 'NONE', #872 ) ;
#1765 = LINE ( 'NONE', #1429, #1284 ) ;
#1766 = LINE ( 'NONE', #1033, #2070 ) ;
#1767 = CARTESIAN_POINT ( 'NONE',  ( 15.00000000000006750, -53.99999999999998579, 3.161522368914966297 ) ) ;
#1768 = VERTEX_POINT ( 'NONE', #1213 ) ;
#1769 = CARTESIAN_POINT ( 'NONE',  ( 0.000000000000000000, 0.000000000000000000, -34.49999999999985079 ) ) ;
#1770 = LINE ( 'NONE', #1320, #238 ) ;
#1771 = CARTESIAN_POINT ( 'NONE',  ( -13.69999999999980389, -6.108191221630608680, -4.999999999999558575 ) ) ;
#1772 = ORIENTED_EDGE ( 'NONE', *, *, #2025, .F. ) ;
#1773 = AXIS2_PLACEMENT_3D ( 'NONE', #629, #1379, #460 ) ;
#1774 = CONICAL_SURFACE ( 'NONE', #29, 0.8000000000000020428, 0.7853981633974521648 ) ;
#1775 = ORIENTED_EDGE ( 'NONE', *, *, #1390, .T. ) ;
#1776 = EDGE_CURVE ( 'NONE', #834, #793, #2308, .T. ) ;
#1777 = ORIENTED_EDGE ( 'NONE', *, *, #2309, .T. ) ;
#1778 = ORIENTED_EDGE ( 'NONE', *, *, #723, .F. ) ;
#1779 = DIRECTION ( 'NONE',  ( -0.000000000000000000, -0.000000000000000000, 1.000000000000000000 ) ) ;
#1780 = EDGE_CURVE ( 'NONE', #1696, #970, #2012, .T. ) ;
#1781 = DIRECTION ( 'NONE',  ( 0.000000000000000000, 0.000000000000000000, -1.000000000000000000 ) ) ;
#1782 = ORIENTED_EDGE ( 'NONE', *, *, #2284, .T. ) ;
#1783 = CARTESIAN_POINT ( 'NONE',  ( -14.08076118445748115, -1.776452871731013912E-14, -5.919238815542509080 ) ) ;
#1784 = CARTESIAN_POINT ( 'NONE',  ( -6.499999999999992006, -29.00000000000000000, 3.000000000000002665 ) ) ;
#1785 = EDGE_CURVE ( 'NONE', #2095, #1638, #2333, .T. ) ;
#1786 = AXIS2_PLACEMENT_3D ( 'NONE', #2092, #79, #50 ) ;
#1787 = DIRECTION ( 'NONE',  ( 1.000000000000000000, 0.000000000000000000, 0.000000000000000000 ) ) ;
#1788 = ORIENTED_EDGE ( 'NONE', *, *, #2374, .T. ) ;
#1789 = LINE ( 'NONE', #133, #544 ) ;
#1790 = VECTOR ( 'NONE', #607, 1000.000000000000000 ) ;
#1791 = FACE_OUTER_BOUND ( 'NONE', #382, .T. ) ;
#1792 = DIRECTION ( 'NONE',  ( 1.000000000000000000, 0.000000000000000000, 0.000000000000000000 ) ) ;
#1793 = EDGE_CURVE ( 'NONE', #970, #1114, #601, .T. ) ;
#1794 = CARTESIAN_POINT ( 'NONE',  ( -9.099494936611682405, -9.899494936611647589, -34.99999999999999289 ) ) ;
#1795 = FACE_OUTER_BOUND ( 'NONE', #2102, .T. ) ;
#1796 = ORIENTED_EDGE ( 'NONE', *, *, #2052, .T. ) ;
#1797 = DIRECTION ( 'NONE',  ( -1.000000000000000000, 0.000000000000000000, 0.000000000000000000 ) ) ;
#1798 = CIRCLE ( 'NONE', #1882, 2.100000000000004530 ) ;
#1799 = DIRECTION ( 'NONE',  ( -1.000000000000000000, 0.000000000000000000, 0.000000000000000000 ) ) ;
#1800 = VERTEX_POINT ( 'NONE', #2123 ) ;
#1801 = ORIENTED_EDGE ( 'NONE', *, *, #247, .T. ) ;
#1802 = CARTESIAN_POINT ( 'NONE',  ( 15.00000000000000000, 1.892425610156521076E-14, 5.000000000000000000 ) ) ;
#1803 = AXIS2_PLACEMENT_3D ( 'NONE', #2271, #58, #1365 ) ;
#1804 = ORIENTED_EDGE ( 'NONE', *, *, #2127, .T. ) ;
#1805 = ORIENTED_EDGE ( 'NONE', *, *, #1977, .F. ) ;
#1806 = ORIENTED_EDGE ( 'NONE', *, *, #372, .T. ) ;
#1807 = ORIENTED_EDGE ( 'NONE', *, *, #541, .T. ) ;
#1808 = DIRECTION ( 'NONE',  ( -1.000000000000000000, 0.000000000000000000, -0.000000000000000000 ) ) ;
#1809 = CARTESIAN_POINT ( 'NONE',  ( 15.00000000000001421, -11.99999999999998046, -6.838477631085035036 ) ) ;
#1810 = CARTESIAN_POINT ( 'NONE',  ( 17.99999999999999645, 4.136584743786611026E-15, 10.00000000000000000 ) ) ;
#1811 = EDGE_CURVE ( 'NONE', #218, #1910, #1108, .T. ) ;
#1812 = ORIENTED_EDGE ( 'NONE', *, *, #2013, .T. ) ;
#1813 = CARTESIAN_POINT ( 'NONE',  ( 15.00000000000006750, -53.99999999999998579, 3.161522368914966297 ) ) ;
#1814 = AXIS2_PLACEMENT_3D ( 'NONE', #1721, #829, #1182 ) ;
#1815 = DIRECTION ( 'NONE',  ( 0.000000000000000000, 1.000000000000000000, 0.000000000000000000 ) ) ;
#1816 = DIRECTION ( 'NONE',  ( -0.7071067811865441310, -8.920979878885076930E-16, -0.7071067811865507924 ) ) ;
#1817 = EDGE_CURVE ( 'NONE', #554, #611, #665, .T. ) ;
#1818 = EDGE_LOOP ( 'NONE', ( #2107, #99, #7, #775 ) ) ;
#1819 = EDGE_LOOP ( 'NONE', ( #1966, #12, #1385, #334, #1146 ) ) ;
#1820 = VERTEX_POINT ( 'NONE', #2332 ) ;
#1821 = FACE_OUTER_BOUND ( 'NONE', #1380, .T. ) ;
#1822 = VECTOR ( 'NONE', #398, 1000.000000000000000 ) ;
#1823 = EDGE_CURVE ( 'NONE', #1800, #2314, #1542, .T. ) ;
#1824 = ADVANCED_FACE ( 'NONE', ( #1948 ), #505, .F. ) ;
#1825 = DIRECTION ( 'NONE',  ( 0.000000000000000000, 0.7071067811865437980, -0.7071067811865513475 ) ) ;
#1826 = VECTOR ( 'NONE', #588, 1000.000000000000000 ) ;
#1827 = ORIENTED_EDGE ( 'NONE', *, *, #2172, .F. ) ;
#1828 = ORIENTED_EDGE ( 'NONE', *, *, #461, .T. ) ;
#1829 = ORIENTED_EDGE ( 'NONE', *, *, #1977, .T. ) ;
#1830 = ORIENTED_EDGE ( 'NONE', *, *, #1678, .T. ) ;
#1831 = VERTEX_POINT ( 'NONE', #2181 ) ;
#1832 = CARTESIAN_POINT ( 'NONE',  ( -6.499999999999992006, -25.00000000000000355, 5.000000000000000000 ) ) ;
#1833 = VERTEX_POINT ( 'NONE', #917 ) ;
#1834 = ADVANCED_FACE ( 'NONE', ( #1370 ), #2325, .T. ) ;
#1835 = AXIS2_PLACEMENT_3D ( 'NONE', #2016, #2204, #2010 ) ;
#1836 = UNCERTAINTY_MEASURE_WITH_UNIT (LENGTH_MEASURE( 1.000000000000000082E-05 ), #1540, 'distance_accuracy_value', 'NONE');
#1837 = AXIS2_PLACEMENT_3D ( 'NONE', #847, #2322, #1921 ) ;
#1838 = ADVANCED_FACE ( 'NONE', ( #1594 ), #116, .F. ) ;
#1839 = LINE ( 'NONE', #1438, #2276 ) ;
#1840 = VECTOR ( 'NONE', #2114, 1000.000000000000000 ) ;
#1841 = FACE_OUTER_BOUND ( 'NONE', #1924, .T. ) ;
#1842 = B_SPLINE_CURVE_WITH_KNOTS ( 'NONE', 3,
 ( #576, #418, #1515, #2256 ),
 .UNSPECIFIED., .F., .F.,
 ( 4, 4 ),
 ( 0.001067431260783634466, 0.001433357035641621285 ),
 .UNSPECIFIED. ) ;
#1843 = LINE ( 'NONE', #1177, #926 ) ;
#1844 = EDGE_CURVE ( 'NONE', #1201, #1120, #1161, .T. ) ;
#1845 = ORIENTED_EDGE ( 'NONE', *, *, #867, .T. ) ;
#1846 = VECTOR ( 'NONE', #1098, 1000.000000000000000 ) ;
#1847 = CARTESIAN_POINT ( 'NONE',  ( -6.499999999999992006, -25.00000000000000355, 5.000000000000000000 ) ) ;
#1848 = VERTEX_POINT ( 'NONE', #2175 ) ;
#1849 = DIRECTION ( 'NONE',  ( -0.000000000000000000, -0.000000000000000000, 1.000000000000000000 ) ) ;
#1850 = CARTESIAN_POINT ( 'NONE',  ( 13.74772708486751327, -5.999999999999992006, 10.00000000000000000 ) ) ;
#1851 = ORIENTED_EDGE ( 'NONE', *, *, #624, .T. ) ;
#1852 = EDGE_CURVE ( 'NONE', #2168, #679, #1467, .T. ) ;
#1853 = EDGE_LOOP ( 'NONE', ( #8, #302, #623, #245 ) ) ;
#1854 = ORIENTED_EDGE ( 'NONE', *, *, #1536, .T. ) ;
#1855 = VERTEX_POINT ( 'NONE', #1628 ) ;
#1856 = VERTEX_POINT ( 'NONE', #2156 ) ;
#1857 = EDGE_CURVE ( 'NONE', #2224, #102, #376, .T. ) ;
#1858 = CARTESIAN_POINT ( 'NONE',  ( -6.499999999999992006, -25.00000000000000355, 7.100000000000004974 ) ) ;
#1859 = LINE ( 'NONE', #2060, #1392 ) ;
#1860 = EDGE_CURVE ( 'NONE', #1634, #2176, #2124, .T. ) ;
#1861 = CARTESIAN_POINT ( 'NONE',  ( -14.08076118445747227, -6.000000000000001776, -5.919238815542509080 ) ) ;
#1862 = LINE ( 'NONE', #2313, #1916 ) ;
#1863 = EDGE_CURVE ( 'NONE', #1690, #904, #1047, .T. ) ;
#1864 = CARTESIAN_POINT ( 'NONE',  ( -6.499999999999992895, -25.00000000000000355, 7.100000000000005862 ) ) ;
#1865 = DIRECTION ( 'NONE',  ( -1.000000000000000000, -1.334402673828312452E-15, 0.000000000000000000 ) ) ;
#1866 = VECTOR ( 'NONE', #2264, 1000.000000000000114 ) ;
#1867 = DIRECTION ( 'NONE',  ( 1.000000000000000000, 3.939108803222883483E-16, -0.000000000000000000 ) ) ;
#1868 = LINE ( 'NONE', #1428, #1514 ) ;
#1869 = FACE_OUTER_BOUND ( 'NONE', #1167, .T. ) ;
#1870 = AXIS2_PLACEMENT_3D ( 'NONE', #1918, #1011, #2280 ) ;
#1871 = CARTESIAN_POINT ( 'NONE',  ( 14.08076118445748115, 1.776452871731013912E-14, 4.080761184457493584 ) ) ;
#1872 = VECTOR ( 'NONE', #2056, 1000.000000000000000 ) ;
#1873 = DIRECTION ( 'NONE',  ( -0.7071067811865441310, 1.167718008152807972E-15, 0.7071067811865507924 ) ) ;
#1874 = CIRCLE ( 'NONE', #997, 1.600000000000002531 ) ;
#1875 = CARTESIAN_POINT ( 'NONE',  ( -47.49999999999999289, -25.00000000000002132, 2.737258300203032402 ) ) ;
#1876 = ORIENTED_EDGE ( 'NONE', *, *, #1135, .F. ) ;
#1877 = CARTESIAN_POINT ( 'NONE',  ( -11.19949493661168383, -9.899494936611647589, -44.50000000000002842 ) ) ;
#1878 = EDGE_LOOP ( 'NONE', ( #2235, #707, #557, #2254, #1014 ) ) ;
#1879 = VERTEX_POINT ( 'NONE', #1241 ) ;
#1880 = CARTESIAN_POINT ( 'NONE',  ( 15.00000000000000000, 1.892425610156521076E-14, -6.838477631085035036 ) ) ;
#1881 = ORIENTED_EDGE ( 'NONE', *, *, #143, .T. ) ;
#1882 = AXIS2_PLACEMENT_3D ( 'NONE', #927, #1626, #1815 ) ;
#1883 = CARTESIAN_POINT ( 'NONE',  ( -13.74772708486751860, -6.000000000000001776, -5.349016541191997653 ) ) ;
#1884 = DIRECTION ( 'NONE',  ( -1.261617073437680809E-15, 1.000000000000000000, -0.000000000000000000 ) ) ;
#1885 = EDGE_CURVE ( 'NONE', #1632, #1661, #1485, .T. ) ;
#1886 = DIRECTION ( 'NONE',  ( 1.000000000000000000, 3.939108803222883483E-16, -0.000000000000000000 ) ) ;
#1887 = LINE ( 'NONE', #2364, #1706 ) ;
#1888 = CARTESIAN_POINT ( 'NONE',  ( 6.500000000000006217, -23.51507575950823536, 3.515075759508250908 ) ) ;
#1889 = EDGE_CURVE ( 'NONE', #2083, #2095, #1789, .T. ) ;
#1890 = PLANE ( 'NONE',  #695 ) ;
#1891 = DIRECTION ( 'NONE',  ( -1.261617073437680809E-15, 1.000000000000000000, 0.000000000000000000 ) ) ;
#1892 = CARTESIAN_POINT ( 'NONE',  ( 15.00000000000000000, 2.585365464866632878E-15, -12.00000000000000000 ) ) ;
#1893 = CARTESIAN_POINT ( 'NONE',  ( 9.099494936611678853, -9.899494936611649365, -34.99999999999999289 ) ) ;
#1894 = DIRECTION ( 'NONE',  ( 0.000000000000000000, -1.000000000000000000, 0.000000000000000000 ) ) ;
#1895 = ORIENTED_EDGE ( 'NONE', *, *, #1709, .F. ) ;
#1896 = FACE_OUTER_BOUND ( 'NONE', #326, .T. ) ;
#1897 = LINE ( 'NONE', #193, #823 ) ;
#1898 = CONICAL_SURFACE ( 'NONE', #1590, 2.100000000000004530, 0.7853981633974502774 ) ;
#1899 = VECTOR ( 'NONE', #2046, 1000.000000000000000 ) ;
#1900 = EDGE_CURVE ( 'NONE', #543, #96, #738, .T. ) ;
#1901 =( NAMED_UNIT ( * ) SI_UNIT ( $, .STERADIAN. ) SOLID_ANGLE_UNIT ( ) );
#1902 = AXIS2_PLACEMENT_3D ( 'NONE', #2100, #1891, #1746 ) ;
#1903 = LINE ( 'NONE', #184, #381 ) ;
#1904 = CARTESIAN_POINT ( 'NONE',  ( -15.91923881554251707, -2.008398348582028239E-14, -5.919238815542508192 ) ) ;
#1905 = CARTESIAN_POINT ( 'NONE',  ( -10.00000000000000178, 0.000000000000000000, 9.499999999999985789 ) ) ;
#1906 = LINE ( 'NONE', #1649, #1141 ) ;
#1907 = EDGE_CURVE ( 'NONE', #310, #831, #880, .T. ) ;
#1908 = ORIENTED_EDGE ( 'NONE', *, *, #1763, .T. ) ;
#1909 = ORIENTED_EDGE ( 'NONE', *, *, #277, .T. ) ;
#1910 = VERTEX_POINT ( 'NONE', #1986 ) ;
#1911 = EDGE_CURVE ( 'NONE', #1936, #1768, #55, .T. ) ;
#1912 = ORIENTED_EDGE ( 'NONE', *, *, #947, .T. ) ;
#1913 = EDGE_LOOP ( 'NONE', ( #2024, #713, #115, #858 ) ) ;
#1914 = DIRECTION ( 'NONE',  ( -0.000000000000000000, -0.000000000000000000, -1.000000000000000000 ) ) ;
#1915 = AXIS2_PLACEMENT_3D ( 'NONE', #2089, #1181, #436 ) ;
#1916 = VECTOR ( 'NONE', #97, 1000.000000000000000 ) ;
#1917 = CIRCLE ( 'NONE', #145, 1.300000000000002487 ) ;
#1918 = CARTESIAN_POINT ( 'NONE',  ( 0.000000000000000000, 0.000000000000000000, -45.00000000000000000 ) ) ;
#1919 = CARTESIAN_POINT ( 'NONE',  ( 13.74772708486751327, -5.999999999999992006, -12.00000000000000000 ) ) ;
#1920 = EDGE_CURVE ( 'NONE', #210, #1764, #1434, .T. ) ;
#1921 = DIRECTION ( 'NONE',  ( -1.000000000000000000, 0.000000000000000000, 0.000000000000000000 ) ) ;
#1922 = ADVANCED_FACE ( 'NONE', ( #492 ), #1221, .F. ) ;
#1923 = ORIENTED_EDGE ( 'NONE', *, *, #1132, .F. ) ;
#1924 = EDGE_LOOP ( 'NONE', ( #1248, #1024, #1968, #899 ) ) ;
#1925 = LINE ( 'NONE', #755, #495 ) ;
#1926 = AXIS2_PLACEMENT_3D ( 'NONE', #901, #1062, #1808 ) ;
#1927 = CARTESIAN_POINT ( 'NONE',  ( -6.499999999999992006, -29.00000000000000000, 3.000000000000002665 ) ) ;
#1928 = LINE ( 'NONE', #1363, #2097 ) ;
#1929 = FACE_OUTER_BOUND ( 'NONE', #1179, .T. ) ;
#1930 = EDGE_CURVE ( 'NONE', #712, #613, #1662, .T. ) ;
#1931 = LINE ( 'NONE', #393, #498 ) ;
#1932 = CARTESIAN_POINT ( 'NONE',  ( -14.99999999999993250, -54.00000000000002842, 3.161522368914969849 ) ) ;
#1933 = ORIENTED_EDGE ( 'NONE', *, *, #615, .T. ) ;
#1934 = CARTESIAN_POINT ( 'NONE',  ( 5.999999999999991118, -26.13137084989849157, 3.868629150101536407 ) ) ;
#1935 = EDGE_CURVE ( 'NONE', #1512, #805, #1406, .T. ) ;
#1936 = VERTEX_POINT ( 'NONE', #2005 ) ;
#1937 = DIRECTION ( 'NONE',  ( -1.000000000000000000, 1.334402673828312452E-15, 0.000000000000000000 ) ) ;
#1938 = CARTESIAN_POINT ( 'NONE',  ( 18.00000000000001066, -5.999999999999996447, -12.00000000000000000 ) ) ;
#1939 = CARTESIAN_POINT ( 'NONE',  ( -6.499999999999993783, -13.51850583459577670, 10.00000000000000000 ) ) ;
#1940 = PLANE ( 'NONE',  #1611 ) ;
#1941 = AXIS2_PLACEMENT_3D ( 'NONE', #698, #689, #141 ) ;
#1942 = CARTESIAN_POINT ( 'NONE',  ( 15.00000000000000000, 2.585365464866632483E-15, 3.161522368914966297 ) ) ;
#1943 = DIRECTION ( 'NONE',  ( -1.000000000000000000, -1.261617073437680020E-15, 0.000000000000000000 ) ) ;
#1944 = DIRECTION ( 'NONE',  ( 1.000000000000000000, 1.261617073437680020E-15, 0.000000000000000000 ) ) ;
#1945 = VERTEX_POINT ( 'NONE', #2193 ) ;
#1946 = AXIS2_PLACEMENT_3D ( 'NONE', #489, #1617, #296 ) ;
#1947 = ORIENTED_EDGE ( 'NONE', *, *, #1763, .F. ) ;
#1948 = FACE_OUTER_BOUND ( 'NONE', #644, .T. ) ;
#1949 = PLANE ( 'NONE',  #1275 ) ;
#1950 = CARTESIAN_POINT ( 'NONE',  ( -13.69999999999993534, -6.108191221631061651, 4.875652242057473273 ) ) ;
#1951 = LINE ( 'NONE', #1376, #1790 ) ;
#1952 = LINE ( 'NONE', #2085, #666 ) ;
#1953 = CARTESIAN_POINT ( 'NONE',  ( -11.19949493661168383, -9.899494936611647589, -34.99999999999999289 ) ) ;
#1954 = AXIS2_PLACEMENT_3D ( 'NONE', #730, #478, #309 ) ;
#1955 = DIRECTION ( 'NONE',  ( 1.651402644157012873E-16, 1.000000000000000000, -0.000000000000000000 ) ) ;
#1956 = VECTOR ( 'NONE', #768, 1000.000000000000000 ) ;
#1957 = CARTESIAN_POINT ( 'NONE',  ( 13.74772708486781880, -5.999999999999602096, -5.349016541196452756 ) ) ;
#1958 = AXIS2_PLACEMENT_3D ( 'NONE', #780, #1867, #2223 ) ;
#1959 = VECTOR ( 'NONE', #119, 1000.000000000000000 ) ;
#1960 = ORIENTED_EDGE ( 'NONE', *, *, #509, .T. ) ;
#1961 = EDGE_LOOP ( 'NONE', ( #2201, #932, #1295, #1331 ) ) ;
#1962 = ORIENTED_EDGE ( 'NONE', *, *, #391, .T. ) ;
#1963 = ORIENTED_EDGE ( 'NONE', *, *, #1752, .F. ) ;
#1964 = DIRECTION ( 'NONE',  ( -1.000000000000000000, 0.000000000000000000, 0.000000000000000000 ) ) ;
#1965 = DIRECTION ( 'NONE',  ( -1.261617073437680809E-15, 1.000000000000000000, -0.000000000000000000 ) ) ;
#1966 = ORIENTED_EDGE ( 'NONE', *, *, #1785, .F. ) ;
#1967 = EDGE_CURVE ( 'NONE', #2043, #1667, #704, .T. ) ;
#1968 = ORIENTED_EDGE ( 'NONE', *, *, #14, .T. ) ;
#1969 = EDGE_CURVE ( 'NONE', #581, #218, #297, .T. ) ;
#1970 = CARTESIAN_POINT ( 'NONE',  ( 15.00000000000000888, -5.999999999999989342, -5.000000000000000000 ) ) ;
#1971 = CARTESIAN_POINT ( 'NONE',  ( 0.000000000000000000, 0.000000000000000000, -12.00000000000000000 ) ) ;
#1972 = DIRECTION ( 'NONE',  ( 1.000000000000000000, 0.000000000000000000, 0.000000000000000000 ) ) ;
#1973 = AXIS2_PLACEMENT_3D ( 'NONE', #1095, #348, #1274 ) ;
#1974 = CARTESIAN_POINT ( 'NONE',  ( 5.999999999999991118, -23.86862915010152264, 3.868629150101522196 ) ) ;
#1975 = ORIENTED_EDGE ( 'NONE', *, *, #2091, .T. ) ;
#1976 = DIRECTION ( 'NONE',  ( -1.000000000000000000, 0.000000000000000000, 0.000000000000000000 ) ) ;
#1977 = EDGE_CURVE ( 'NONE', #1330, #392, #1577, .T. ) ;
#1978 = DIRECTION ( 'NONE',  ( -0.000000000000000000, -0.000000000000000000, -1.000000000000000000 ) ) ;
#1979 = CIRCLE ( 'NONE', #1479, 1.600000000000002531 ) ;
#1980 = LINE ( 'NONE', #2055, #1822 ) ;
#1981 = DIRECTION ( 'NONE',  ( -1.000000000000000000, -0.000000000000000000, -0.000000000000000000 ) ) ;
#1982 = LINE ( 'NONE', #1382, #57 ) ;
#1983 = CARTESIAN_POINT ( 'NONE',  ( 2.673645834770027993E-30, -5.170730929733269700E-15, -0.5000000000000160982 ) ) ;
#1984 = VECTOR ( 'NONE', #2169, 1000.000000000000000 ) ;
#1985 = DIRECTION ( 'NONE',  ( -0.7071067811865492381, 0.000000000000000000, -0.7071067811865457964 ) ) ;
#1986 = CARTESIAN_POINT ( 'NONE',  ( 15.91923881554251707, 3.060679122400340075E-15, -5.919238815542508192 ) ) ;
#1987 = ORIENTED_EDGE ( 'NONE', *, *, #700, .T. ) ;
#1988 = ORIENTED_EDGE ( 'NONE', *, *, #1335, .F. ) ;
#1989 = DIRECTION ( 'NONE',  ( -0.000000000000000000, -0.000000000000000000, -1.000000000000000000 ) ) ;
#1990 = DIRECTION ( 'NONE',  ( -1.000000000000000000, -1.334402673828312452E-15, 0.000000000000000000 ) ) ;
#1991 = ORIENTED_EDGE ( 'NONE', *, *, #420, .F. ) ;
#1992 = EDGE_LOOP ( 'NONE', ( #366, #1497, #395, #242 ) ) ;
#1993 = CARTESIAN_POINT ( 'NONE',  ( -15.00000000000000000, -1.892425610156521076E-14, 5.000000000000003553 ) ) ;
#1994 = ORIENTED_EDGE ( 'NONE', *, *, #836, .F. ) ;
#1995 = CARTESIAN_POINT ( 'NONE',  ( 19.00000000000000355, -5.999999999999996447, 8.999999999999992895 ) ) ;
#1996 = ORIENTED_EDGE ( 'NONE', *, *, #1089, .F. ) ;
#1997 = VECTOR ( 'NONE', #1403, 1000.000000000000000 ) ;
#1998 = DIRECTION ( 'NONE',  ( 0.7071067811865509034, 8.920979878885147928E-16, -0.7071067811865442421 ) ) ;
#1999 = EDGE_CURVE ( 'NONE', #1032, #538, #1897, .T. ) ;
#2000 = CARTESIAN_POINT ( 'NONE',  ( -5.999999999999991118, -25.00000000000000355, 6.600000000000002309 ) ) ;
#2001 = DIRECTION ( 'NONE',  ( -1.261617073437680809E-15, 1.000000000000000000, 0.000000000000000000 ) ) ;
#2002 = VERTEX_POINT ( 'NONE', #940 ) ;
#2003 = CARTESIAN_POINT ( 'NONE',  ( 25.41923881554250642, -6.000000000000007105, 3.580761184457561086 ) ) ;
#2004 = CIRCLE ( 'NONE', #1570, 1.300000000000002487 ) ;
#2005 = CARTESIAN_POINT ( 'NONE',  ( -13.74772708486751860, -6.000000000000001776, 10.00000000000000000 ) ) ;
#2006 = AXIS2_PLACEMENT_3D ( 'NONE', #54, #810, #407 ) ;
#2007 = ADVANCED_FACE ( 'NONE', ( #1000 ), #883, .F. ) ;
#2008 = DIRECTION ( 'NONE',  ( 0.000000000000000000, 0.000000000000000000, -1.000000000000000000 ) ) ;
#2009 = EDGE_CURVE ( 'NONE', #1204, #1007, #2334, .T. ) ;
#2010 = DIRECTION ( 'NONE',  ( 0.000000000000000000, 0.000000000000000000, 1.000000000000000000 ) ) ;
#2011 = ORIENTED_EDGE ( 'NONE', *, *, #630, .F. ) ;
#2012 = LINE ( 'NONE', #668, #944 ) ;
#2013 = EDGE_CURVE ( 'NONE', #679, #787, #2096, .T. ) ;
#2014 = VECTOR ( 'NONE', #684, 1000.000000000000000 ) ;
#2015 = CYLINDRICAL_SURFACE ( 'NONE', #2006, 1.600000000000000755 ) ;
#2016 = CARTESIAN_POINT ( 'NONE',  ( 5.999999999999991118, -25.00000000000000000, 5.000000000000000000 ) ) ;
#2017 = CARTESIAN_POINT ( 'NONE',  ( -13.69999999999998330, -12.00000000000001776, -5.000000000000000000 ) ) ;
#2018 = VECTOR ( 'NONE', #1677, 1000.000000000000000 ) ;
#2019 = CARTESIAN_POINT ( 'NONE',  ( -14.99999999999999112, -6.000000000000001776, -6.838477631085035036 ) ) ;
#2020 = VECTOR ( 'NONE', #865, 1000.000000000000000 ) ;
#2021 = ADVANCED_FACE ( 'NONE', ( #377 ), #1301, .F. ) ;
#2022 = ORIENTED_EDGE ( 'NONE', *, *, #741, .T. ) ;
#2023 = ORIENTED_EDGE ( 'NONE', *, *, #1935, .F. ) ;
#2024 = ORIENTED_EDGE ( 'NONE', *, *, #464, .T. ) ;
#2025 = EDGE_CURVE ( 'NONE', #1117, #2002, #406, .T. ) ;
#2026 = CARTESIAN_POINT ( 'NONE',  ( 15.00000000000006750, -53.99999999999998579, 5.000000000000000000 ) ) ;
#2027 = ORIENTED_EDGE ( 'NONE', *, *, #2032, .F. ) ;
#2028 = CARTESIAN_POINT ( 'NONE',  ( 15.00000000000000000, 1.892425610156521076E-14, 5.000000000000000000 ) ) ;
#2029 = CARTESIAN_POINT ( 'NONE',  ( -13.69999999999997620, -6.108191221631352974, -4.875356464326944916 ) ) ;
#2030 = EDGE_LOOP ( 'NONE', ( #1413, #1250, #1530, #2108 ) ) ;
#2031 = ADVANCED_FACE ( 'NONE', ( #602 ), #764, .F. ) ;
#2032 = EDGE_CURVE ( 'NONE', #2106, #941, #1925, .T. ) ;
#2033 = DIRECTION ( 'NONE',  ( 0.000000000000000000, 0.000000000000000000, -1.000000000000000000 ) ) ;
#2034 = CARTESIAN_POINT ( 'NONE',  ( -10.00000000000000178, 0.000000000000000000, -44.49999999999999289 ) ) ;
#2035 = PRESENTATION_LAYER_ASSIGNMENT (  '', '', ( #1115 ) ) ;
#2036 = DIRECTION ( 'NONE',  ( 0.000000000000000000, 0.000000000000000000, 1.000000000000000000 ) ) ;
#2037 = LINE ( 'NONE', #626, #854 ) ;
#2038 = ORIENTED_EDGE ( 'NONE', *, *, #526, .T. ) ;
#2039 = VECTOR ( 'NONE', #6, 1000.000000000000114 ) ;
#2040 = LINE ( 'NONE', #1850, #1001 ) ;
#2041 = CYLINDRICAL_SURFACE ( 'NONE', #2365, 1.300000000000000711 ) ;
#2042 = FACE_OUTER_BOUND ( 'NONE', #248, .T. ) ;
#2043 = VERTEX_POINT ( 'NONE', #1464 ) ;
#2044 = VECTOR ( 'NONE', #1761, 1000.000000000000000 ) ;
#2045 = DIRECTION ( 'NONE',  ( -1.000000000000000000, 0.000000000000000000, 0.000000000000000000 ) ) ;
#2046 = DIRECTION ( 'NONE',  ( -0.000000000000000000, -0.000000000000000000, -1.000000000000000000 ) ) ;
#2047 = ORIENTED_EDGE ( 'NONE', *, *, #400, .T. ) ;
#2048 = ORIENTED_EDGE ( 'NONE', *, *, #1122, .T. ) ;
#2049 = ORIENTED_EDGE ( 'NONE', *, *, #1018, .F. ) ;
#2050 = ORIENTED_EDGE ( 'NONE', *, *, #1457, .F. ) ;
#2051 = DIRECTION ( 'NONE',  ( -1.261617073437680809E-15, 1.000000000000000000, -0.000000000000000000 ) ) ;
#2052 = EDGE_CURVE ( 'NONE', #1475, #1013, #2281, .T. ) ;
#2053 = ORIENTED_EDGE ( 'NONE', *, *, #494, .F. ) ;
#2054 = DIRECTION ( 'NONE',  ( -1.000000000000000000, 0.000000000000000000, 0.000000000000000000 ) ) ;
#2055 = CARTESIAN_POINT ( 'NONE',  ( 19.00000000000000355, -5.999999999999996447, 10.00000000000000000 ) ) ;
#2056 = DIRECTION ( 'NONE',  ( -1.261617073437680612E-15, 1.000000000000000000, -0.000000000000000000 ) ) ;
#2057 = EDGE_CURVE ( 'NONE', #285, #954, #945, .T. ) ;
#2058 = ORIENTED_EDGE ( 'NONE', *, *, #379, .T. ) ;
#2059 = DIRECTION ( 'NONE',  ( -0.000000000000000000, -0.000000000000000000, -1.000000000000000000 ) ) ;
#2060 = CARTESIAN_POINT ( 'NONE',  ( 6.500000000000005329, -13.51850583459577493, 10.00000000000000000 ) ) ;
#2061 = DIRECTION ( 'NONE',  ( 0.7071067811865469066, -1.167718008152818228E-16, -0.7071067811865482389 ) ) ;
#2062 = ORIENTED_EDGE ( 'NONE', *, *, #514, .T. ) ;
#2063 = ORIENTED_EDGE ( 'NONE', *, *, #1339, .T. ) ;
#2064 = EDGE_LOOP ( 'NONE', ( #1796, #1328 ) ) ;
#2065 = VECTOR ( 'NONE', #173, 1000.000000000000000 ) ;
#2066 = DIRECTION ( 'NONE',  ( 1.651402644157005379E-15, 1.000000000000000000, -0.000000000000000000 ) ) ;
#2067 = ORIENTED_EDGE ( 'NONE', *, *, #177, .F. ) ;
#2068 = CARTESIAN_POINT ( 'NONE',  ( 18.00000000000000711, -5.999999999999994671, -12.00000000000000533 ) ) ;
#2069 = CARTESIAN_POINT ( 'NONE',  ( -15.00000000000000000, -1.892425610156521076E-14, 3.161522368914969849 ) ) ;
#2070 = VECTOR ( 'NONE', #1583, 1000.000000000000000 ) ;
#2071 = DIRECTION ( 'NONE',  ( -1.000000000000000000, 1.651402644157012873E-16, 0.000000000000000000 ) ) ;
#2072 = LINE ( 'NONE', #2239, #1470 ) ;
#2073 = ORIENTED_EDGE ( 'NONE', *, *, #479, .T. ) ;
#2074 = LINE ( 'NONE', #709, #63 ) ;
#2075 = VERTEX_POINT ( 'NONE', #2210 ) ;
#2076 = AXIS2_PLACEMENT_3D ( 'NONE', #1971, #1267, #154 ) ;
#2077 = ORIENTED_EDGE ( 'NONE', *, *, #974, .F. ) ;
#2078 = ADVANCED_FACE ( 'NONE', ( #525 ), #1133, .F. ) ;
#2079 = ORIENTED_EDGE ( 'NONE', *, *, #400, .F. ) ;
#2080 = ORIENTED_EDGE ( 'NONE', *, *, #1150, .F. ) ;
#2081 = CARTESIAN_POINT ( 'NONE',  ( 0.000000000000000000, 0.000000000000000000, -37.00000000000000000 ) ) ;
#2082 = DIRECTION ( 'NONE',  ( -1.261617073437680612E-15, 1.000000000000000000, -0.000000000000000000 ) ) ;
#2083 = VERTEX_POINT ( 'NONE', #110 ) ;
#2084 = ORIENTED_EDGE ( 'NONE', *, *, #359, .F. ) ;
#2085 = CARTESIAN_POINT ( 'NONE',  ( -17.99999999999999645, 0.000000000000000000, 10.00000000000000000 ) ) ;
#2086 = AXIS2_PLACEMENT_3D ( 'NONE', #1993, #1282, #687 ) ;
#2087 = DIRECTION ( 'NONE',  ( 0.000000000000000000, 0.000000000000000000, 1.000000000000000000 ) ) ;
#2088 = CIRCLE ( 'NONE', #964, 1.300000000000000711 ) ;
#2089 = CARTESIAN_POINT ( 'NONE',  ( -10.00000000000000178, 0.000000000000000000, 10.00000000000000000 ) ) ;
#2090 = CONICAL_SURFACE ( 'NONE', #280, 18.00000000000002132, 0.7853981633974520538 ) ;
#2091 = EDGE_CURVE ( 'NONE', #1693, #1013, #87, .T. ) ;
#2092 = CARTESIAN_POINT ( 'NONE',  ( 9.899494936611681339, -9.899494936611649365, -45.00000000000000000 ) ) ;
#2093 = AXIS2_PLACEMENT_3D ( 'NONE', #1240, #1955, #1586 ) ;
#2094 = CARTESIAN_POINT ( 'NONE',  ( 6.500000000000006217, -25.00000000000000000, 5.000000000000000000 ) ) ;
#2095 = VERTEX_POINT ( 'NONE', #1942 ) ;
#2096 = LINE ( 'NONE', #934, #1025 ) ;
#2097 = VECTOR ( 'NONE', #2082, 1000.000000000000000 ) ;
#2098 = AXIS2_PLACEMENT_3D ( 'NONE', #691, #2343, #150 ) ;
#2099 = CIRCLE ( 'NONE', #912, 15.00000000000000000 ) ;
#2100 = CARTESIAN_POINT ( 'NONE',  ( -15.00000000000000000, -1.892425610156521076E-14, 5.000000000000003553 ) ) ;
#2101 = CIRCLE ( 'NONE', #1946, 1.299999999999999156 ) ;
#2102 = EDGE_LOOP ( 'NONE', ( #774, #1416, #1895, #2038, #587 ) ) ;
#2103 = VECTOR ( 'NONE', #339, 1000.000000000000000 ) ;
#2104 = ADVANCED_FACE ( 'NONE', ( #1568 ), #701, .F. ) ;
#2105 = EDGE_CURVE ( 'NONE', #1013, #1475, #546, .T. ) ;
#2106 = VERTEX_POINT ( 'NONE', #667 ) ;
#2107 = ORIENTED_EDGE ( 'NONE', *, *, #1575, .T. ) ;
#2108 = ORIENTED_EDGE ( 'NONE', *, *, #1817, .F. ) ;
#2109 = AXIS2_PLACEMENT_3D ( 'NONE', #1813, #1093, #2369 ) ;
#2110 = ORIENTED_EDGE ( 'NONE', *, *, #789, .F. ) ;
#2111 = ORIENTED_EDGE ( 'NONE', *, *, #1793, .F. ) ;
#2112 = ORIENTED_EDGE ( 'NONE', *, *, #1863, .T. ) ;
#2113 = CARTESIAN_POINT ( 'NONE',  ( -8.599494936611684182, -9.899494936611647589, -44.50000000000002842 ) ) ;
#2114 = DIRECTION ( 'NONE',  ( -1.261617073437680809E-15, 1.000000000000000000, -0.000000000000000000 ) ) ;
#2115 = ORIENTED_EDGE ( 'NONE', *, *, #2261, .T. ) ;
#2116 = CARTESIAN_POINT ( 'NONE',  ( -6.499999999999993783, -13.51850583459577670, 0.000000000000000000 ) ) ;
#2117 = DIRECTION ( 'NONE',  ( -0.000000000000000000, -0.000000000000000000, 1.000000000000000000 ) ) ;
#2118 = DIRECTION ( 'NONE',  ( 0.000000000000000000, 0.000000000000000000, -1.000000000000000000 ) ) ;
#2119 = CARTESIAN_POINT ( 'NONE',  ( 13.69999999999999929, 1.728415390609622549E-14, 5.000000000000000000 ) ) ;
#2120 = CARTESIAN_POINT ( 'NONE',  ( 10.00000000000000178, 0.000000000000000000, 10.00000000000000000 ) ) ;
#2121 = ORIENTED_EDGE ( 'NONE', *, *, #233, .T. ) ;
#2122 = ORIENTED_EDGE ( 'NONE', *, *, #1627, .F. ) ;
#2123 = CARTESIAN_POINT ( 'NONE',  ( -15.91923881554250642, -6.000000000000001776, -5.919238815542508192 ) ) ;
#2124 = CIRCLE ( 'NONE', #939, 10.50000000000000178 ) ;
#2125 = DIRECTION ( 'NONE',  ( 1.000000000000000000, 1.261617073437680020E-15, 0.000000000000000000 ) ) ;
#2126 = CYLINDRICAL_SURFACE ( 'NONE', #1562, 1.300000000000000711 ) ;
#2127 = EDGE_CURVE ( 'NONE', #1022, #265, #1868, .T. ) ;
#2128 = FACE_OUTER_BOUND ( 'NONE', #186, .T. ) ;
#2129 = ORIENTED_EDGE ( 'NONE', *, *, #1691, .F. ) ;
#2130 = DIRECTION ( 'NONE',  ( -1.000000000000000000, -1.334402673828312452E-15, 0.000000000000000000 ) ) ;
#2131 = LINE ( 'NONE', #1474, #1743 ) ;
#2132 = ORIENTED_EDGE ( 'NONE', *, *, #109, .F. ) ;
#2133 = CARTESIAN_POINT ( 'NONE',  ( 10.69949493661168205, -9.899494936611649365, -34.99999999999999289 ) ) ;
#2134 = VERTEX_POINT ( 'NONE', #1035 ) ;
#2135 = ORIENTED_EDGE ( 'NONE', *, *, #1885, .T. ) ;
#2136 = DIRECTION ( 'NONE',  ( -1.000000000000000000, 0.000000000000000000, 0.000000000000000000 ) ) ;
#2137 = EDGE_CURVE ( 'NONE', #265, #834, #152, .T. ) ;
#2138 = EDGE_LOOP ( 'NONE', ( #1722, #364, #1085, #134 ) ) ;
#2139 = ORIENTED_EDGE ( 'NONE', *, *, #1243, .T. ) ;
#2140 = DIRECTION ( 'NONE',  ( 7.923232216744307208E-17, -0.7071067811865466846, -0.7071067811865483499 ) ) ;
#2141 = CARTESIAN_POINT ( 'NONE',  ( 15.00000000000006750, -53.99999999999998579, 5.000000000000000000 ) ) ;
#2142 = DIRECTION ( 'NONE',  ( 1.000000000000000000, 0.000000000000000000, 0.000000000000000000 ) ) ;
#2143 = FILL_AREA_STYLE ('',( #670 ) ) ;
#2144 = DIRECTION ( 'NONE',  ( 0.000000000000000000, 0.000000000000000000, -1.000000000000000000 ) ) ;
#2145 = VERTEX_POINT ( 'NONE', #1603 ) ;
#2146 = EDGE_CURVE ( 'NONE', #955, #688, #206, .T. ) ;
#2147 = CARTESIAN_POINT ( 'NONE',  ( 19.00000000000000355, -5.999999999999996447, -11.00000000000000533 ) ) ;
#2148 = CARTESIAN_POINT ( 'NONE',  ( 15.00000000000001421, -11.99999999999998046, -6.838477631085035036 ) ) ;
#2149 = AXIS2_PLACEMENT_3D ( 'NONE', #61, #827, #1367 ) ;
#2150 = CARTESIAN_POINT ( 'NONE',  ( -18.99999999999999645, 0.000000000000000000, 9.000000000000000000 ) ) ;
#2151 = CARTESIAN_POINT ( 'NONE',  ( -14.99999999999993250, -54.00000000000002842, 5.000000000000003553 ) ) ;
#2152 = ADVANCED_FACE ( 'NONE', ( #636 ), #56, .F. ) ;
#2153 = LINE ( 'NONE', #1239, #1372 ) ;
#2154 = VECTOR ( 'NONE', #638, 1000.000000000000000 ) ;
#2155 = CARTESIAN_POINT ( 'NONE',  ( 6.500000000000007105, -29.00000000000000000, 3.000000000000002665 ) ) ;
#2156 = CARTESIAN_POINT ( 'NONE',  ( -15.91923881554251707, -2.008398348582028239E-14, 4.080761184457495361 ) ) ;
#2157 = COLOUR_RGB ( '',0.6862745098039215730, 0.7176470588235294157, 0.9960784313725490335 ) ;
#2158 = CARTESIAN_POINT ( 'NONE',  ( 0.000000000000000000, 0.000000000000000000, 0.000000000000000000 ) ) ;
#2159 = CYLINDRICAL_SURFACE ( 'NONE', #1112, 1.300000000000000711 ) ;
#2160 = ORIENTED_EDGE ( 'NONE', *, *, #1371, .F. ) ;
#2161 = AXIS2_PLACEMENT_3D ( 'NONE', #1180, #69, #1374 ) ;
#2162 = CIRCLE ( 'NONE', #483, 1.299999999999999156 ) ;
#2163 = DIRECTION ( 'NONE',  ( -1.261617073437680809E-15, 1.000000000000000000, -0.000000000000000000 ) ) ;
#2164 = ORIENTED_EDGE ( 'NONE', *, *, #1656, .F. ) ;
#2165 = ADVANCED_FACE ( 'NONE', ( #570 ), #1758, .F. ) ;
#2166 = ORIENTED_EDGE ( 'NONE', *, *, #94, .T. ) ;
#2167 = EDGE_CURVE ( 'NONE', #96, #677, #1402, .T. ) ;
#2168 = VERTEX_POINT ( 'NONE', #305 ) ;
#2169 = DIRECTION ( 'NONE',  ( 1.120514245875125521E-16, -1.000000000000000000, 0.000000000000000000 ) ) ;
#2170 = VECTOR ( 'NONE', #1914, 1000.000000000000000 ) ;
#2171 =( LENGTH_UNIT ( ) NAMED_UNIT ( * ) SI_UNIT ( .MILLI., .METRE. ) );
#2172 = EDGE_CURVE ( 'NONE', #159, #1287, #2153, .T. ) ;
#2173 = EDGE_LOOP ( 'NONE', ( #1645, #1553, #1449, #1772 ) ) ;
#2174 = CARTESIAN_POINT ( 'NONE',  ( -9.899494936611684892, -9.899494936611647589, -34.99999999999999289 ) ) ;
#2175 = CARTESIAN_POINT ( 'NONE',  ( 13.74772708486751327, -5.999999999999992006, 10.00000000000000000 ) ) ;
#2176 = VERTEX_POINT ( 'NONE', #272 ) ;
#2177 = ADVANCED_FACE ( 'NONE', ( #2307 ), #922, .T. ) ;
#2178 = EDGE_CURVE ( 'NONE', #1831, #2246, #257, .T. ) ;
#2179 = CARTESIAN_POINT ( 'NONE',  ( 15.00000000000000000, 2.585365464866632878E-15, -12.00000000000000000 ) ) ;
#2180 = DIRECTION ( 'NONE',  ( -1.261617073437680612E-15, 1.000000000000000000, -0.000000000000000000 ) ) ;
#2181 = CARTESIAN_POINT ( 'NONE',  ( 8.599494936611680629, -9.899494936611649365, -35.49999999999999289 ) ) ;
#2182 = DIRECTION ( 'NONE',  ( 1.000000000000000000, 0.000000000000000000, 0.000000000000000000 ) ) ;
#2183 = ORIENTED_EDGE ( 'NONE', *, *, #2009, .F. ) ;
#2184 = CONICAL_SURFACE ( 'NONE', #2196, 10.50000000000000178, 0.7853981633974415066 ) ;
#2185 = LINE ( 'NONE', #2116, #946 ) ;
#2186 = PLANE ( 'NONE',  #1954 ) ;
#2187 = DIRECTION ( 'NONE',  ( -1.000000000000000000, 0.000000000000000000, 0.000000000000000000 ) ) ;
#2188 = LINE ( 'NONE', #1316, #924 ) ;
#2189 = ADVANCED_FACE ( 'NONE', ( #1681 ), #1436, .F. ) ;
#2190 = ORIENTED_EDGE ( 'NONE', *, *, #991, .T. ) ;
#2191 = VECTOR ( 'NONE', #2355, 1000.000000000000000 ) ;
#2192 = VECTOR ( 'NONE', #2249, 1000.000000000000000 ) ;
#2193 = CARTESIAN_POINT ( 'NONE',  ( -5.999999999999991118, -26.60000000000000497, 5.000000000000000000 ) ) ;
#2194 = LINE ( 'NONE', #656, #187 ) ;
#2195 = ORIENTED_EDGE ( 'NONE', *, *, #283, .T. ) ;
#2196 = AXIS2_PLACEMENT_3D ( 'NONE', #2294, #236, #425 ) ;
#2197 = VERTEX_POINT ( 'NONE', #1619 ) ;
#2198 = VERTEX_POINT ( 'NONE', #886 ) ;
#2199 = DIRECTION ( 'NONE',  ( -0.7071067811865441310, 1.167718008152807972E-15, -0.7071067811865507924 ) ) ;
#2200 = ORIENTED_EDGE ( 'NONE', *, *, #1163, .F. ) ;
#2201 = ORIENTED_EDGE ( 'NONE', *, *, #1567, .T. ) ;
#2202 = ADVANCED_FACE ( 'NONE', ( #1821 ), #1596, .F. ) ;
#2203 = AXIS2_PLACEMENT_3D ( 'NONE', #1066, #911, #1081 ) ;
#2204 = DIRECTION ( 'NONE',  ( 1.000000000000000000, 0.000000000000000000, 0.000000000000000000 ) ) ;
#2205 = ORIENTED_EDGE ( 'NONE', *, *, #233, .F. ) ;
#2206 = AXIS2_PLACEMENT_3D ( 'NONE', #26, #993, #798 ) ;
#2207 = DIRECTION ( 'NONE',  ( 0.000000000000000000, 0.000000000000000000, 1.000000000000000000 ) ) ;
#2208 = AXIS2_PLACEMENT_3D ( 'NONE', #969, #1704, #2054 ) ;
#2209 = DIRECTION ( 'NONE',  ( 0.000000000000000000, 0.000000000000000000, -1.000000000000000000 ) ) ;
#2210 = CARTESIAN_POINT ( 'NONE',  ( -5.999999999999991118, -26.13137084989848802, 3.868629150101528857 ) ) ;
#2211 = ADVANCED_FACE ( 'NONE', ( #1186 ), #971, .F. ) ;
#2212 = CARTESIAN_POINT ( 'NONE',  ( -5.999999999999991118, -23.86862915010152619, 3.868629150101523972 ) ) ;
#2213 = EDGE_CURVE ( 'NONE', #716, #1204, #1979, .T. ) ;
#2214 = ORIENTED_EDGE ( 'NONE', *, *, #1130, .T. ) ;
#2215 = LINE ( 'NONE', #1563, #1735 ) ;
#2216 = VECTOR ( 'NONE', #2061, 999.9999999999998863 ) ;
#2217 = DIRECTION ( 'NONE',  ( -1.000000000000000000, -0.000000000000000000, -0.000000000000000000 ) ) ;
#2218 = FACE_OUTER_BOUND ( 'NONE', #2173, .T. ) ;
#2219 = CARTESIAN_POINT ( 'NONE',  ( -14.99999999999998401, -12.00000000000001954, -5.000000000000000000 ) ) ;
#2220 = VECTOR ( 'NONE', #345, 1000.000000000000000 ) ;
#2221 = VECTOR ( 'NONE', #1588, 1000.000000000000000 ) ;
#2222 = ORIENTED_EDGE ( 'NONE', *, *, #174, .T. ) ;
#2223 = DIRECTION ( 'NONE',  ( 0.000000000000000000, 1.000000000000000000, 0.000000000000000000 ) ) ;
#2224 = VERTEX_POINT ( 'NONE', #1810 ) ;
#2225 = ORIENTED_EDGE ( 'NONE', *, *, #1471, .F. ) ;
#2226 = ORIENTED_EDGE ( 'NONE', *, *, #760, .T. ) ;
#2227 = EDGE_CURVE ( 'NONE', #1879, #1056, #1110, .T. ) ;
#2228 = VERTEX_POINT ( 'NONE', #2384 ) ;
#2229 = PLANE ( 'NONE',  #488 ) ;
#2230 = LINE ( 'NONE', #1136, #2170 ) ;
#2231 = AXIS2_PLACEMENT_3D ( 'NONE', #476, #457, #1755 ) ;
#2232 = DIRECTION ( 'NONE',  ( -1.000000000000000000, 0.000000000000000000, 0.000000000000000000 ) ) ;
#2233 = ORIENTED_EDGE ( 'NONE', *, *, #1615, .F. ) ;
#2234 = CARTESIAN_POINT ( 'NONE',  ( 13.70000000000000639, -6.108191221630143275, -4.876184177228040539 ) ) ;
#2235 = ORIENTED_EDGE ( 'NONE', *, *, #2213, .F. ) ;
#2236 = EDGE_CURVE ( 'NONE', #2176, #421, #1315, .T. ) ;
#2237 = DIRECTION ( 'NONE',  ( -0.7071067811865441310, -8.920979878885053264E-16, -0.7071067811865507924 ) ) ;
#2238 = AXIS2_PLACEMENT_3D ( 'NONE', #515, #510, #685 ) ;
#2239 = CARTESIAN_POINT ( 'NONE',  ( 5.466666666666650798, -25.00000000000000000, 3.491505533468686195 ) ) ;
#2240 = CARTESIAN_POINT ( 'NONE',  ( -13.74772708486751860, -6.000000000000001776, 4.650983458808013893 ) ) ;
#2241 = CIRCLE ( 'NONE', #582, 1.300000000000000711 ) ;
#2242 = FACE_OUTER_BOUND ( 'NONE', #1740, .T. ) ;
#2243 = DIRECTION ( 'NONE',  ( -1.261617073437680809E-15, 1.000000000000000000, -0.000000000000000000 ) ) ;
#2244 = ORIENTED_EDGE ( 'NONE', *, *, #1105, .F. ) ;
#2245 = ORIENTED_EDGE ( 'NONE', *, *, #663, .F. ) ;
#2246 = VERTEX_POINT ( 'NONE', #797 ) ;
#2247 = VECTOR ( 'NONE', #275, 1000.000000000000114 ) ;
#2248 = VECTOR ( 'NONE', #675, 1000.000000000000000 ) ;
#2249 = DIRECTION ( 'NONE',  ( -0.000000000000000000, -0.000000000000000000, -1.000000000000000000 ) ) ;
#2250 = EDGE_CURVE ( 'NONE', #2176, #1879, #1075, .T. ) ;
#2251 = ORIENTED_EDGE ( 'NONE', *, *, #846, .T. ) ;
#2252 = CYLINDRICAL_SURFACE ( 'NONE', #1958, 1.600000000000000755 ) ;
#2253 = DIRECTION ( 'NONE',  ( -1.120514245875125521E-16, 1.000000000000000000, -0.000000000000000000 ) ) ;
#2254 = ORIENTED_EDGE ( 'NONE', *, *, #1967, .F. ) ;
#2255 = AXIS2_PLACEMENT_3D ( 'NONE', #916, #2180, #1620 ) ;
#2256 = CARTESIAN_POINT ( 'NONE',  ( 13.70000000000000639, -6.108191221630145940, -5.000000000000000000 ) ) ;
#2257 = ORIENTED_EDGE ( 'NONE', *, *, #1752, .T. ) ;
#2258 = ORIENTED_EDGE ( 'NONE', *, *, #1039, .T. ) ;
#2259 = DIRECTION ( 'NONE',  ( 1.651402644157012873E-16, 1.000000000000000000, -0.000000000000000000 ) ) ;
#2260 = AXIS2_PLACEMENT_3D ( 'NONE', #1388, #1748, #618 ) ;
#2261 = EDGE_CURVE ( 'NONE', #970, #1056, #1544, .T. ) ;
#2262 = VERTEX_POINT ( 'NONE', #790 ) ;
#2263 = CARTESIAN_POINT ( 'NONE',  ( -11.19949493661168383, -9.899494936611647589, -44.50000000000002842 ) ) ;
#2264 = DIRECTION ( 'NONE',  ( -0.7071067811865526798, 0.5000000000000006661, 0.4999999999999919509 ) ) ;
#2265 = PRODUCT_RELATED_PRODUCT_CATEGORY ( 'part', '', ( #1481 ) ) ;
#2266 = CARTESIAN_POINT ( 'NONE',  ( -8.599494936611684182, -9.899494936611647589, -44.50000000000002842 ) ) ;
#2267 = CARTESIAN_POINT ( 'NONE',  ( -15.00000000000000000, -1.892425610156521076E-14, -5.000000000000000000 ) ) ;
#2268 = ADVANCED_FACE ( 'NONE', ( #437 ), #1898, .F. ) ;
#2269 = EDGE_CURVE ( 'NONE', #124, #941, #316, .T. ) ;
#2270 = ORIENTED_EDGE ( 'NONE', *, *, #36, .F. ) ;
#2271 = CARTESIAN_POINT ( 'NONE',  ( -15.00000000000000000, -1.892425610156521076E-14, -5.000000000000000000 ) ) ;
#2272 = CARTESIAN_POINT ( 'NONE',  ( 5.999999999999991118, -25.00000000000000000, 5.000000000000000000 ) ) ;
#2273 = CARTESIAN_POINT ( 'NONE',  ( 6.500000000000006217, -25.00000000000000000, 2.030151519016468509 ) ) ;
#2274 = DIRECTION ( 'NONE',  ( 1.120514245875125521E-16, -1.000000000000000000, 0.000000000000000000 ) ) ;
#2275 = EDGE_CURVE ( 'NONE', #1518, #650, #462, .T. ) ;
#2276 = VECTOR ( 'NONE', #1964, 1000.000000000000000 ) ;
#2277 = VECTOR ( 'NONE', #2362, 1000.000000000000114 ) ;
#2278 = AXIS2_PLACEMENT_3D ( 'NONE', #2272, #1387, #2087 ) ;
#2279 = ORIENTED_EDGE ( 'NONE', *, *, #1999, .T. ) ;
#2280 = DIRECTION ( 'NONE',  ( -1.000000000000000000, 0.000000000000000000, 0.000000000000000000 ) ) ;
#2281 = CIRCLE ( 'NONE', #1305, 1.799999999999975175 ) ;
#2282 = CARTESIAN_POINT ( 'NONE',  ( 17.99999999999999645, 0.000000000000000000, 10.00000000000000000 ) ) ;
#2283 = LINE ( 'NONE', #440, #153 ) ;
#2284 = EDGE_CURVE ( 'NONE', #1848, #285, #1951, .T. ) ;
#2285 = LINE ( 'NONE', #754, #1659 ) ;
#2286 = DIRECTION ( 'NONE',  ( -0.7071067811865441310, -8.920979878885053264E-16, 0.7071067811865507924 ) ) ;
#2287 = LINE ( 'NONE', #1784, #2221 ) ;
#2288 = CARTESIAN_POINT ( 'NONE',  ( 8.599494936611680629, -9.899494936611649365, -34.99999999999999289 ) ) ;
#2289 = DIRECTION ( 'NONE',  ( -1.000000000000000000, 0.000000000000000000, 0.000000000000000000 ) ) ;
#2290 = PLANE ( 'NONE',  #1076 ) ;
#2291 = VERTEX_POINT ( 'NONE', #1720 ) ;
#2292 = VERTEX_POINT ( 'NONE', #72 ) ;
#2293 = ORIENTED_EDGE ( 'NONE', *, *, #1539, .F. ) ;
#2294 = CARTESIAN_POINT ( 'NONE',  ( 0.000000000000000000, 0.000000000000000000, -45.00000000000000000 ) ) ;
#2295 = CARTESIAN_POINT ( 'NONE',  ( 14.08076118445748115, 1.776452871731013912E-14, -5.919238815542508192 ) ) ;
#2296 = CARTESIAN_POINT ( 'NONE',  ( -9.899494936611684892, -9.899494936611647589, -35.49999999999999289 ) ) ;
#2297 = CIRCLE ( 'NONE', #2327, 1.300000000000000711 ) ;
#2298 = DIRECTION ( 'NONE',  ( -0.7071067811865512365, -8.920979878885151872E-16, -0.7071067811865439090 ) ) ;
#2299 = FACE_OUTER_BOUND ( 'NONE', #674, .T. ) ;
#2300 = EDGE_CURVE ( 'NONE', #1120, #1667, #2215, .T. ) ;
#2301 = DIRECTION ( 'NONE',  ( 1.000000000000000000, 0.000000000000000000, 0.000000000000000000 ) ) ;
#2302 = CARTESIAN_POINT ( 'NONE',  ( -9.899494936611684892, -9.899494936611647589, -44.50000000000002842 ) ) ;
#2303 = DIRECTION ( 'NONE',  ( -1.000000000000000000, 1.334402673828312452E-15, 0.000000000000000000 ) ) ;
#2304 = DIRECTION ( 'NONE',  ( -0.000000000000000000, 0.000000000000000000, -1.000000000000000000 ) ) ;
#2305 = FACE_OUTER_BOUND ( 'NONE', #1744, .T. ) ;
#2306 = EDGE_LOOP ( 'NONE', ( #890, #1962, #1009, #270 ) ) ;
#2307 = FACE_OUTER_BOUND ( 'NONE', #682, .T. ) ;
#2308 = LINE ( 'NONE', #1938, #435 ) ;
#2309 = EDGE_CURVE ( 'NONE', #1663, #22, #1341, .T. ) ;
#2310 = DIRECTION ( 'NONE',  ( -0.7071067811865512365, -0.5000000000000004441, 0.4999999999999942824 ) ) ;
#2311 = SURFACE_STYLE_FILL_AREA ( #433 ) ;
#2312 = DIRECTION ( 'NONE',  ( -0.7071067811865469066, -3.656258904105412973E-16, -0.7071067811865482389 ) ) ;
#2313 = CARTESIAN_POINT ( 'NONE',  ( 14.99999999999999822, 0.000000000000000000, -45.00000000000000000 ) ) ;
#2314 = VERTEX_POINT ( 'NONE', #1904 ) ;
#2315 = LINE ( 'NONE', #20, #2018 ) ;
#2316 = EDGE_CURVE ( 'NONE', #942, #1269, #2385, .T. ) ;
#2317 = ORIENTED_EDGE ( 'NONE', *, *, #249, .F. ) ;
#2318 = ORIENTED_EDGE ( 'NONE', *, *, #2269, .T. ) ;
#2319 = EDGE_LOOP ( 'NONE', ( #1303, #2132, #763, #2293 ) ) ;
#2320 = ORIENTED_EDGE ( 'NONE', *, *, #1648, .T. ) ;
#2321 = DIRECTION ( 'NONE',  ( -1.000000000000000000, 0.000000000000000000, 0.000000000000000000 ) ) ;
#2322 = DIRECTION ( 'NONE',  ( 0.000000000000000000, 0.000000000000000000, -1.000000000000000000 ) ) ;
#2323 = DIRECTION ( 'NONE',  ( 0.7071067811865512365, 8.920979878885151872E-16, -0.7071067811865439090 ) ) ;
#2324 = DIRECTION ( 'NONE',  ( -1.000000000000000000, 0.000000000000000000, 0.000000000000000000 ) ) ;
#2325 = PLANE ( 'NONE',  #1973 ) ;
#2326 = DIRECTION ( 'NONE',  ( -0.000000000000000000, -0.000000000000000000, -1.000000000000000000 ) ) ;
#2327 = AXIS2_PLACEMENT_3D ( 'NONE', #553, #2209, #1124 ) ;
#2328 = DIRECTION ( 'NONE',  ( -1.000000000000000000, 1.651402644157005379E-15, 0.000000000000000000 ) ) ;
#2329 = DIRECTION ( 'NONE',  ( -0.000000000000000000, -0.000000000000000000, -1.000000000000000000 ) ) ;
#2330 = AXIS2_PLACEMENT_3D ( 'NONE', #2026, #15, #1324 ) ;
#2331 = DIRECTION ( 'NONE',  ( -1.000000000000000000, 0.000000000000000000, 0.000000000000000000 ) ) ;
#2332 = CARTESIAN_POINT ( 'NONE',  ( -16.29999999999999361, -5.999999999999998224, 5.000000000000003553 ) ) ;
#2333 = LINE ( 'NONE', #282, #1655 ) ;
#2334 = LINE ( 'NONE', #374, #1048 ) ;
#2335 = FACE_OUTER_BOUND ( 'NONE', #1558, .T. ) ;
#2336 = AXIS2_PLACEMENT_3D ( 'NONE', #1509, #410, #984 ) ;
#2337 = DIRECTION ( 'NONE',  ( -0.7071067811865509034, -8.920979878885147928E-16, -0.7071067811865442421 ) ) ;
#2338 = VECTOR ( 'NONE', #430, 1000.000000000000000 ) ;
#2339 = ADVANCED_FACE ( 'NONE', ( #1896 ), #999, .T. ) ;
#2340 = ORIENTED_EDGE ( 'NONE', *, *, #2275, .F. ) ;
#2341 = LINE ( 'NONE', #290, #1846 ) ;
#2342 = DIRECTION ( 'NONE',  ( 0.000000000000000000, 1.000000000000000000, 0.000000000000000000 ) ) ;
#2343 = DIRECTION ( 'NONE',  ( 0.000000000000000000, 0.000000000000000000, 1.000000000000000000 ) ) ;
#2344 = EDGE_LOOP ( 'NONE', ( #804, #1754, #990, #1666 ) ) ;
#2345 = EDGE_CURVE ( 'NONE', #2075, #650, #2037, .T. ) ;
#2346 = DIRECTION ( 'NONE',  ( -0.000000000000000000, -0.000000000000000000, 1.000000000000000000 ) ) ;
#2347 = ORIENTED_EDGE ( 'NONE', *, *, #1072, .F. ) ;
#2348 = ORIENTED_EDGE ( 'NONE', *, *, #344, .T. ) ;
#2349 = ORIENTED_EDGE ( 'NONE', *, *, #1670, .T. ) ;
#2350 = CARTESIAN_POINT ( 'NONE',  ( 13.74772708486751327, -5.999999999999989342, 5.349016541191919494 ) ) ;
#2351 = AXIS2_PLACEMENT_3D ( 'NONE', #231, #791, #783 ) ;
#2352 = ADVANCED_FACE ( 'NONE', ( #737, #1107 ), #633, .F. ) ;
#2353 = AXIS2_PLACEMENT_3D ( 'NONE', #1064, #1264, #486 ) ;
#2354 = B_SPLINE_CURVE_WITH_KNOTS ( 'NONE', 3,
 ( #722, #690, #347, #1454 ),
 .UNSPECIFIED., .F., .F.,
 ( 4, 4 ),
 ( 0.000000000000000000, 0.0003736505989818310423 ),
 .UNSPECIFIED. ) ;
#2355 = DIRECTION ( 'NONE',  ( -7.923232216744271462E-17, 0.7071067811865435759, 0.7071067811865515695 ) ) ;
#2356 = CARTESIAN_POINT ( 'NONE',  ( -9.899494936611684892, -9.899494936611647589, -35.49999999999999289 ) ) ;
#2357 = EDGE_CURVE ( 'NONE', #1831, #776, #819, .T. ) ;
#2358 = CARTESIAN_POINT ( 'NONE',  ( 17.99999999999999645, 4.136584743786611026E-15, 10.00000000000000000 ) ) ;
#2359 = EDGE_CURVE ( 'NONE', #2, #2168, #53, .T. ) ;
#2360 = ADVANCED_FACE ( 'NONE', ( #1433 ), #2184, .F. ) ;
#2361 = VECTOR ( 'NONE', #1369, 1000.000000000000000 ) ;
#2362 = DIRECTION ( 'NONE',  ( 0.7071067811865502373, -0.000000000000000000, 0.7071067811865449082 ) ) ;
#2363 = LINE ( 'NONE', #1276, #1286 ) ;
#2364 = CARTESIAN_POINT ( 'NONE',  ( -18.99999999999999645, -6.000000000000000888, -11.00000000000001066 ) ) ;
#2365 = AXIS2_PLACEMENT_3D ( 'NONE', #2219, #1358, #1865 ) ;
#2366 = CARTESIAN_POINT ( 'NONE',  ( -9.899494936611684892, -9.899494936611647589, -45.00000000000000000 ) ) ;
#2367 = FACE_OUTER_BOUND ( 'NONE', #1668, .T. ) ;
#2368 = DIRECTION ( 'NONE',  ( -1.261617073437680612E-15, 1.000000000000000000, -0.000000000000000000 ) ) ;
#2369 = DIRECTION ( 'NONE',  ( -0.7071067811865441310, 0.000000000000000000, -0.7071067811865507924 ) ) ;
#2370 = ORIENTED_EDGE ( 'NONE', *, *, #563, .T. ) ;
#2371 = ORIENTED_EDGE ( 'NONE', *, *, #2359, .F. ) ;
#2372 = DIRECTION ( 'NONE',  ( 0.000000000000000000, 0.000000000000000000, -1.000000000000000000 ) ) ;
#2373 = ORIENTED_EDGE ( 'NONE', *, *, #1004, .F. ) ;
#2374 = EDGE_CURVE ( 'NONE', #955, #1452, #1839, .T. ) ;
#2375 = CARTESIAN_POINT ( 'NONE',  ( 15.00000000000000000, 1.892425610156521076E-14, -6.838477631085035036 ) ) ;
#2376 = EDGE_LOOP ( 'NONE', ( #2245, #1876, #358, #1034 ) ) ;
#2377 = DIRECTION ( 'NONE',  ( -1.000000000000000000, 0.000000000000000000, 0.000000000000000000 ) ) ;
#2378 = AXIS2_PLACEMENT_3D ( 'NONE', #574, #1849, #2045 ) ;
#2379 = EDGE_LOOP ( 'NONE', ( #1442, #1960, #719, #1635 ) ) ;
#2380 = PLANE ( 'NONE',  #59 ) ;
#2381 = DIRECTION ( 'NONE',  ( 0.000000000000000000, 0.000000000000000000, 1.000000000000000000 ) ) ;
#2382 = ADVANCED_FACE ( 'NONE', ( #761 ), #600, .F. ) ;
#2383 = EDGE_CURVE ( 'NONE', #831, #712, #1216, .T. ) ;
#2384 = CARTESIAN_POINT ( 'NONE',  ( 10.69949493661168205, -9.899494936611649365, -34.99999999999999289 ) ) ;
#2385 = LINE ( 'NONE', #812, #1654 ) ;
#2386 = VECTOR ( 'NONE', #162, 1000.000000000000000 ) ;
#2387 = CARTESIAN_POINT ( 'NONE',  ( -15.00000000000000000, -1.892425610156521076E-14, -6.838477631085035036 ) ) ;
#2388 = VECTOR ( 'NONE', #2329, 1000.000000000000000 ) ;
#2389 = FACE_OUTER_BOUND ( 'NONE', #1350, .T. ) ;
#2390 = LINE ( 'NONE', #2263, #2338 ) ;
ENDSEC;
END-ISO-10303-21;
