ISO-10303-21;
HEADER;
FILE_DESCRIPTION (( 'STEP AP214' ),
    '1' );
FILE_NAME ('¹ìµÀ½ÂÁ´¶Ë.STEP',
    '2026-07-29T04:04:32',
    ( 'HXX' ),
    ( '' ),
    'SwSTEP 2.0',
    'SolidWorks 2018',
    '' );
FILE_SCHEMA (( 'AUTOMOTIVE_DESIGN' ));
ENDSEC;

DATA;
#1 = PLANE ( 'NONE',  #1001 ) ;
#2 = VERTEX_POINT ( 'NONE', #1162 ) ;
#3 = ORIENTED_EDGE ( 'NONE', *, *, #2226, .T. ) ;
#4 = CARTESIAN_POINT ( 'NONE',  ( -9.899494936611681339, -9.899494936611649365, 9.499999999999985789 ) ) ;
#5 = CARTESIAN_POINT ( 'NONE',  ( -15.00000000000000000, -1.892425610156521076E-14, 5.000000000000003553 ) ) ;
#6 = EDGE_LOOP ( 'NONE', ( #794, #309, #1756, #1834, #1561 ) ) ;
#7 = ORIENTED_EDGE ( 'NONE', *, *, #703, .F. ) ;
#8 = DIRECTION ( 'NONE',  ( 0.000000000000000000, 0.7071067811865429098, -0.7071067811865522357 ) ) ;
#9 = AXIS2_PLACEMENT_3D ( 'NONE', #1046, #1446, #2273 ) ;
#10 = DIRECTION ( 'NONE',  ( -1.000000000000000000, -5.170730929733268713E-16, 0.000000000000000000 ) ) ;
#11 = AXIS2_PLACEMENT_3D ( 'NONE', #779, #2421, #573 ) ;
#12 = CYLINDRICAL_SURFACE ( 'NONE', #2088, 1.299999999999999156 ) ;
#13 = CARTESIAN_POINT ( 'NONE',  ( 7.500000000000003553, -26.48492424049180016, 3.515075759508217157 ) ) ;
#14 = EDGE_CURVE ( 'NONE', #1613, #1880, #898, .T. ) ;
#15 = DIRECTION ( 'NONE',  ( 1.000000000000000000, 1.261617073437680020E-15, 0.000000000000000000 ) ) ;
#16 = VECTOR ( 'NONE', #405, 1000.000000000000114 ) ;
#17 = CARTESIAN_POINT ( 'NONE',  ( 0.000000000000000000, 0.000000000000000000, 0.000000000000000000 ) ) ;
#18 = EDGE_CURVE ( 'NONE', #620, #1805, #966, .T. ) ;
#19 = B_SPLINE_CURVE_WITH_KNOTS ( 'NONE', 3,
 ( #840, #2054, #212, #418 ),
 .UNSPECIFIED., .F., .F.,
 ( 4, 4 ),
 ( 0.000000000000000000, 0.0006155163429381739319 ),
 .UNSPECIFIED. ) ;
#20 = CARTESIAN_POINT ( 'NONE',  ( -7.499999999999993783, -16.36306817195357155, 0.000000000000000000 ) ) ;
#21 = CARTESIAN_POINT ( 'NONE',  ( 15.00000000000006750, -53.99999999999998579, 5.000000000000000000 ) ) ;
#22 = CARTESIAN_POINT ( 'NONE',  ( -13.69999999999999574, -10.00000000000000711, -4.999999999999996447 ) ) ;
#23 = CARTESIAN_POINT ( 'NONE',  ( -7.499999999999994671, -12.99038105676658361, 10.00000000000000000 ) ) ;
#24 = ORIENTED_EDGE ( 'NONE', *, *, #1202, .F. ) ;
#25 = AXIS2_PLACEMENT_3D ( 'NONE', #1459, #461, #1864 ) ;
#26 = DIRECTION ( 'NONE',  ( 1.000000000000000000, 0.000000000000000000, 0.000000000000000000 ) ) ;
#27 = EDGE_LOOP ( 'NONE', ( #662, #1948, #2448, #1357, #2477, #1896 ) ) ;
#28 = ORIENTED_EDGE ( 'NONE', *, *, #105, .F. ) ;
#29 = ORIENTED_EDGE ( 'NONE', *, *, #1511, .F. ) ;
#30 = LINE ( 'NONE', #1134, #1081 ) ;
#31 = AXIS2_PLACEMENT_3D ( 'NONE', #1841, #2458, #644 ) ;
#32 = EDGE_CURVE ( 'NONE', #2102, #375, #116, .T. ) ;
#33 = VECTOR ( 'NONE', #972, 1000.000000000000000 ) ;
#34 = VECTOR ( 'NONE', #1161, 1000.000000000000000 ) ;
#35 = EDGE_CURVE ( 'NONE', #392, #1694, #2540, .T. ) ;
#36 = ORIENTED_EDGE ( 'NONE', *, *, #2222, .F. ) ;
#37 = ORIENTED_EDGE ( 'NONE', *, *, #78, .F. ) ;
#38 = CARTESIAN_POINT ( 'NONE',  ( -7.499999999999994671, -12.99038105676658361, 10.00000000000000000 ) ) ;
#39 = CARTESIAN_POINT ( 'NONE',  ( -6.999999999999985789, -26.13137084989848802, 3.868629150101531522 ) ) ;
#40 = CARTESIAN_POINT ( 'NONE',  ( 11.19949493661168205, -9.899494936611649365, 9.499999999999985789 ) ) ;
#41 = FACE_OUTER_BOUND ( 'NONE', #1778, .T. ) ;
#42 = DIRECTION ( 'NONE',  ( -1.625326138736737898E-16, 1.000000000000000000, 0.000000000000000000 ) ) ;
#43 = LINE ( 'NONE', #1158, #944 ) ;
#44 = EDGE_CURVE ( 'NONE', #1480, #929, #1752, .T. ) ;
#45 = DIRECTION ( 'NONE',  ( -1.000000000000000000, 0.000000000000000000, 0.000000000000000000 ) ) ;
#46 = CARTESIAN_POINT ( 'NONE',  ( -16.97056274847713908, -6.000000000000001776, 10.00000000000000000 ) ) ;
#47 = AXIS2_PLACEMENT_3D ( 'NONE', #400, #2400, #786 ) ;
#48 = VERTEX_POINT ( 'NONE', #985 ) ;
#49 = ADVANCED_FACE ( 'NONE', ( #2387 ), #2264, .F. ) ;
#50 = CARTESIAN_POINT ( 'NONE',  ( -10.14004279747716630, -0.1410233967334268146, -9.641023396733421791 ) ) ;
#51 = AXIS2_PLACEMENT_3D ( 'NONE', #2155, #1337, #1558 ) ;
#52 = CIRCLE ( 'NONE', #316, 10.50000000000000533 ) ;
#53 = VERTEX_POINT ( 'NONE', #1002 ) ;
#54 = LINE ( 'NONE', #1323, #895 ) ;
#55 = FACE_OUTER_BOUND ( 'NONE', #1282, .T. ) ;
#56 = DIRECTION ( 'NONE',  ( -1.000000000000000000, 0.000000000000000000, 0.000000000000000000 ) ) ;
#57 = STYLED_ITEM ( 'NONE', ( #2181 ), #2052 ) ;
#58 = LINE ( 'NONE', #2035, #868 ) ;
#59 = DIRECTION ( 'NONE',  ( -0.7071067811865455743, 0.000000000000000000, 0.7071067811865495711 ) ) ;
#60 = ORIENTED_EDGE ( 'NONE', *, *, #1963, .F. ) ;
#61 = ORIENTED_EDGE ( 'NONE', *, *, #313, .F. ) ;
#62 = CARTESIAN_POINT ( 'NONE',  ( 16.30000000000000782, -5.999999999999993783, 5.000000000000000000 ) ) ;
#63 = ORIENTED_EDGE ( 'NONE', *, *, #447, .F. ) ;
#64 = CARTESIAN_POINT ( 'NONE',  ( 15.00000000000011724, 6.298183538472149455E-15, -5.000000000000000000 ) ) ;
#65 = EDGE_CURVE ( 'NONE', #1661, #186, #208, .T. ) ;
#66 = ADVANCED_FACE ( 'NONE', ( #2069 ), #1380, .T. ) ;
#67 = VERTEX_POINT ( 'NONE', #1589 ) ;
#68 = ORIENTED_EDGE ( 'NONE', *, *, #2275, .T. ) ;
#69 = DIRECTION ( 'NONE',  ( 1.000000000000000000, -1.816542908572705680E-15, 0.000000000000000000 ) ) ;
#70 = CARTESIAN_POINT ( 'NONE',  ( 10.09989391884077570, -0.1799497329032179460, -9.601419718901061273 ) ) ;
#71 = CARTESIAN_POINT ( 'NONE',  ( 13.70000000000012186, -6.108191221629870604, -4.876184177228217287 ) ) ;
#72 = CARTESIAN_POINT ( 'NONE',  ( -13.69999999999991047, -6.108191221631486201, -5.124461364419222953 ) ) ;
#73 = FACE_OUTER_BOUND ( 'NONE', #2033, .T. ) ;
#74 = AXIS2_PLACEMENT_3D ( 'NONE', #2212, #376, #2190 ) ;
#75 = LINE ( 'NONE', #1397, #386 ) ;
#76 = EDGE_CURVE ( 'NONE', #83, #144, #2128, .T. ) ;
#77 = ADVANCED_FACE ( 'NONE', ( #1943 ), #1, .T. ) ;
#78 = EDGE_CURVE ( 'NONE', #713, #83, #115, .T. ) ;
#79 = CARTESIAN_POINT ( 'NONE',  ( -9.099494936611685958, -9.899494936611649365, 2.000000000000000000 ) ) ;
#80 = ORIENTED_EDGE ( 'NONE', *, *, #727, .T. ) ;
#81 = ORIENTED_EDGE ( 'NONE', *, *, #757, .F. ) ;
#82 = ORIENTED_EDGE ( 'NONE', *, *, #195, .T. ) ;
#83 = VERTEX_POINT ( 'NONE', #2584 ) ;
#84 = FACE_OUTER_BOUND ( 'NONE', #2012, .T. ) ;
#85 = CARTESIAN_POINT ( 'NONE',  ( -46.50000000000003553, -25.00000000000002132, 5.000000000000000000 ) ) ;
#86 = ORIENTED_EDGE ( 'NONE', *, *, #1861, .T. ) ;
#87 = LINE ( 'NONE', #635, #1245 ) ;
#88 = VECTOR ( 'NONE', #2316, 1000.000000000000114 ) ;
#89 = CARTESIAN_POINT ( 'NONE',  ( -15.00000000000000000, -1.892425610156521076E-14, 3.161522368914970293 ) ) ;
#90 = ADVANCED_FACE ( 'NONE', ( #180 ), #1878, .F. ) ;
#91 = EDGE_LOOP ( 'NONE', ( #646, #1435, #68, #2534, #1819 ) ) ;
#92 = EDGE_CURVE ( 'NONE', #1089, #114, #58, .T. ) ;
#93 = DIRECTION ( 'NONE',  ( -0.7071067811865453523, -8.920979878885059181E-16, -0.7071067811865496822 ) ) ;
#94 = CARTESIAN_POINT ( 'NONE',  ( -14.08076118445747760, 0.000000000000000000, 4.080761184457497137 ) ) ;
#95 = ORIENTED_EDGE ( 'NONE', *, *, #1586, .F. ) ;
#96 = ORIENTED_EDGE ( 'NONE', *, *, #137, .F. ) ;
#97 = EDGE_CURVE ( 'NONE', #599, #2444, #19, .T. ) ;
#98 = LINE ( 'NONE', #354, #1443 ) ;
#99 = SURFACE_STYLE_FILL_AREA ( #1266 ) ;
#100 =( LENGTH_UNIT ( ) NAMED_UNIT ( * ) SI_UNIT ( .MILLI., .METRE. ) );
#101 = CIRCLE ( 'NONE', #2216, 1.299999999999995604 ) ;
#102 = CARTESIAN_POINT ( 'NONE',  ( -8.580761184457440294, -6.000000000000001776, -0.4192388155423495411 ) ) ;
#103 = EDGE_LOOP ( 'NONE', ( #2546, #592, #891, #1177, #203, #1453 ) ) ;
#104 = ORIENTED_EDGE ( 'NONE', *, *, #2206, .F. ) ;
#105 = EDGE_CURVE ( 'NONE', #2500, #1629, #1114, .T. ) ;
#106 = CARTESIAN_POINT ( 'NONE',  ( -9.988655696858588229, -0.4761904761904762751, -9.499999999999996447 ) ) ;
#107 = EDGE_LOOP ( 'NONE', ( #424, #458, #2571, #271 ) ) ;
#108 = LINE ( 'NONE', #1370, #488 ) ;
#109 = DIRECTION ( 'NONE',  ( -4.198789025648066801E-16, 1.000000000000000000, -0.000000000000000000 ) ) ;
#110 = DIRECTION ( 'NONE',  ( -0.7071067811865405783, 0.000000000000000000, -0.7071067811865545671 ) ) ;
#111 = ORIENTED_EDGE ( 'NONE', *, *, #2148, .F. ) ;
#112 = VECTOR ( 'NONE', #125, 1000.000000000000000 ) ;
#113 = FACE_OUTER_BOUND ( 'NONE', #888, .T. ) ;
#114 = VERTEX_POINT ( 'NONE', #831 ) ;
#115 = LINE ( 'NONE', #1608, #1659 ) ;
#116 = LINE ( 'NONE', #1777, #2204 ) ;
#117 = DIRECTION ( 'NONE',  ( 0.000000000000000000, 0.000000000000000000, -1.000000000000000000 ) ) ;
#118 = ORIENTED_EDGE ( 'NONE', *, *, #1287, .T. ) ;
#119 = DIRECTION ( 'NONE',  ( -4.198789025648066801E-16, 1.000000000000000000, -0.000000000000000000 ) ) ;
#120 = ORIENTED_EDGE ( 'NONE', *, *, #729, .F. ) ;
#121 = ORIENTED_EDGE ( 'NONE', *, *, #1908, .F. ) ;
#122 = EDGE_CURVE ( 'NONE', #990, #925, #1183, .T. ) ;
#123 = VECTOR ( 'NONE', #2251, 1000.000000000000000 ) ;
#124 = DIRECTION ( 'NONE',  ( 0.000000000000000000, 0.000000000000000000, 1.000000000000000000 ) ) ;
#125 = DIRECTION ( 'NONE',  ( -0.000000000000000000, -0.000000000000000000, -1.000000000000000000 ) ) ;
#126 = FACE_OUTER_BOUND ( 'NONE', #1107, .T. ) ;
#127 = DIRECTION ( 'NONE',  ( 0.000000000000000000, 0.000000000000000000, -1.000000000000000000 ) ) ;
#128 = LINE ( 'NONE', #1078, #2147 ) ;
#129 = AXIS2_PLACEMENT_3D ( 'NONE', #2580, #1358, #8 ) ;
#130 = DIRECTION ( 'NONE',  ( 1.000000000000000000, 0.000000000000000000, 0.000000000000000000 ) ) ;
#131 = CARTESIAN_POINT ( 'NONE',  ( -13.69999999999993889, -6.108191221631028789, 5.124872620837908066 ) ) ;
#132 = CARTESIAN_POINT ( 'NONE',  ( -10.09991960503876030, -0.1799248288557862008, -9.601445056293892222 ) ) ;
#133 = AXIS2_PLACEMENT_3D ( 'NONE', #139, #343, #2365 ) ;
#134 = CARTESIAN_POINT ( 'NONE',  ( 6.013708050052929420E-15, -25.99999999999998934, 10.00000000000000000 ) ) ;
#135 = ORIENTED_EDGE ( 'NONE', *, *, #2502, .T. ) ;
#136 = DIRECTION ( 'NONE',  ( 1.000000000000000000, 0.000000000000000000, 0.000000000000000000 ) ) ;
#137 = EDGE_CURVE ( 'NONE', #407, #1970, #2609, .T. ) ;
#138 = EDGE_LOOP ( 'NONE', ( #1852, #1976, #1747, #1873 ) ) ;
#139 = CARTESIAN_POINT ( 'NONE',  ( 0.000000000000000000, 0.000000000000000000, 10.00000000000000000 ) ) ;
#140 = EDGE_CURVE ( 'NONE', #556, #2544, #245, .T. ) ;
#141 = VERTEX_POINT ( 'NONE', #2461 ) ;
#142 = CONICAL_SURFACE ( 'NONE', #1483, 14.49999999999997868, 0.7853981633974482790 ) ;
#143 = CARTESIAN_POINT ( 'NONE',  ( -13.74772708486751860, -6.000000000000001776, 0.000000000000000000 ) ) ;
#144 = VERTEX_POINT ( 'NONE', #1043 ) ;
#145 = FACE_OUTER_BOUND ( 'NONE', #2484, .T. ) ;
#146 = CIRCLE ( 'NONE', #807, 1.300000000000002487 ) ;
#147 = DIRECTION ( 'NONE',  ( -4.198789025648066801E-16, 1.000000000000000000, 0.000000000000000000 ) ) ;
#148 = AXIS2_PLACEMENT_3D ( 'NONE', #2116, #2351, #908 ) ;
#149 = ORIENTED_EDGE ( 'NONE', *, *, #1551, .F. ) ;
#150 = VERTEX_POINT ( 'NONE', #619 ) ;
#151 = AXIS2_PLACEMENT_3D ( 'NONE', #2551, #117, #723 ) ;
#152 = ORIENTED_EDGE ( 'NONE', *, *, #693, .F. ) ;
#153 = CARTESIAN_POINT ( 'NONE',  ( -9.899494936611681339, -9.899494936611649365, 10.00000000000000000 ) ) ;
#154 = DIRECTION ( 'NONE',  ( -1.000000000000000000, -5.170730929733268713E-16, 0.000000000000000000 ) ) ;
#155 = VERTEX_POINT ( 'NONE', #1244 ) ;
#156 = CARTESIAN_POINT ( 'NONE',  ( 10.48808848170151720, 2.523774208780573506E-16, -9.499999999999996447 ) ) ;
#157 = FACE_OUTER_BOUND ( 'NONE', #2210, .T. ) ;
#158 = EDGE_CURVE ( 'NONE', #2344, #324, #1522, .T. ) ;
#159 = CIRCLE ( 'NONE', #406, 1.800000000000016920 ) ;
#160 = PLANE ( 'NONE',  #374 ) ;
#161 = FACE_OUTER_BOUND ( 'NONE', #1034, .T. ) ;
#162 = DIRECTION ( 'NONE',  ( -0.7071067811865409114, 0.000000000000000000, -0.7071067811865541231 ) ) ;
#163 = CARTESIAN_POINT ( 'NONE',  ( -15.90264957659399236, -6.000000000000001776, -1.006838194075996729 ) ) ;
#164 = PLANE ( 'NONE',  #2581 ) ;
#165 = CARTESIAN_POINT ( 'NONE',  ( -10.48808848170151720, 0.000000000000000000, 9.988088481701506538 ) ) ;
#166 = CARTESIAN_POINT ( 'NONE',  ( 13.74772708486781525, -5.999999999999599432, -5.349016541196018437 ) ) ;
#167 = CARTESIAN_POINT ( 'NONE',  ( 13.74772708486750972, -5.999999999999995559, -3.000000000000019984 ) ) ;
#168 = CARTESIAN_POINT ( 'NONE',  ( 6.999999999999950262, -26.13137084989848091, 3.868629150101530634 ) ) ;
#169 = CARTESIAN_POINT ( 'NONE',  ( 13.69999999999995488, -6.108191221630996814, 4.875127379162131902 ) ) ;
#170 = ORIENTED_EDGE ( 'NONE', *, *, #1876, .F. ) ;
#171 = ORIENTED_EDGE ( 'NONE', *, *, #44, .T. ) ;
#172 = CARTESIAN_POINT ( 'NONE',  ( 13.71904312910495705, -6.065723199256317422, 5.246098379268598677 ) ) ;
#173 = CARTESIAN_POINT ( 'NONE',  ( -10.48808848170151720, 0.000000000000000000, -9.499999999999996447 ) ) ;
#174 = ORIENTED_EDGE ( 'NONE', *, *, #1570, .F. ) ;
#175 = CIRCLE ( 'NONE', #369, 1.300000000000002487 ) ;
#176 = EDGE_CURVE ( 'NONE', #1897, #409, #1214, .T. ) ;
#177 = DIRECTION ( 'NONE',  ( -0.7071067811865444641, 0.000000000000000000, -0.7071067811865505703 ) ) ;
#178 = LINE ( 'NONE', #2151, #33 ) ;
#179 = CIRCLE ( 'NONE', #1636, 1.299999999999995604 ) ;
#180 = FACE_OUTER_BOUND ( 'NONE', #953, .T. ) ;
#181 = EDGE_LOOP ( 'NONE', ( #2410, #469, #204, #1885, #1806 ) ) ;
#182 = CARTESIAN_POINT ( 'NONE',  ( -13.71923573087805615, -6.065281893154213400, -4.753210564705669050 ) ) ;
#183 = DIRECTION ( 'NONE',  ( -0.7071067811865451302, 1.284489808968090387E-15, 0.7071067811865500152 ) ) ;
#184 = ORIENTED_EDGE ( 'NONE', *, *, #2257, .T. ) ;
#185 = CARTESIAN_POINT ( 'NONE',  ( 2.585365464866681688E-16, -0.5000000000000091038, -10.00000000000000000 ) ) ;
#186 = VERTEX_POINT ( 'NONE', #1813 ) ;
#187 = ORIENTED_EDGE ( 'NONE', *, *, #1159, .F. ) ;
#188 = PRODUCT_DEFINITION ( 'Î´Öª', '', #1527, #2208 ) ;
#189 = DIRECTION ( 'NONE',  ( -0.7071067811865455743, 0.5000000000000051070, -0.4999999999999976685 ) ) ;
#190 = DIRECTION ( 'NONE',  ( 0.000000000000000000, -0.000000000000000000, 1.000000000000000000 ) ) ;
#191 = LINE ( 'NONE', #39, #1127 ) ;
#192 = CARTESIAN_POINT ( 'NONE',  ( -10.26926126421071217, -0.03389637934396794172, 9.769017730564488744 ) ) ;
#193 = LINE ( 'NONE', #1925, #2522 ) ;
#194 = ADVANCED_FACE ( 'NONE', ( #660 ), #435, .T. ) ;
#195 = EDGE_CURVE ( 'NONE', #341, #1479, #2009, .T. ) ;
#196 = CIRCLE ( 'NONE', #1470, 1.599999999999998090 ) ;
#197 = CARTESIAN_POINT ( 'NONE',  ( 10.50000000000000888, 2.585365464866672321E-16, 10.00000000000000000 ) ) ;
#198 = DIRECTION ( 'NONE',  ( 0.000000000000000000, 0.000000000000000000, 1.000000000000000000 ) ) ;
#199 = CARTESIAN_POINT ( 'NONE',  ( -14.99999999999999467, -6.298183538472098179E-15, -6.838477631085033259 ) ) ;
#200 = ORIENTED_EDGE ( 'NONE', *, *, #140, .T. ) ;
#201 = AXIS2_PLACEMENT_3D ( 'NONE', #1996, #789, #198 ) ;
#202 = ORIENTED_EDGE ( 'NONE', *, *, #1657, .T. ) ;
#203 = ORIENTED_EDGE ( 'NONE', *, *, #1986, .F. ) ;
#204 = ORIENTED_EDGE ( 'NONE', *, *, #480, .F. ) ;
#205 = CIRCLE ( 'NONE', #148, 1.299999999999997380 ) ;
#206 = DIRECTION ( 'NONE',  ( 1.000000000000000000, 0.000000000000000000, -0.000000000000000000 ) ) ;
#207 = EDGE_CURVE ( 'NONE', #682, #1403, #690, .T. ) ;
#208 = CIRCLE ( 'NONE', #543, 2.100000000000011635 ) ;
#209 = CIRCLE ( 'NONE', #2402, 1.300000000000000711 ) ;
#210 = B_SPLINE_CURVE_WITH_KNOTS ( 'NONE', 3,
 ( #1166, #1565, #169, #987 ),
 .UNSPECIFIED., .F., .F.,
 ( 4, 4 ),
 ( 0.000000000000000000, 0.0003736505989817316209 ),
 .UNSPECIFIED. ) ;
#211 = DIRECTION ( 'NONE',  ( 0.000000000000000000, 0.000000000000000000, 1.000000000000000000 ) ) ;
#212 = CARTESIAN_POINT ( 'NONE',  ( 10.25740135707902390, -0.2600254784347367787, -9.760025478434732449 ) ) ;
#213 = EDGE_LOOP ( 'NONE', ( #596, #1023, #1809, #1465 ) ) ;
#214 = EDGE_LOOP ( 'NONE', ( #735, #903 ) ) ;
#215 = ORIENTED_EDGE ( 'NONE', *, *, #2436, .T. ) ;
#216 = DIRECTION ( 'NONE',  ( 1.000000000000000000, 0.000000000000000000, 0.000000000000000000 ) ) ;
#217 = ORIENTED_EDGE ( 'NONE', *, *, #1908, .T. ) ;
#218 = CARTESIAN_POINT ( 'NONE',  ( -13.41640786499871751, -5.499999999999994671, -10.00000000000000000 ) ) ;
#219 = ADVANCED_FACE ( 'NONE', ( #1335 ), #2356, .F. ) ;
#220 = CARTESIAN_POINT ( 'NONE',  ( 0.000000000000000000, 0.000000000000000000, 0.000000000000000000 ) ) ;
#221 = FACE_OUTER_BOUND ( 'NONE', #988, .T. ) ;
#222 = DIRECTION ( 'NONE',  ( 1.000000000000000000, 4.198789025648072224E-16, 0.000000000000000000 ) ) ;
#223 = VECTOR ( 'NONE', #1820, 1000.000000000000000 ) ;
#224 = CARTESIAN_POINT ( 'NONE',  ( -13.74772708486751860, -5.999999999999998224, 5.349016541191995877 ) ) ;
#225 = EDGE_CURVE ( 'NONE', #1049, #1626, #2452, .T. ) ;
#226 = DIRECTION ( 'NONE',  ( -1.000000000000000000, -2.312964634635742957E-16, 0.000000000000000000 ) ) ;
#227 = CYLINDRICAL_SURFACE ( 'NONE', #2219, 14.99999999999998579 ) ;
#228 = EDGE_CURVE ( 'NONE', #628, #1064, #1590, .T. ) ;
#229 = B_SPLINE_CURVE_WITH_KNOTS ( 'NONE', 3,
 ( #2395, #1793, #172, #569 ),
 .UNSPECIFIED., .F., .F.,
 ( 4, 4 ),
 ( 0.0003736505989817316209, 0.0007457306748664728219 ),
 .UNSPECIFIED. ) ;
#230 = DIRECTION ( 'NONE',  ( -0.000000000000000000, -0.000000000000000000, 1.000000000000000000 ) ) ;
#231 = DIRECTION ( 'NONE',  ( 0.7071067811865491270, 0.000000000000000000, 0.7071067811865459074 ) ) ;
#232 = ADVANCED_FACE ( 'NONE', ( #770, #2420, #1814 ), #1686, .T. ) ;
#233 = DIRECTION ( 'NONE',  ( 0.000000000000000000, 0.000000000000000000, 1.000000000000000000 ) ) ;
#234 = AXIS2_PLACEMENT_3D ( 'NONE', #1807, #1434, #235 ) ;
#235 = DIRECTION ( 'NONE',  ( 1.000000000000000000, 0.000000000000000000, 0.000000000000000000 ) ) ;
#236 = PLANE ( 'NONE',  #31 ) ;
#237 = VERTEX_POINT ( 'NONE', #853 ) ;
#238 = ORIENTED_EDGE ( 'NONE', *, *, #986, .T. ) ;
#239 = ORIENTED_EDGE ( 'NONE', *, *, #1344, .F. ) ;
#240 = CIRCLE ( 'NONE', #719, 0.7999999999999951594 ) ;
#241 = AXIS2_PLACEMENT_3D ( 'NONE', #1646, #1047, #1860 ) ;
#242 = FACE_OUTER_BOUND ( 'NONE', #138, .T. ) ;
#243 = CARTESIAN_POINT ( 'NONE',  ( -46.50000000000003553, -25.00000000000002132, 5.000000000000000000 ) ) ;
#244 = CIRCLE ( 'NONE', #2486, 1.800000000000016920 ) ;
#245 = CIRCLE ( 'NONE', #1347, 1.299999999999997380 ) ;
#246 = EDGE_CURVE ( 'NONE', #2312, #741, #994, .T. ) ;
#247 = VERTEX_POINT ( 'NONE', #1651 ) ;
#248 = EDGE_LOOP ( 'NONE', ( #698, #627, #2475, #61 ) ) ;
#249 = ADVANCED_FACE ( 'NONE', ( #145 ), #621, .T. ) ;
#250 = B_SPLINE_CURVE_WITH_KNOTS ( 'NONE', 3,
 ( #355, #1559, #1990, #756, #2205, #192, #1201, #165 ),
 .UNSPECIFIED., .F., .F.,
 ( 4, 2, 2, 4 ),
 ( 2.168404344971008868E-19, 0.0002309448865816312061, 0.0004618897731632621954, 0.0009237795463265241740 ),
 .UNSPECIFIED. ) ;
#251 = ORIENTED_EDGE ( 'NONE', *, *, #507, .T. ) ;
#252 = CARTESIAN_POINT ( 'NONE',  ( 25.41923881554253839, -6.000000000000008882, 3.580761184457582846 ) ) ;
#253 = ORIENTED_EDGE ( 'NONE', *, *, #2283, .T. ) ;
#254 = VERTEX_POINT ( 'NONE', #667 ) ;
#255 = CIRCLE ( 'NONE', #2281, 17.99999999999997513 ) ;
#256 = PLANE ( 'NONE',  #2419 ) ;
#257 = DIRECTION ( 'NONE',  ( -1.000000000000000000, -0.000000000000000000, -0.000000000000000000 ) ) ;
#258 = AXIS2_PLACEMENT_3D ( 'NONE', #1257, #466, #1867 ) ;
#259 = FACE_OUTER_BOUND ( 'NONE', #774, .T. ) ;
#260 = LINE ( 'NONE', #345, #1699 ) ;
#261 = CARTESIAN_POINT ( 'NONE',  ( 16.30000000000011795, -9.999999999999992895, -5.000000000000000000 ) ) ;
#262 = ADVANCED_FACE ( 'NONE', ( #1274 ), #2233, .F. ) ;
#263 = LINE ( 'NONE', #79, #1736 ) ;
#264 = EDGE_CURVE ( 'NONE', #609, #2237, #2294, .T. ) ;
#265 = CARTESIAN_POINT ( 'NONE',  ( 19.00000000000000355, -5.999999999999997335, 10.00000000000000000 ) ) ;
#266 = DIRECTION ( 'NONE',  ( -0.000000000000000000, -0.000000000000000000, -1.000000000000000000 ) ) ;
#267 = EDGE_LOOP ( 'NONE', ( #2428, #1326, #630, #2271, #1789, #1187, #7 ) ) ;
#268 = VERTEX_POINT ( 'NONE', #704 ) ;
#269 = CARTESIAN_POINT ( 'NONE',  ( 6.999999999999950262, -23.40000000000000568, 5.000000000000000000 ) ) ;
#270 = VERTEX_POINT ( 'NONE', #523 ) ;
#271 = ORIENTED_EDGE ( 'NONE', *, *, #1508, .F. ) ;
#272 = CARTESIAN_POINT ( 'NONE',  ( -16.29999999999993321, -54.00000000000002842, 5.000000000000003553 ) ) ;
#273 = EDGE_LOOP ( 'NONE', ( #1278, #1936, #2288, #2598 ) ) ;
#274 = LINE ( 'NONE', #385, #361 ) ;
#275 = ADVANCED_FACE ( 'NONE', ( #1055 ), #1094, .F. ) ;
#276 = CARTESIAN_POINT ( 'NONE',  ( 9.899494936611681339, -9.899494936611649365, 2.000000000000000000 ) ) ;
#277 = AXIS2_PLACEMENT_3D ( 'NONE', #602, #1409, #2415 ) ;
#278 = VECTOR ( 'NONE', #1436, 1000.000000000000000 ) ;
#279 = LINE ( 'NONE', #1915, #88 ) ;
#280 = EDGE_CURVE ( 'NONE', #609, #391, #1907, .T. ) ;
#281 = ORIENTED_EDGE ( 'NONE', *, *, #729, .T. ) ;
#282 = DIRECTION ( 'NONE',  ( -1.000000000000000000, -2.312964634635742957E-16, 0.000000000000000000 ) ) ;
#283 = ORIENTED_EDGE ( 'NONE', *, *, #307, .F. ) ;
#284 = CARTESIAN_POINT ( 'NONE',  ( 6.999999999999950262, -25.00000000000000000, 5.000000000000000000 ) ) ;
#285 = EDGE_CURVE ( 'NONE', #1086, #268, #1847, .T. ) ;
#286 = EDGE_LOOP ( 'NONE', ( #2192, #1213, #439, #2396 ) ) ;
#287 = AXIS2_PLACEMENT_3D ( 'NONE', #2137, #532, #1945 ) ;
#288 = FACE_OUTER_BOUND ( 'NONE', #1495, .T. ) ;
#289 = ADVANCED_FACE ( 'NONE', ( #1785 ), #726, .F. ) ;
#290 = CARTESIAN_POINT ( 'NONE',  ( 10.27372214789923355, -0.04485314809425625104, 9.773804002207990393 ) ) ;
#291 = AXIS2_PLACEMENT_3D ( 'NONE', #17, #1408, #206 ) ;
#292 = EDGE_CURVE ( 'NONE', #144, #2159, #2323, .T. ) ;
#293 = CARTESIAN_POINT ( 'NONE',  ( 7.499999999999998224, -22.98011476887517546, 0.01026628789154229726 ) ) ;
#294 = CARTESIAN_POINT ( 'NONE',  ( 10.14004279747716808, -0.1410233967334272587, -9.641023396733423567 ) ) ;
#295 = EDGE_CURVE ( 'NONE', #358, #682, #467, .T. ) ;
#296 = CARTESIAN_POINT ( 'NONE',  ( 10.48808848170151720, 2.523774208780567589E-16, 9.988088481701506538 ) ) ;
#297 = ADVANCED_FACE ( 'NONE', ( #518 ), #399, .F. ) ;
#298 = ORIENTED_EDGE ( 'NONE', *, *, #307, .T. ) ;
#299 = ORIENTED_EDGE ( 'NONE', *, *, #843, .T. ) ;
#300 = CARTESIAN_POINT ( 'NONE',  ( 19.00000000000000355, 4.653657836759941941E-15, 8.999999999999992895 ) ) ;
#301 = FACE_OUTER_BOUND ( 'NONE', #1000, .T. ) ;
#302 = FACE_OUTER_BOUND ( 'NONE', #1246, .T. ) ;
#303 = CYLINDRICAL_SURFACE ( 'NONE', #594, 10.00000000000000178 ) ;
#304 = EDGE_LOOP ( 'NONE', ( #1929, #1682, #1592, #2353 ) ) ;
#305 = CARTESIAN_POINT ( 'NONE',  ( -13.74772708486750972, -5.999999999999995559, -3.000000000000019984 ) ) ;
#306 = VERTEX_POINT ( 'NONE', #2524 ) ;
#307 = EDGE_CURVE ( 'NONE', #358, #990, #553, .T. ) ;
#308 = DIRECTION ( 'NONE',  ( -4.198789025648066801E-16, 1.000000000000000000, -0.000000000000000000 ) ) ;
#309 = ORIENTED_EDGE ( 'NONE', *, *, #882, .F. ) ;
#310 = CARTESIAN_POINT ( 'NONE',  ( 9.988655696858588229, -0.4761904761904761085, 9.499999999999992895 ) ) ;
#311 = ORIENTED_EDGE ( 'NONE', *, *, #1704, .F. ) ;
#312 = ORIENTED_EDGE ( 'NONE', *, *, #879, .F. ) ;
#313 = EDGE_CURVE ( 'NONE', #1585, #2156, #1904, .T. ) ;
#314 = DIRECTION ( 'NONE',  ( -4.198789025648066801E-16, 1.000000000000000000, -0.000000000000000000 ) ) ;
#315 = DIRECTION ( 'NONE',  ( -4.198789025648066801E-16, 1.000000000000000000, -0.000000000000000000 ) ) ;
#316 = AXIS2_PLACEMENT_3D ( 'NONE', #323, #1732, #736 ) ;
#317 = LINE ( 'NONE', #2180, #1231 ) ;
#318 = LINE ( 'NONE', #576, #676 ) ;
#319 = CARTESIAN_POINT ( 'NONE',  ( -9.899494936611681339, -9.899494936611649365, 2.000000000000000000 ) ) ;
#320 = DIRECTION ( 'NONE',  ( 1.000000000000000000, 3.939108803222883483E-16, -0.000000000000000000 ) ) ;
#321 = AXIS2_PLACEMENT_3D ( 'NONE', #2562, #1553, #335 ) ;
#322 = DIRECTION ( 'NONE',  ( 0.5773502691896231775, -0.5773502691896270633, -0.5773502691896270633 ) ) ;
#323 = CARTESIAN_POINT ( 'NONE',  ( 0.000000000000000000, 0.000000000000000000, -10.00000000000000000 ) ) ;
#324 = VERTEX_POINT ( 'NONE', #305 ) ;
#325 = EDGE_CURVE ( 'NONE', #430, #67, #1488, .T. ) ;
#326 = CARTESIAN_POINT ( 'NONE',  ( -14.08076118445747049, -5.999999999999998224, 4.080761184457497137 ) ) ;
#327 = DIRECTION ( 'NONE',  ( -1.000000000000000000, 0.000000000000000000, -0.000000000000000000 ) ) ;
#328 = ORIENTED_EDGE ( 'NONE', *, *, #606, .F. ) ;
#329 = ORIENTED_EDGE ( 'NONE', *, *, #295, .T. ) ;
#330 = VECTOR ( 'NONE', #1707, 1000.000000000000000 ) ;
#331 = DIRECTION ( 'NONE',  ( 1.000000000000000000, 0.000000000000000000, -0.000000000000000000 ) ) ;
#332 = VECTOR ( 'NONE', #1993, 1000.000000000000114 ) ;
#333 = AXIS2_PLACEMENT_3D ( 'NONE', #1235, #1026, #26 ) ;
#334 = ORIENTED_EDGE ( 'NONE', *, *, #1458, .F. ) ;
#335 = DIRECTION ( 'NONE',  ( 1.000000000000000000, 0.000000000000000000, 0.000000000000000000 ) ) ;
#336 = CARTESIAN_POINT ( 'NONE',  ( 13.52796204561673932, -5.666295154024093783, -9.833704845975887565 ) ) ;
#337 = DIRECTION ( 'NONE',  ( -0.7071067811865507924, -8.920979878885143983E-16, -0.7071067811865442421 ) ) ;
#338 = EDGE_CURVE ( 'NONE', #526, #1480, #1518, .T. ) ;
#339 = EDGE_LOOP ( 'NONE', ( #1757, #796, #63, #1998 ) ) ;
#340 = ORIENTED_EDGE ( 'NONE', *, *, #325, .F. ) ;
#341 = VERTEX_POINT ( 'NONE', #1730 ) ;
#342 = EDGE_CURVE ( 'NONE', #1853, #1089, #2383, .T. ) ;
#343 = DIRECTION ( 'NONE',  ( -0.000000000000000000, -0.000000000000000000, -1.000000000000000000 ) ) ;
#344 = LINE ( 'NONE', #623, #1255 ) ;
#345 = CARTESIAN_POINT ( 'NONE',  ( 11.19949493661168205, -9.899494936611649365, 2.000000000000000000 ) ) ;
#346 = DIRECTION ( 'NONE',  ( -0.7071067811865405783, 0.000000000000000000, 0.7071067811865545671 ) ) ;
#347 = DIRECTION ( 'NONE',  ( 1.000000000000000000, 0.000000000000000000, 0.000000000000000000 ) ) ;
#348 = LINE ( 'NONE', #1099, #1346 ) ;
#349 = DIRECTION ( 'NONE',  ( -1.000000000000000000, 0.000000000000000000, 0.000000000000000000 ) ) ;
#350 = FACE_OUTER_BOUND ( 'NONE', #107, .T. ) ;
#351 = PLANE ( 'NONE',  #1174 ) ;
#352 = CARTESIAN_POINT ( 'NONE',  ( -10.48808848170152075, -0.5000000000000038858, -10.00000000000000000 ) ) ;
#353 = CARTESIAN_POINT ( 'NONE',  ( 7.499999999999999112, -23.51507575950820694, 3.515075759508224262 ) ) ;
#354 = CARTESIAN_POINT ( 'NONE',  ( -6.999999999999985789, -23.86862915010152975, 3.868629150101526637 ) ) ;
#355 = CARTESIAN_POINT ( 'NONE',  ( -9.988655696858588229, -0.4761904761904762751, 9.499999999999992895 ) ) ;
#356 = EDGE_CURVE ( 'NONE', #2389, #1451, #1394, .T. ) ;
#357 = ORIENTED_EDGE ( 'NONE', *, *, #1294, .F. ) ;
#358 = VERTEX_POINT ( 'NONE', #909 ) ;
#359 = CARTESIAN_POINT ( 'NONE',  ( -9.899494936611681339, -9.899494936611649365, 2.000000000000000000 ) ) ;
#360 = EDGE_CURVE ( 'NONE', #2046, #1661, #1588, .T. ) ;
#361 = VECTOR ( 'NONE', #1784, 1000.000000000000227 ) ;
#362 = CARTESIAN_POINT ( 'NONE',  ( -10.25740135707902212, -0.2600254784347370007, -9.760025478434732449 ) ) ;
#363 = CARTESIAN_POINT ( 'NONE',  ( 2.673645834770027993E-30, -5.170730929733269700E-15, -0.5000000000000091038 ) ) ;
#364 = CARTESIAN_POINT ( 'NONE',  ( -13.69999999999993356, -6.108191221631047441, 4.875652242057472385 ) ) ;
#365 = ORIENTED_EDGE ( 'NONE', *, *, #913, .T. ) ;
#366 = VECTOR ( 'NONE', #2321, 1000.000000000000000 ) ;
#367 = DIRECTION ( 'NONE',  ( -1.000000000000000000, 1.816542908572705680E-15, 0.000000000000000000 ) ) ;
#368 = DIRECTION ( 'NONE',  ( -0.7071067811865409114, -2.968992192807376744E-16, -0.7071067811865541231 ) ) ;
#369 = AXIS2_PLACEMENT_3D ( 'NONE', #5, #428, #1396 ) ;
#370 = ORIENTED_EDGE ( 'NONE', *, *, #1545, .T. ) ;
#371 = UNCERTAINTY_MEASURE_WITH_UNIT (LENGTH_MEASURE( 1.000000000000000082E-05 ), #1009, 'distance_accuracy_value', 'NONE');
#372 = CARTESIAN_POINT ( 'NONE',  ( -18.99999999999999645, -6.000000000000001776, -9.499999999999992895 ) ) ;
#373 = VERTEX_POINT ( 'NONE', #1494 ) ;
#374 = AXIS2_PLACEMENT_3D ( 'NONE', #1543, #970, #1525 ) ;
#375 = VERTEX_POINT ( 'NONE', #300 ) ;
#376 = DIRECTION ( 'NONE',  ( -1.261617073437680612E-15, 1.000000000000000000, -0.000000000000000000 ) ) ;
#377 = CARTESIAN_POINT ( 'NONE',  ( -13.69999999999998330, -6.108191221631327217, -4.875356464326962680 ) ) ;
#378 = ORIENTED_EDGE ( 'NONE', *, *, #2242, .F. ) ;
#379 = DIRECTION ( 'NONE',  ( 1.149279134340487157E-16, -0.7071067811865429098, 0.7071067811865522357 ) ) ;
#380 = EDGE_CURVE ( 'NONE', #1487, #1497, #2198, .T. ) ;
#381 = CARTESIAN_POINT ( 'NONE',  ( 7.499999999999987566, -16.36306817195357866, 10.00000000000000000 ) ) ;
#382 = CONICAL_SURFACE ( 'NONE', #2547, 0.7999999999999951594, 0.7853981633974616017 ) ;
#383 = CONICAL_SURFACE ( 'NONE', #2586, 0.7999999999999951594, 0.7853981633974616017 ) ;
#384 = DIRECTION ( 'NONE',  ( 0.7071067811865541231, 2.968992192807432457E-16, -0.7071067811865409114 ) ) ;
#385 = CARTESIAN_POINT ( 'NONE',  ( -13.58076118445746694, -6.000000000000001776, 4.580761184457504243 ) ) ;
#386 = VECTOR ( 'NONE', #588, 1000.000000000000000 ) ;
#387 = CARTESIAN_POINT ( 'NONE',  ( -13.69999999999999751, -1.728415390609621918E-14, 5.000000000000003553 ) ) ;
#388 = AXIS2_PLACEMENT_3D ( 'NONE', #1696, #1689, #495 ) ;
#389 = DIRECTION ( 'NONE',  ( 0.000000000000000000, 0.000000000000000000, 1.000000000000000000 ) ) ;
#390 = ADVANCED_FACE ( 'NONE', ( #1973 ), #499, .T. ) ;
#391 = VERTEX_POINT ( 'NONE', #541 ) ;
#392 = VERTEX_POINT ( 'NONE', #952 ) ;
#393 = CARTESIAN_POINT ( 'NONE',  ( 6.999999999999950262, -25.00000000000000000, 5.000000000000000000 ) ) ;
#394 = CARTESIAN_POINT ( 'NONE',  ( 7.500000000000007105, -28.99999999999999645, 6.999999999999976907 ) ) ;
#395 = ORIENTED_EDGE ( 'NONE', *, *, #313, .T. ) ;
#396 = EDGE_CURVE ( 'NONE', #2444, #407, #610, .T. ) ;
#397 = B_SPLINE_CURVE_WITH_KNOTS ( 'NONE', 3,
 ( #352, #1322, #362, #1340 ),
 .UNSPECIFIED., .F., .F.,
 ( 4, 4 ),
 ( 0.000000000000000000, 0.0006155163429381758835 ),
 .UNSPECIFIED. ) ;
#398 = ORIENTED_EDGE ( 'NONE', *, *, #1196, .F. ) ;
#399 = CYLINDRICAL_SURFACE ( 'NONE', #1405, 1.299999999999995604 ) ;
#400 = CARTESIAN_POINT ( 'NONE',  ( 0.000000000000000000, 0.000000000000000000, 9.499999999999992895 ) ) ;
#401 = PLANE ( 'NONE',  #2481 ) ;
#402 = VERTEX_POINT ( 'NONE', #1343 ) ;
#403 = EDGE_LOOP ( 'NONE', ( #1932, #1835, #2229, #873, #2362 ) ) ;
#404 = CARTESIAN_POINT ( 'NONE',  ( 14.08076118445760194, 5.912214553407185553E-15, -5.919238815542505527 ) ) ;
#405 = DIRECTION ( 'NONE',  ( -0.7071067811865455743, -8.920979878885061153E-16, 0.7071067811865495711 ) ) ;
#406 = AXIS2_PLACEMENT_3D ( 'NONE', #1526, #2152, #347 ) ;
#407 = VERTEX_POINT ( 'NONE', #1946 ) ;
#408 = ORIENTED_EDGE ( 'NONE', *, *, #2472, .T. ) ;
#409 = VERTEX_POINT ( 'NONE', #2146 ) ;
#410 = CARTESIAN_POINT ( 'NONE',  ( -7.499999999999994671, -15.01026628789160711, 12.01988523112499863 ) ) ;
#411 = EDGE_CURVE ( 'NONE', #925, #2575, #1363, .T. ) ;
#412 = CIRCLE ( 'NONE', #1277, 1.300000000000001599 ) ;
#413 = CARTESIAN_POINT ( 'NONE',  ( -14.99999999999999289, -10.00000000000000711, -4.999999999999996447 ) ) ;
#414 = CARTESIAN_POINT ( 'NONE',  ( 10.69949493661167494, -9.899494936611649365, 2.000000000000000000 ) ) ;
#415 = VECTOR ( 'NONE', #1248, 1000.000000000000114 ) ;
#416 = EDGE_CURVE ( 'NONE', #437, #2599, #1178, .T. ) ;
#417 = CARTESIAN_POINT ( 'NONE',  ( 0.000000000000000000, 0.000000000000000000, -0.5000000000000091038 ) ) ;
#418 = CARTESIAN_POINT ( 'NONE',  ( 10.14004279747716808, -0.1410233967334272587, -9.641023396733423567 ) ) ;
#419 = LINE ( 'NONE', #2175, #1132 ) ;
#420 = DIRECTION ( 'NONE',  ( 0.000000000000000000, 1.000000000000000000, 0.000000000000000000 ) ) ;
#421 = ORIENTED_EDGE ( 'NONE', *, *, #983, .T. ) ;
#422 =( NAMED_UNIT ( * ) SI_UNIT ( $, .STERADIAN. ) SOLID_ANGLE_UNIT ( ) );
#423 = AXIS2_PLACEMENT_3D ( 'NONE', #2330, #1292, #1109 ) ;
#424 = ORIENTED_EDGE ( 'NONE', *, *, #1551, .T. ) ;
#425 = DIRECTION ( 'NONE',  ( 0.000000000000000000, 0.000000000000000000, 1.000000000000000000 ) ) ;
#426 = ORIENTED_EDGE ( 'NONE', *, *, #1982, .F. ) ;
#427 = FACE_OUTER_BOUND ( 'NONE', #1311, .T. ) ;
#428 = DIRECTION ( 'NONE',  ( -1.261617073437680809E-15, 1.000000000000000000, 0.000000000000000000 ) ) ;
#429 = EDGE_CURVE ( 'NONE', #48, #402, #1653, .T. ) ;
#430 = VERTEX_POINT ( 'NONE', #942 ) ;
#431 = VECTOR ( 'NONE', #1317, 1000.000000000000000 ) ;
#432 = ADVANCED_FACE ( 'NONE', ( #242 ), #961, .F. ) ;
#433 = VECTOR ( 'NONE', #1865, 1000.000000000000000 ) ;
#434 = B_SPLINE_CURVE_WITH_KNOTS ( 'NONE', 3,
 ( #2435, #1837, #1414, #2018 ),
 .UNSPECIFIED., .F., .F.,
 ( 4, 4 ),
 ( 1.960103728037462062E-17, 0.004403029606377191658 ),
 .UNSPECIFIED. ) ;
#435 = PLANE ( 'NONE',  #1035 ) ;
#436 = ORIENTED_EDGE ( 'NONE', *, *, #246, .T. ) ;
#437 = VERTEX_POINT ( 'NONE', #1939 ) ;
#438 = CARTESIAN_POINT ( 'NONE',  ( 7.499999999999982236, -12.99038105676658361, 10.00000000000000000 ) ) ;
#439 = ORIENTED_EDGE ( 'NONE', *, *, #582, .T. ) ;
#440 = DIRECTION ( 'NONE',  ( -1.000000000000000000, 0.000000000000000000, 0.000000000000000000 ) ) ;
#441 = ORIENTED_EDGE ( 'NONE', *, *, #913, .F. ) ;
#442 = VECTOR ( 'NONE', #282, 1000.000000000000000 ) ;
#443 = CARTESIAN_POINT ( 'NONE',  ( -14.99999999999999289, -5.999999999999998224, 3.161522368914970293 ) ) ;
#444 = FACE_OUTER_BOUND ( 'NONE', #339, .T. ) ;
#445 = ADVANCED_FACE ( 'NONE', ( #2417 ), #2361, .T. ) ;
#446 = CARTESIAN_POINT ( 'NONE',  ( -2.790794366613496447, -25.00000000000002132, 8.689973993755545578 ) ) ;
#447 = EDGE_CURVE ( 'NONE', #1403, #2575, #1429, .T. ) ;
#448 = DIRECTION ( 'NONE',  ( 0.7071067811865496822, 8.920979878885132150E-16, -0.7071067811865453523 ) ) ;
#449 = VECTOR ( 'NONE', #1131, 1000.000000000000000 ) ;
#450 = FILL_AREA_STYLE_COLOUR ( '', #755 ) ;
#451 = VECTOR ( 'NONE', #266, 1000.000000000000000 ) ;
#452 = EDGE_CURVE ( 'NONE', #1451, #1549, #2099, .T. ) ;
#453 = CARTESIAN_POINT ( 'NONE',  ( -9.099494936611685958, -9.899494936611649365, 2.000000000000000000 ) ) ;
#454 = AXIS2_PLACEMENT_3D ( 'NONE', #2579, #1557, #2193 ) ;
#455 = DIRECTION ( 'NONE',  ( -1.000000000000000000, 0.000000000000000000, 0.000000000000000000 ) ) ;
#456 = CARTESIAN_POINT ( 'NONE',  ( 0.000000000000000000, 0.000000000000000000, 10.00000000000000000 ) ) ;
#457 = EDGE_LOOP ( 'NONE', ( #2254, #2511, #511, #812, #2507 ) ) ;
#458 = ORIENTED_EDGE ( 'NONE', *, *, #1236, .F. ) ;
#459 = ADVANCED_FACE ( 'NONE', ( #833 ), #709, .F. ) ;
#460 = ORIENTED_EDGE ( 'NONE', *, *, #1762, .F. ) ;
#461 = DIRECTION ( 'NONE',  ( -0.000000000000000000, -0.000000000000000000, 1.000000000000000000 ) ) ;
#462 = PRESENTATION_LAYER_ASSIGNMENT (  '', '', ( #57 ) ) ;
#463 = EDGE_LOOP ( 'NONE', ( #1911, #2453, #1688, #1665, #1074 ) ) ;
#464 = VECTOR ( 'NONE', #315, 1000.000000000000000 ) ;
#465 = EDGE_CURVE ( 'NONE', #1872, #2561, #2572, .T. ) ;
#466 = DIRECTION ( 'NONE',  ( 0.000000000000000000, 1.000000000000000000, 0.000000000000000000 ) ) ;
#467 = LINE ( 'NONE', #102, #1302 ) ;
#468 = EDGE_CURVE ( 'NONE', #2136, #713, #847, .T. ) ;
#469 = ORIENTED_EDGE ( 'NONE', *, *, #2098, .F. ) ;
#470 = ORIENTED_EDGE ( 'NONE', *, *, #2078, .F. ) ;
#471 = ORIENTED_EDGE ( 'NONE', *, *, #1690, .F. ) ;
#472 = ADVANCED_FACE ( 'NONE', ( #302 ), #539, .T. ) ;
#473 = ORIENTED_EDGE ( 'NONE', *, *, #2090, .F. ) ;
#474 = LINE ( 'NONE', #1240, #123 ) ;
#475 = EDGE_CURVE ( 'NONE', #306, #141, #1782, .T. ) ;
#476 = CYLINDRICAL_SURFACE ( 'NONE', #1011, 1.299999999999995604 ) ;
#477 = CARTESIAN_POINT ( 'NONE',  ( 10.06392308094418908, -0.2278864467083681900, -9.566338326979028750 ) ) ;
#478 = CARTESIAN_POINT ( 'NONE',  ( -7.499999999999991118, -29.00000000000000000, 6.999999999999976907 ) ) ;
#479 = VECTOR ( 'NONE', #368, 1000.000000000000114 ) ;
#480 = EDGE_CURVE ( 'NONE', #1880, #1121, #2126, .T. ) ;
#481 = CARTESIAN_POINT ( 'NONE',  ( 13.70000000000012186, 5.752340965137902088E-15, -5.000000000000000000 ) ) ;
#482 = ADVANCED_FACE ( 'NONE', ( #2164 ), #1712, .F. ) ;
#483 = ORIENTED_EDGE ( 'NONE', *, *, #122, .T. ) ;
#484 = DIRECTION ( 'NONE',  ( -1.000000000000000000, 0.000000000000000000, 0.000000000000000000 ) ) ;
#485 = ORIENTED_EDGE ( 'NONE', *, *, #2252, .F. ) ;
#486 = ORIENTED_EDGE ( 'NONE', *, *, #2521, .F. ) ;
#487 =( NAMED_UNIT ( * ) PLANE_ANGLE_UNIT ( ) SI_UNIT ( $, .RADIAN. ) );
#488 = VECTOR ( 'NONE', #154, 1000.000000000000000 ) ;
#489 = DIRECTION ( 'NONE',  ( -1.000000000000000000, 0.000000000000000000, 0.000000000000000000 ) ) ;
#490 = VECTOR ( 'NONE', #322, 1000.000000000000114 ) ;
#491 = VECTOR ( 'NONE', #2407, 1000.000000000000000 ) ;
#492 = EDGE_CURVE ( 'NONE', #1761, #2500, #1027, .T. ) ;
#493 = ORIENTED_EDGE ( 'NONE', *, *, #292, .T. ) ;
#494 = ORIENTED_EDGE ( 'NONE', *, *, #1795, .F. ) ;
#495 = DIRECTION ( 'NONE',  ( 0.000000000000000000, -1.000000000000000000, 0.000000000000000000 ) ) ;
#496 = ORIENTED_EDGE ( 'NONE', *, *, #452, .T. ) ;
#497 = EDGE_CURVE ( 'NONE', #2, #1787, #54, .T. ) ;
#498 = ORIENTED_EDGE ( 'NONE', *, *, #1701, .F. ) ;
#499 = PLANE ( 'NONE',  #1540 ) ;
#500 = ORIENTED_EDGE ( 'NONE', *, *, #2027, .T. ) ;
#501 = AXIS2_PLACEMENT_3D ( 'NONE', #2214, #1205, #15 ) ;
#502 = LINE ( 'NONE', #446, #2462 ) ;
#503 = FACE_OUTER_BOUND ( 'NONE', #1113, .T. ) ;
#504 = DIRECTION ( 'NONE',  ( 0.000000000000000000, 0.000000000000000000, 1.000000000000000000 ) ) ;
#505 = AXIS2_PLACEMENT_3D ( 'NONE', #2201, #1392, #607 ) ;
#506 = CARTESIAN_POINT ( 'NONE',  ( 0.000000000000000000, 0.000000000000000000, 0.000000000000000000 ) ) ;
#507 = EDGE_CURVE ( 'NONE', #141, #2237, #2610, .T. ) ;
#508 = CARTESIAN_POINT ( 'NONE',  ( 10.08280364651574601, -0.1987545259650443652, 9.584565704975325673 ) ) ;
#509 = CARTESIAN_POINT ( 'NONE',  ( 13.74772708486750972, -5.499999999999979572, -10.00000000000000000 ) ) ;
#510 = DIRECTION ( 'NONE',  ( 1.000000000000000000, 4.198789025648072224E-16, 0.000000000000000000 ) ) ;
#511 = ORIENTED_EDGE ( 'NONE', *, *, #843, .F. ) ;
#512 = ORIENTED_EDGE ( 'NONE', *, *, #1059, .T. ) ;
#513 = CARTESIAN_POINT ( 'NONE',  ( -7.499999999999992895, -25.00000000000000711, 7.100000000000011191 ) ) ;
#514 = ORIENTED_EDGE ( 'NONE', *, *, #711, .F. ) ;
#515 = ORIENTED_EDGE ( 'NONE', *, *, #1741, .T. ) ;
#516 = DIRECTION ( 'NONE',  ( 0.000000000000000000, -0.000000000000000000, -1.000000000000000000 ) ) ;
#517 = ORIENTED_EDGE ( 'NONE', *, *, #1146, .T. ) ;
#518 = FACE_OUTER_BOUND ( 'NONE', #1238, .T. ) ;
#519 = AXIS2_PLACEMENT_3D ( 'NONE', #85, #1273, #1063 ) ;
#520 = DIRECTION ( 'NONE',  ( 0.000000000000000000, 1.000000000000000000, -0.000000000000000000 ) ) ;
#521 = CARTESIAN_POINT ( 'NONE',  ( -13.69999999999981100, -6.108191221630580259, -4.999999999999555023 ) ) ;
#522 = VECTOR ( 'NONE', #2284, 1000.000000000000000 ) ;
#523 = CARTESIAN_POINT ( 'NONE',  ( 7.500000000000003553, -25.99999999999998579, 10.00000000000000000 ) ) ;
#524 = ORIENTED_EDGE ( 'NONE', *, *, #740, .T. ) ;
#525 = EDGE_CURVE ( 'NONE', #2575, #1787, #1623, .T. ) ;
#526 = VERTEX_POINT ( 'NONE', #1137 ) ;
#527 = VERTEX_POINT ( 'NONE', #2115 ) ;
#528 = CARTESIAN_POINT ( 'NONE',  ( 18.00000000000000355, 4.653657836759941941E-15, 10.00000000000000000 ) ) ;
#529 = ORIENTED_EDGE ( 'NONE', *, *, #295, .F. ) ;
#530 = CARTESIAN_POINT ( 'NONE',  ( 16.30000000000011795, -5.999999999999992895, -5.000000000000000000 ) ) ;
#531 = DIRECTION ( 'NONE',  ( 0.000000000000000000, 0.000000000000000000, 1.000000000000000000 ) ) ;
#532 = DIRECTION ( 'NONE',  ( 0.7071067811865503483, -0.5000000000000012212, -0.4999999999999947820 ) ) ;
#533 = CIRCLE ( 'NONE', #201, 1.299999999999997824 ) ;
#534 = AXIS2_PLACEMENT_3D ( 'NONE', #1189, #1176, #1573 ) ;
#535 = DIRECTION ( 'NONE',  ( -0.000000000000000000, -0.000000000000000000, 1.000000000000000000 ) ) ;
#536 = VECTOR ( 'NONE', #680, 1000.000000000000000 ) ;
#537 = CARTESIAN_POINT ( 'NONE',  ( 9.988655696858588229, -0.4761904761904761085, -9.499999999999996447 ) ) ;
#538 = FACE_OUTER_BOUND ( 'NONE', #2348, .T. ) ;
#539 = PLANE ( 'NONE',  #2526 ) ;
#540 = PLANE ( 'NONE',  #1207 ) ;
#541 = CARTESIAN_POINT ( 'NONE',  ( -13.74772708486750972, -6.000000000000001776, -5.349016541191935481 ) ) ;
#542 = ORIENTED_EDGE ( 'NONE', *, *, #396, .F. ) ;
#543 = AXIS2_PLACEMENT_3D ( 'NONE', #2209, #581, #1598 ) ;
#544 = CARTESIAN_POINT ( 'NONE',  ( 13.63838211668088007, -5.832972802140735880, -9.667027197859248133 ) ) ;
#545 = CARTESIAN_POINT ( 'NONE',  ( 0.000000000000000000, 0.000000000000000000, -10.00000000000000000 ) ) ;
#546 = ORIENTED_EDGE ( 'NONE', *, *, #2064, .T. ) ;
#547 = VERTEX_POINT ( 'NONE', #939 ) ;
#548 = DIRECTION ( 'NONE',  ( 0.5773502691896184036, 1.378123258574886884E-15, -0.8164965809277312525 ) ) ;
#549 = CARTESIAN_POINT ( 'NONE',  ( -14.99999999999999467, -6.298183538472098179E-15, -6.838477631085033259 ) ) ;
#550 = ORIENTED_EDGE ( 'NONE', *, *, #264, .T. ) ;
#551 = FACE_BOUND ( 'NONE', #181, .T. ) ;
#552 = ORIENTED_EDGE ( 'NONE', *, *, #2148, .T. ) ;
#553 = LINE ( 'NONE', #2117, #464 ) ;
#554 = LINE ( 'NONE', #1663, #1656 ) ;
#555 = AXIS2_PLACEMENT_3D ( 'NONE', #1977, #2360, #2150 ) ;
#556 = VERTEX_POINT ( 'NONE', #530 ) ;
#557 = CIRCLE ( 'NONE', #1666, 18.00000000000000000 ) ;
#558 = CARTESIAN_POINT ( 'NONE',  ( -13.71895673753049394, -6.065921147221043697, 5.245788405912039210 ) ) ;
#559 = CARTESIAN_POINT ( 'NONE',  ( -13.69999999999997264, -6.108191221630206336, 4.999999999999952038 ) ) ;
#560 = ORIENTED_EDGE ( 'NONE', *, *, #2129, .T. ) ;
#561 = DIRECTION ( 'NONE',  ( 1.816542908572705680E-15, 1.000000000000000000, -0.000000000000000000 ) ) ;
#562 = DIRECTION ( 'NONE',  ( -1.000000000000000000, 0.000000000000000000, 0.000000000000000000 ) ) ;
#563 = ORIENTED_EDGE ( 'NONE', *, *, #1840, .F. ) ;
#564 = EDGE_CURVE ( 'NONE', #2599, #2487, #1053, .T. ) ;
#565 = VECTOR ( 'NONE', #1884, 1000.000000000000000 ) ;
#566 = DIRECTION ( 'NONE',  ( -0.000000000000000000, -0.000000000000000000, 1.000000000000000000 ) ) ;
#567 = DIRECTION ( 'NONE',  ( -1.261617073437680809E-15, 1.000000000000000000, 0.000000000000000000 ) ) ;
#568 = VECTOR ( 'NONE', #2368, 1000.000000000000000 ) ;
#569 = CARTESIAN_POINT ( 'NONE',  ( 13.74772708486750794, -5.999999999999988454, 5.349016541191905283 ) ) ;
#570 = CARTESIAN_POINT ( 'NONE',  ( 18.50000000000000355, 4.395121290273278850E-15, -9.499999999999996447 ) ) ;
#571 = CIRCLE ( 'NONE', #645, 1.599999999999998535 ) ;
#572 = LINE ( 'NONE', #1260, #981 ) ;
#573 = DIRECTION ( 'NONE',  ( 1.000000000000000000, 0.000000000000000000, 0.000000000000000000 ) ) ;
#574 = CARTESIAN_POINT ( 'NONE',  ( 10.00000000000000178, 0.000000000000000000, 10.00000000000000000 ) ) ;
#575 = PLANE ( 'NONE',  #851 ) ;
#576 = CARTESIAN_POINT ( 'NONE',  ( 17.99999999999999645, -5.999999999999995559, 10.00000000000000533 ) ) ;
#577 = EDGE_CURVE ( 'NONE', #2169, #306, #178, .T. ) ;
#578 = ORIENTED_EDGE ( 'NONE', *, *, #356, .F. ) ;
#579 = ORIENTED_EDGE ( 'NONE', *, *, #1146, .F. ) ;
#580 = CARTESIAN_POINT ( 'NONE',  ( 15.91923881554263254, -5.999999999999987566, -5.919238815542507304 ) ) ;
#581 = DIRECTION ( 'NONE',  ( 1.000000000000000000, 1.625326138736737898E-16, -0.000000000000000000 ) ) ;
#582 = EDGE_CURVE ( 'NONE', #254, #620, #2607, .T. ) ;
#583 = VECTOR ( 'NONE', #216, 1000.000000000000000 ) ;
#584 = DIRECTION ( 'NONE',  ( -1.000000000000000000, 2.001604010742465719E-15, 0.000000000000000000 ) ) ;
#585 = PLANE ( 'NONE',  #2072 ) ;
#586 = ORIENTED_EDGE ( 'NONE', *, *, #280, .T. ) ;
#587 = FACE_OUTER_BOUND ( 'NONE', #304, .T. ) ;
#588 = DIRECTION ( 'NONE',  ( 0.000000000000000000, 0.000000000000000000, -1.000000000000000000 ) ) ;
#589 = AXIS2_PLACEMENT_3D ( 'NONE', #1190, #1980, #1167 ) ;
#590 = ORIENTED_EDGE ( 'NONE', *, *, #525, .T. ) ;
#591 = VECTOR ( 'NONE', #2450, 1000.000000000000114 ) ;
#592 = ORIENTED_EDGE ( 'NONE', *, *, #105, .T. ) ;
#593 = ORIENTED_EDGE ( 'NONE', *, *, #1065, .F. ) ;
#594 = AXIS2_PLACEMENT_3D ( 'NONE', #2140, #1720, #911 ) ;
#595 = CARTESIAN_POINT ( 'NONE',  ( 15.00000000000000711, -5.999999999999991118, 5.000000000000000000 ) ) ;
#596 = ORIENTED_EDGE ( 'NONE', *, *, #897, .F. ) ;
#597 = DIRECTION ( 'NONE',  ( -0.7071067811865491270, 8.659560562354953812E-17, 0.7071067811865459074 ) ) ;
#598 = DIRECTION ( 'NONE',  ( -1.000000000000000000, -2.312964634635742957E-16, 0.000000000000000000 ) ) ;
#599 = VERTEX_POINT ( 'NONE', #2372 ) ;
#600 = EDGE_CURVE ( 'NONE', #1086, #247, #1710, .T. ) ;
#601 = B_SPLINE_CURVE_WITH_KNOTS ( 'NONE', 3,
 ( #1800, #2015, #2220, #1579 ),
 .UNSPECIFIED., .F., .F.,
 ( 4, 4 ),
 ( 0.001067431260784196083, 0.001433357035641663352 ),
 .UNSPECIFIED. ) ;
#602 = CARTESIAN_POINT ( 'NONE',  ( 0.000000000000000000, 0.000000000000000000, -9.499999999999996447 ) ) ;
#603 = FACE_OUTER_BOUND ( 'NONE', #1432, .T. ) ;
#604 = FACE_OUTER_BOUND ( 'NONE', #1529, .T. ) ;
#605 = CARTESIAN_POINT ( 'NONE',  ( 9.099494936611685958, -9.899494936611649365, 2.000000000000000000 ) ) ;
#606 = EDGE_CURVE ( 'NONE', #1970, #2300, #992, .T. ) ;
#607 = DIRECTION ( 'NONE',  ( 0.000000000000000000, -1.000000000000000000, 0.000000000000000000 ) ) ;
#608 = DIRECTION ( 'NONE',  ( -0.000000000000000000, -0.000000000000000000, 1.000000000000000000 ) ) ;
#609 = VERTEX_POINT ( 'NONE', #2563 ) ;
#610 =( BOUNDED_CURVE ( )  B_SPLINE_CURVE ( 3, ( #1740, #1759, #2167, #156 ),
 .UNSPECIFIED., .F., .F. ) 
 B_SPLINE_CURVE_WITH_KNOTS ( ( 4, 4 ),
 ( 2.371653759909653214, 3.141592653589793560 ),
 .UNSPECIFIED. ) 
 CURVE ( )  GEOMETRIC_REPRESENTATION_ITEM ( )  RATIONAL_B_SPLINE_CURVE ( ( 1.000000000000000000, 0.9512066045059799357, 0.9512066045059799357, 1.000000000000000000 ) ) 
 REPRESENTATION_ITEM ( '' )  );
#611 = DIRECTION ( 'NONE',  ( -4.198789025648066801E-16, 1.000000000000000000, -0.000000000000000000 ) ) ;
#612 = DIRECTION ( 'NONE',  ( 1.110969829862476120E-15, -0.7071067811865461294, -0.7071067811865489050 ) ) ;
#613 = VERTEX_POINT ( 'NONE', #1572 ) ;
#614 = EDGE_CURVE ( 'NONE', #1583, #1390, #1843, .T. ) ;
#615 = ADVANCED_FACE ( 'NONE', ( #587 ), #2182, .T. ) ;
#616 = B_SPLINE_CURVE_WITH_KNOTS ( 'NONE', 3,
 ( #2071, #71, #860, #872 ),
 .UNSPECIFIED., .F., .F.,
 ( 4, 4 ),
 ( 0.001433357035641663352, 0.001798965632450823726 ),
 .UNSPECIFIED. ) ;
#617 = VERTEX_POINT ( 'NONE', #353 ) ;
#618 = VECTOR ( 'NONE', #2529, 1000.000000000000000 ) ;
#619 = CARTESIAN_POINT ( 'NONE',  ( -10.48808848170152075, -0.5000000000000038858, -10.00000000000000000 ) ) ;
#620 = VERTEX_POINT ( 'NONE', #168 ) ;
#621 = CONICAL_SURFACE ( 'NONE', #1933, 14.99999999999998579, 0.7853981633974431720 ) ;
#622 = DIRECTION ( 'NONE',  ( -4.198789025648066801E-16, 1.000000000000000000, -0.000000000000000000 ) ) ;
#623 = CARTESIAN_POINT ( 'NONE',  ( 7.499999999999987566, -16.36306817195357866, 0.000000000000000000 ) ) ;
#624 = VECTOR ( 'NONE', #2442, 1000.000000000000000 ) ;
#625 = ORIENTED_EDGE ( 'NONE', *, *, #1252, .T. ) ;
#626 = CARTESIAN_POINT ( 'NONE',  ( 13.58076118445747760, -5.999999999999987566, 4.580761184457504243 ) ) ;
#627 = ORIENTED_EDGE ( 'NONE', *, *, #18, .F. ) ;
#628 = VERTEX_POINT ( 'NONE', #1348 ) ;
#629 = CARTESIAN_POINT ( 'NONE',  ( 0.000000000000000000, 0.000000000000000000, 0.000000000000000000 ) ) ;
#630 = ORIENTED_EDGE ( 'NONE', *, *, #1065, .T. ) ;
#631 = ADVANCED_FACE ( 'NONE', ( #1901 ), #585, .F. ) ;
#632 = ORIENTED_EDGE ( 'NONE', *, *, #465, .T. ) ;
#633 = EDGE_CURVE ( 'NONE', #1144, #1661, #2315, .T. ) ;
#634 = FACE_OUTER_BOUND ( 'NONE', #1560, .T. ) ;
#635 = CARTESIAN_POINT ( 'NONE',  ( -17.99999999999998934, -6.000000000000001776, -10.00000000000000000 ) ) ;
#636 = CARTESIAN_POINT ( 'NONE',  ( 7.500000000000003553, -25.99999999999998224, 10.00000000000000533 ) ) ;
#637 = VECTOR ( 'NONE', #923, 999.9999999999998863 ) ;
#638 = AXIS2_PLACEMENT_3D ( 'NONE', #276, #2077, #56 ) ;
#639 = B_SPLINE_CURVE_WITH_KNOTS ( 'NONE', 3,
 ( #1509, #2509, #1496, #2583 ),
 .UNSPECIFIED., .F., .F.,
 ( 4, 4 ),
 ( 0.000000000000000000, 0.0007808792643261031627 ),
 .UNSPECIFIED. ) ;
#640 = LINE ( 'NONE', #2121, #2434 ) ;
#641 = CYLINDRICAL_SURFACE ( 'NONE', #2467, 1.300000000000002487 ) ;
#642 = AXIS2_PLACEMENT_3D ( 'NONE', #1367, #1790, #959 ) ;
#643 = DIRECTION ( 'NONE',  ( -0.7071067811865422437, 0.000000000000000000, 0.7071067811865529018 ) ) ;
#644 = DIRECTION ( 'NONE',  ( 0.000000000000000000, 0.7071067811865426878, 0.7071067811865523467 ) ) ;
#645 = AXIS2_PLACEMENT_3D ( 'NONE', #1250, #257, #2280 ) ;
#646 = ORIENTED_EDGE ( 'NONE', *, *, #654, .F. ) ;
#647 = ORIENTED_EDGE ( 'NONE', *, *, #1287, .F. ) ;
#648 =( BOUNDED_CURVE ( )  B_SPLINE_CURVE ( 3, ( #1445, #1851, #2086, #50 ),
 .UNSPECIFIED., .F., .F. ) 
 B_SPLINE_CURVE_WITH_KNOTS ( ( 4, 4 ),
 ( 3.141592653589793116, 3.911531547269933906 ),
 .UNSPECIFIED. ) 
 CURVE ( )  GEOMETRIC_REPRESENTATION_ITEM ( )  RATIONAL_B_SPLINE_CURVE ( ( 1.000000000000000000, 0.9512066045059799357, 0.9512066045059799357, 1.000000000000000000 ) ) 
 REPRESENTATION_ITEM ( '' )  );
#649 = CARTESIAN_POINT ( 'NONE',  ( -7.499999999999992895, -25.00000000000000355, 2.030151519016464068 ) ) ;
#650 = CARTESIAN_POINT ( 'NONE',  ( -6.999999999999985789, -25.00000000000000711, 2.737258300203035066 ) ) ;
#651 = ORIENTED_EDGE ( 'NONE', *, *, #1091, .T. ) ;
#652 = FACE_OUTER_BOUND ( 'NONE', #2197, .T. ) ;
#653 = CARTESIAN_POINT ( 'NONE',  ( -18.99999999999999645, -6.000000000000001776, 8.999999999999985789 ) ) ;
#654 = EDGE_CURVE ( 'NONE', #237, #254, #1971, .T. ) ;
#655 = ORIENTED_EDGE ( 'NONE', *, *, #411, .F. ) ;
#656 = VECTOR ( 'NONE', #2202, 1000.000000000000000 ) ;
#657 = VECTOR ( 'NONE', #308, 1000.000000000000000 ) ;
#658 = DIRECTION ( 'NONE',  ( 0.000000000000000000, 0.000000000000000000, 1.000000000000000000 ) ) ;
#659 = ORIENTED_EDGE ( 'NONE', *, *, #2144, .T. ) ;
#660 = FACE_OUTER_BOUND ( 'NONE', #273, .T. ) ;
#661 = ORIENTED_EDGE ( 'NONE', *, *, #582, .F. ) ;
#662 = ORIENTED_EDGE ( 'NONE', *, *, #2592, .F. ) ;
#663 = ADVANCED_FACE ( 'NONE', ( #956, #551, #1552 ), #1780, .F. ) ;
#664 = ORIENTED_EDGE ( 'NONE', *, *, #1184, .F. ) ;
#665 = AXIS2_PLACEMENT_3D ( 'NONE', #1258, #448, #1455 ) ;
#666 = VERTEX_POINT ( 'NONE', #559 ) ;
#667 = CARTESIAN_POINT ( 'NONE',  ( 6.999999999999950262, -26.59999999999999787, 5.000000000000000000 ) ) ;
#668 = FACE_OUTER_BOUND ( 'NONE', #1279, .T. ) ;
#669 = DIRECTION ( 'NONE',  ( -0.7071067811865451302, 0.000000000000000000, -0.7071067811865500152 ) ) ;
#670 = VECTOR ( 'NONE', #1054, 1000.000000000000000 ) ;
#671 = CARTESIAN_POINT ( 'NONE',  ( 0.000000000000000000, 0.000000000000000000, 0.000000000000000000 ) ) ;
#672 = EDGE_CURVE ( 'NONE', #150, #599, #52, .T. ) ;
#673 = FACE_OUTER_BOUND ( 'NONE', #248, .T. ) ;
#674 = CARTESIAN_POINT ( 'NONE',  ( 19.00000000000000355, -5.999999999999997335, 8.999999999999992895 ) ) ;
#675 = ADVANCED_FACE ( 'NONE', ( #84 ), #2292, .F. ) ;
#676 = VECTOR ( 'NONE', #183, 1000.000000000000114 ) ;
#677 = CARTESIAN_POINT ( 'NONE',  ( -46.50000000000003553, -23.40000000000002345, 5.000000000000000000 ) ) ;
#678 = DIRECTION ( 'NONE',  ( -4.198789025648066801E-16, 1.000000000000000000, -0.000000000000000000 ) ) ;
#679 = AXIS2_PLACEMENT_3D ( 'NONE', #835, #1420, #1617 ) ;
#680 = DIRECTION ( 'NONE',  ( 1.000000000000000000, -1.816542908572705680E-15, -0.000000000000000000 ) ) ;
#681 = ORIENTED_EDGE ( 'NONE', *, *, #292, .F. ) ;
#682 = VERTEX_POINT ( 'NONE', #917 ) ;
#683 = ORIENTED_EDGE ( 'NONE', *, *, #2301, .F. ) ;
#684 = AXIS2_PLACEMENT_3D ( 'NONE', #2512, #504, #2132 ) ;
#685 = VERTEX_POINT ( 'NONE', #2153 ) ;
#686 = VECTOR ( 'NONE', #2559, 1000.000000000000000 ) ;
#687 = EDGE_CURVE ( 'NONE', #2269, #556, #205, .T. ) ;
#688 = ADVANCED_FACE ( 'NONE', ( #738 ), #142, .T. ) ;
#689 = ORIENTED_EDGE ( 'NONE', *, *, #228, .T. ) ;
#690 = LINE ( 'NONE', #1427, #522 ) ;
#691 = CIRCLE ( 'NONE', #277, 10.00000000000000178 ) ;
#692 = CARTESIAN_POINT ( 'NONE',  ( 19.00000000000000355, 4.653657836759941941E-15, 10.00000000000000000 ) ) ;
#693 = EDGE_CURVE ( 'NONE', #839, #1497, #30, .T. ) ;
#694 = ORIENTED_EDGE ( 'NONE', *, *, #758, .F. ) ;
#695 = DIRECTION ( 'NONE',  ( 1.000000000000000000, 0.000000000000000000, 0.000000000000000000 ) ) ;
#696 = ORIENTED_EDGE ( 'NONE', *, *, #2491, .T. ) ;
#697 = PLANE ( 'NONE',  #388 ) ;
#698 = ORIENTED_EDGE ( 'NONE', *, *, #727, .F. ) ;
#699 = DIRECTION ( 'NONE',  ( -0.000000000000000000, -0.000000000000000000, -1.000000000000000000 ) ) ;
#700 = CYLINDRICAL_SURFACE ( 'NONE', #1749, 1.299999999999995604 ) ;
#701 = LINE ( 'NONE', #862, #1039 ) ;
#702 = FACE_OUTER_BOUND ( 'NONE', #1906, .T. ) ;
#703 = EDGE_CURVE ( 'NONE', #373, #1172, #2232, .T. ) ;
#704 = CARTESIAN_POINT ( 'NONE',  ( -18.99999999999999645, 0.000000000000000000, 8.999999999999985789 ) ) ;
#705 = ORIENTED_EDGE ( 'NONE', *, *, #893, .T. ) ;
#706 = ORIENTED_EDGE ( 'NONE', *, *, #2032, .T. ) ;
#707 = CARTESIAN_POINT ( 'NONE',  ( 0.000000000000000000, 0.000000000000000000, 10.00000000000000000 ) ) ;
#708 = CONICAL_SURFACE ( 'NONE', #1955, 1.599999999999998535, 0.7853981633974526089 ) ;
#709 = CYLINDRICAL_SURFACE ( 'NONE', #2231, 1.300000000000000711 ) ;
#710 = CYLINDRICAL_SURFACE ( 'NONE', #854, 0.5000000000000004441 ) ;
#711 = EDGE_CURVE ( 'NONE', #929, #1999, #1839, .T. ) ;
#712 = CARTESIAN_POINT ( 'NONE',  ( 9.899494936611681339, -9.899494936611649365, 10.00000000000000000 ) ) ;
#713 = VERTEX_POINT ( 'NONE', #2363 ) ;
#714 = ORIENTED_EDGE ( 'NONE', *, *, #2144, .F. ) ;
#715 = AXIS2_PLACEMENT_3D ( 'NONE', #1974, #2601, #968 ) ;
#716 = EDGE_LOOP ( 'NONE', ( #2510, #2163, #2291, #1850 ) ) ;
#717 = CARTESIAN_POINT ( 'NONE',  ( 16.97056274847714263, -5.999999999999993783, 0.000000000000000000 ) ) ;
#718 = VERTEX_POINT ( 'NONE', #2541 ) ;
#719 = AXIS2_PLACEMENT_3D ( 'NONE', #790, #2028, #801 ) ;
#720 = LINE ( 'NONE', #252, #1037 ) ;
#721 = LINE ( 'NONE', #410, #670 ) ;
#722 = DIRECTION ( 'NONE',  ( 1.816542908572705680E-15, 1.000000000000000000, -0.000000000000000000 ) ) ;
#723 = DIRECTION ( 'NONE',  ( -1.000000000000000000, 0.000000000000000000, 0.000000000000000000 ) ) ;
#724 =( GEOMETRIC_REPRESENTATION_CONTEXT ( 3 ) GLOBAL_UNCERTAINTY_ASSIGNED_CONTEXT ( ( #371 ) ) GLOBAL_UNIT_ASSIGNED_CONTEXT ( ( #1009, #815, #2000 ) ) REPRESENTATION_CONTEXT ( 'NONE', 'WORKASPACE' ) );
#725 = LINE ( 'NONE', #1535, #2338 ) ;
#726 = PLANE ( 'NONE',  #1225 ) ;
#727 = EDGE_CURVE ( 'NONE', #1805, #1585, #1748, .T. ) ;
#728 = VECTOR ( 'NONE', #1227, 999.9999999999998863 ) ;
#729 = EDGE_CURVE ( 'NONE', #1629, #2487, #2259, .T. ) ;
#730 = DIRECTION ( 'NONE',  ( 0.000000000000000000, 1.000000000000000000, 0.000000000000000000 ) ) ;
#731 = CARTESIAN_POINT ( 'NONE',  ( -8.599494936611680629, -9.899494936611649365, 2.000000000000000000 ) ) ;
#732 = ORIENTED_EDGE ( 'NONE', *, *, #1091, .F. ) ;
#733 = DIRECTION ( 'NONE',  ( 0.000000000000000000, 0.7071067811865475727, -0.7071067811865475727 ) ) ;
#734 = ORIENTED_EDGE ( 'NONE', *, *, #480, .T. ) ;
#735 = ORIENTED_EDGE ( 'NONE', *, *, #1511, .T. ) ;
#736 = DIRECTION ( 'NONE',  ( -1.000000000000000000, 0.000000000000000000, 0.000000000000000000 ) ) ;
#737 = ORIENTED_EDGE ( 'NONE', *, *, #1079, .T. ) ;
#738 = FACE_OUTER_BOUND ( 'NONE', #1019, .T. ) ;
#739 = AXIS2_PLACEMENT_3D ( 'NONE', #2047, #420, #233 ) ;
#740 = EDGE_CURVE ( 'NONE', #155, #1999, #1709, .T. ) ;
#741 = VERTEX_POINT ( 'NONE', #717 ) ;
#742 = VECTOR ( 'NONE', #1798, 1000.000000000000000 ) ;
#743 = LINE ( 'NONE', #38, #433 ) ;
#744 = ORIENTED_EDGE ( 'NONE', *, *, #264, .F. ) ;
#745 = ORIENTED_EDGE ( 'NONE', *, *, #280, .F. ) ;
#746 = EDGE_CURVE ( 'NONE', #268, #1172, #1211, .T. ) ;
#747 = ORIENTED_EDGE ( 'NONE', *, *, #2301, .T. ) ;
#748 = DIRECTION ( 'NONE',  ( -1.000000000000000000, -4.198789025648060884E-16, 0.000000000000000000 ) ) ;
#749 = ORIENTED_EDGE ( 'NONE', *, *, #338, .T. ) ;
#750 = CARTESIAN_POINT ( 'NONE',  ( -14.99999999999999289, -5.999999999999998224, 5.000000000000003553 ) ) ;
#751 = CARTESIAN_POINT ( 'NONE',  ( -13.74772708486751860, -6.000000000000001776, 4.650983458808011228 ) ) ;
#752 = DIRECTION ( 'NONE',  ( 0.000000000000000000, 1.000000000000000000, 0.000000000000000000 ) ) ;
#753 = LINE ( 'NONE', #1031, #2302 ) ;
#754 = VECTOR ( 'NONE', #320, 1000.000000000000000 ) ;
#755 = COLOUR_RGB ( '',0.6705882352941175961, 0.9058823529411764719, 0.7215686274509803821 ) ;
#756 = CARTESIAN_POINT ( 'NONE',  ( -10.08223647165120340, -0.1995514721384701040, 9.584014785000714909 ) ) ;
#757 = EDGE_CURVE ( 'NONE', #2269, #2344, #1173, .T. ) ;
#758 = EDGE_CURVE ( 'NONE', #547, #2382, #830, .T. ) ;
#759 = DIRECTION ( 'NONE',  ( -1.000000000000000000, -4.198789025648060884E-16, 0.000000000000000000 ) ) ;
#760 = ORIENTED_EDGE ( 'NONE', *, *, #967, .F. ) ;
#761 = ORIENTED_EDGE ( 'NONE', *, *, #967, .T. ) ;
#762 = CARTESIAN_POINT ( 'NONE',  ( -13.74772708486750794, -5.999999999999989342, -4.650983458808060966 ) ) ;
#763 = PLANE ( 'NONE',  #2141 ) ;
#764 = AXIS2_PLACEMENT_3D ( 'NONE', #1717, #2532, #1116 ) ;
#765 = CONICAL_SURFACE ( 'NONE', #1576, 2.100000000000010747, 0.7853981633974530530 ) ;
#766 = CARTESIAN_POINT ( 'NONE',  ( -14.99999999999999467, -6.000000000000001776, -4.999999999999996447 ) ) ;
#767 = CARTESIAN_POINT ( 'NONE',  ( 6.999999999999950262, -26.13137084989845249, 3.868629150101499103 ) ) ;
#768 = LINE ( 'NONE', #1412, #1556 ) ;
#769 = AXIS2_PLACEMENT_3D ( 'NONE', #595, #1197, #584 ) ;
#770 = FACE_BOUND ( 'NONE', #214, .T. ) ;
#771 = CARTESIAN_POINT ( 'NONE',  ( -13.74772708486750972, -5.999999999999995559, -3.000000000000019984 ) ) ;
#772 = ORIENTED_EDGE ( 'NONE', *, *, #1545, .F. ) ;
#773 = DIRECTION ( 'NONE',  ( -1.110969829862470795E-15, 0.7071067811865426878, 0.7071067811865523467 ) ) ;
#774 = EDGE_LOOP ( 'NONE', ( #1401, #651, #2267, #1425 ) ) ;
#775 = EDGE_CURVE ( 'NONE', #237, #2046, #2354, .T. ) ;
#776 = ORIENTED_EDGE ( 'NONE', *, *, #2186, .T. ) ;
#777 = ORIENTED_EDGE ( 'NONE', *, *, #2386, .T. ) ;
#778 = LINE ( 'NONE', #2499, #1500 ) ;
#779 = CARTESIAN_POINT ( 'NONE',  ( -9.899494936611681339, -9.899494936611649365, 2.499999999999992006 ) ) ;
#780 = CARTESIAN_POINT ( 'NONE',  ( 15.00000000000011902, -9.999999999999992895, -6.838477631085036812 ) ) ;
#781 = ADVANCED_FACE ( 'NONE', ( #1683 ), #2523, .F. ) ;
#782 = CARTESIAN_POINT ( 'NONE',  ( 13.74772708486751860, -6.000000000000001776, 0.000000000000000000 ) ) ;
#783 = CARTESIAN_POINT ( 'NONE',  ( 15.00000000000006750, -53.99999999999998579, 5.000000000000000000 ) ) ;
#784 = DIRECTION ( 'NONE',  ( 1.000000000000000000, -1.816542908572705680E-15, 0.000000000000000000 ) ) ;
#785 = CONICAL_SURFACE ( 'NONE', #241, 1.300000000000000711, 0.7853981633974506105 ) ;
#786 = DIRECTION ( 'NONE',  ( 1.000000000000000000, 0.000000000000000000, 0.000000000000000000 ) ) ;
#787 = AXIS2_PLACEMENT_3D ( 'NONE', #2591, #1997, #562 ) ;
#788 = FACE_OUTER_BOUND ( 'NONE', #2239, .T. ) ;
#789 = DIRECTION ( 'NONE',  ( 0.000000000000000000, 1.000000000000000000, 0.000000000000000000 ) ) ;
#790 = CARTESIAN_POINT ( 'NONE',  ( -9.899494936611681339, -9.899494936611649365, 2.000000000000000000 ) ) ;
#791 = DIRECTION ( 'NONE',  ( 0.000000000000000000, 0.000000000000000000, 1.000000000000000000 ) ) ;
#792 = EDGE_CURVE ( 'NONE', #1787, #53, #2446, .T. ) ;
#793 = ADVANCED_FACE ( 'NONE', ( #427 ), #1336, .T. ) ;
#794 = ORIENTED_EDGE ( 'NONE', *, *, #2358, .F. ) ;
#795 = ORIENTED_EDGE ( 'NONE', *, *, #1845, .T. ) ;
#796 = ORIENTED_EDGE ( 'NONE', *, *, #411, .T. ) ;
#797 = CARTESIAN_POINT ( 'NONE',  ( -6.999999999999985789, -25.00000000000000711, 5.000000000000000000 ) ) ;
#798 = CARTESIAN_POINT ( 'NONE',  ( 18.00000000000000355, 4.136584743786614971E-15, -10.00000000000000000 ) ) ;
#799 = EDGE_LOOP ( 'NONE', ( #95, #120, #28, #1305 ) ) ;
#800 = VECTOR ( 'NONE', #548, 1000.000000000000000 ) ;
#801 = DIRECTION ( 'NONE',  ( 1.000000000000000000, 0.000000000000000000, 0.000000000000000000 ) ) ;
#802 = AXIS2_PLACEMENT_3D ( 'NONE', #1406, #1217, #1829 ) ;
#803 = VECTOR ( 'NONE', #1855, 1000.000000000000000 ) ;
#804 = LINE ( 'NONE', #1383, #1148 ) ;
#805 = APPLICATION_PROTOCOL_DEFINITION ( 'draft international standard', 'automotive_design', 1998, #1797 ) ;
#806 = DIRECTION ( 'NONE',  ( -0.5773502691896231775, -0.5773502691896270633, 0.5773502691896270633 ) ) ;
#807 = AXIS2_PLACEMENT_3D ( 'NONE', #2570, #1750, #1972 ) ;
#808 = PLANE ( 'NONE',  #505 ) ;
#809 = ORIENTED_EDGE ( 'NONE', *, *, #1701, .T. ) ;
#810 = ADVANCED_FACE ( 'NONE', ( #1145 ), #708, .F. ) ;
#811 = DIRECTION ( 'NONE',  ( 1.000000000000000000, 1.625326138736737898E-16, -0.000000000000000000 ) ) ;
#812 = ORIENTED_EDGE ( 'NONE', *, *, #814, .T. ) ;
#813 = CARTESIAN_POINT ( 'NONE',  ( -17.99999999999998934, -6.000000000000001776, 10.00000000000000000 ) ) ;
#814 = EDGE_CURVE ( 'NONE', #527, #1064, #1619, .T. ) ;
#815 =( NAMED_UNIT ( * ) PLANE_ANGLE_UNIT ( ) SI_UNIT ( $, .RADIAN. ) );
#816 = VECTOR ( 'NONE', #2589, 1000.000000000000000 ) ;
#817 = FACE_OUTER_BOUND ( 'NONE', #2036, .T. ) ;
#818 = CARTESIAN_POINT ( 'NONE',  ( 15.91923881554262898, 6.684152523537111780E-15, -5.919238815542507304 ) ) ;
#819 = AXIS2_PLACEMENT_3D ( 'NONE', #2381, #1165, #1764 ) ;
#820 = CIRCLE ( 'NONE', #769, 1.300000000000002487 ) ;
#821 = ADVANCED_FACE ( 'NONE', ( #652 ), #1968, .F. ) ;
#822 = CARTESIAN_POINT ( 'NONE',  ( 7.500000000000008882, -28.99999999999998934, 2.999999999999999556 ) ) ;
#823 = PRESENTATION_LAYER_ASSIGNMENT (  '', '', ( #1310 ) ) ;
#824 = CARTESIAN_POINT ( 'NONE',  ( -16.29999999999999361, -5.999999999999998224, 5.000000000000003553 ) ) ;
#825 = DIRECTION ( 'NONE',  ( 0.7071067811865451302, 0.000000000000000000, -0.7071067811865500152 ) ) ;
#826 = CARTESIAN_POINT ( 'NONE',  ( 15.00000000000000000, 1.892425610156521076E-14, 3.161522368914967185 ) ) ;
#827 = ORIENTED_EDGE ( 'NONE', *, *, #2238, .F. ) ;
#828 = EDGE_LOOP ( 'NONE', ( #593, #2174, #378, #2066, #340 ) ) ;
#829 = EDGE_CURVE ( 'NONE', #1694, #407, #108, .T. ) ;
#830 = LINE ( 'NONE', #731, #686 ) ;
#831 = CARTESIAN_POINT ( 'NONE',  ( -18.49999999999999289, -6.000000000000001776, -9.499999999999992895 ) ) ;
#832 = ORIENTED_EDGE ( 'NONE', *, *, #1247, .T. ) ;
#833 = FACE_OUTER_BOUND ( 'NONE', #1838, .T. ) ;
#834 = ADVANCED_FACE ( 'NONE', ( #1484 ), #164, .F. ) ;
#835 = CARTESIAN_POINT ( 'NONE',  ( 9.899494936611681339, -9.899494936611649365, 2.000000000000000000 ) ) ;
#836 = FACE_OUTER_BOUND ( 'NONE', #267, .T. ) ;
#837 = VECTOR ( 'NONE', #1516, 1000.000000000000000 ) ;
#838 = CARTESIAN_POINT ( 'NONE',  ( -18.99999999999999645, -6.000000000000001776, -8.999999999999985789 ) ) ;
#839 = VERTEX_POINT ( 'NONE', #751 ) ;
#840 = CARTESIAN_POINT ( 'NONE',  ( 10.48808848170152075, -0.5000000000000036637, -10.00000000000000000 ) ) ;
#841 = ORIENTED_EDGE ( 'NONE', *, *, #1329, .T. ) ;
#842 = ORIENTED_EDGE ( 'NONE', *, *, #1952, .T. ) ;
#843 = EDGE_CURVE ( 'NONE', #527, #2531, #229, .T. ) ;
#844 = CARTESIAN_POINT ( 'NONE',  ( -20.41923881554249220, -6.000000000000001776, 8.580761184457518453 ) ) ;
#845 = DIRECTION ( 'NONE',  ( 1.000000000000000000, 0.000000000000000000, 0.000000000000000000 ) ) ;
#846 = ADVANCED_FACE ( 'NONE', ( #301 ), #1812, .F. ) ;
#847 = B_SPLINE_CURVE_WITH_KNOTS ( 'NONE', 3,
 ( #2558, #132, #1536, #1309, #2347, #106 ),
 .UNSPECIFIED., .F., .F.,
 ( 4, 2, 4 ),
 ( 0.000000000000000000, 0.0002032793387359996479, 0.0004065586774719991874 ),
 .UNSPECIFIED. ) ;
#848 = CIRCLE ( 'NONE', #1578, 1.299999999999999156 ) ;
#849 = CARTESIAN_POINT ( 'NONE',  ( -7.499999999999992006, -29.00000000000000000, 3.000000000000009770 ) ) ;
#850 = FACE_OUTER_BOUND ( 'NONE', #2016, .T. ) ;
#851 = AXIS2_PLACEMENT_3D ( 'NONE', #2183, #974, #773 ) ;
#852 = CARTESIAN_POINT ( 'NONE',  ( 7.499999999999999112, -23.51507575950820694, 3.515075759508224262 ) ) ;
#853 = CARTESIAN_POINT ( 'NONE',  ( -6.999999999999985789, -26.60000000000000497, 5.000000000000000000 ) ) ;
#854 = AXIS2_PLACEMENT_3D ( 'NONE', #1004, #1013, #2429 ) ;
#855 = EDGE_LOOP ( 'NONE', ( #1934, #494, #2293, #1985, #514 ) ) ;
#856 = VERTEX_POINT ( 'NONE', #1566 ) ;
#857 = EDGE_CURVE ( 'NONE', #114, #609, #2505, .T. ) ;
#858 = DIRECTION ( 'NONE',  ( 0.000000000000000000, 0.000000000000000000, 1.000000000000000000 ) ) ;
#859 = ADVANCED_FACE ( 'NONE', ( #2380 ), #765, .F. ) ;
#860 = CARTESIAN_POINT ( 'NONE',  ( 13.71937365259534758, -6.064965874799483458, -4.752715700966044565 ) ) ;
#861 = ORIENTED_EDGE ( 'NONE', *, *, #1263, .F. ) ;
#862 = CARTESIAN_POINT ( 'NONE',  ( 15.91923881554263254, -9.999999999999992895, -5.919238815542507304 ) ) ;
#863 = DIRECTION ( 'NONE',  ( 0.000000000000000000, -1.000000000000000000, 0.000000000000000000 ) ) ;
#864 = AXIS2_PLACEMENT_3D ( 'NONE', #21, #2043, #1010 ) ;
#865 = ORIENTED_EDGE ( 'NONE', *, *, #2459, .F. ) ;
#866 = VECTOR ( 'NONE', #1351, 999.9999999999998863 ) ;
#867 = DIRECTION ( 'NONE',  ( -1.284489808968093345E-15, -0.7071067811865466846, -0.7071067811865483499 ) ) ;
#868 = VECTOR ( 'NONE', #806, 1000.000000000000114 ) ;
#869 = DIRECTION ( 'NONE',  ( -1.000000000000000000, 0.000000000000000000, 0.000000000000000000 ) ) ;
#870 = ORIENTED_EDGE ( 'NONE', *, *, #465, .F. ) ;
#871 = ORIENTED_EDGE ( 'NONE', *, *, #1924, .T. ) ;
#872 = CARTESIAN_POINT ( 'NONE',  ( 13.74772708486750972, -5.999999999999987566, -4.650983458808514825 ) ) ;
#873 = ORIENTED_EDGE ( 'NONE', *, *, #2337, .F. ) ;
#874 = ORIENTED_EDGE ( 'NONE', *, *, #1876, .T. ) ;
#875 = DIRECTION ( 'NONE',  ( -1.149279134340492087E-16, 0.7071067811865461294, 0.7071067811865489050 ) ) ;
#876 = AXIS2_PLACEMENT_3D ( 'NONE', #2004, #1639, #2038 ) ;
#877 = ADVANCED_FACE ( 'NONE', ( #1241 ), #1332, .F. ) ;
#878 = ORIENTED_EDGE ( 'NONE', *, *, #633, .T. ) ;
#879 = EDGE_CURVE ( 'NONE', #2561, #2599, #892, .T. ) ;
#880 = LINE ( 'NONE', #960, #1534 ) ;
#881 = CARTESIAN_POINT ( 'NONE',  ( 16.97056274847714263, -5.999999999999993783, 10.00000000000000000 ) ) ;
#882 = EDGE_CURVE ( 'NONE', #2074, #1249, #1810, .T. ) ;
#883 = DIRECTION ( 'NONE',  ( -1.261617073437680612E-15, 1.000000000000000000, -0.000000000000000000 ) ) ;
#884 = CARTESIAN_POINT ( 'NONE',  ( 0.000000000000000000, 0.000000000000000000, 10.00000000000000000 ) ) ;
#885 = ADVANCED_FACE ( 'NONE', ( #2568 ), #575, .F. ) ;
#886 = CARTESIAN_POINT ( 'NONE',  ( 11.69949493661169804, -9.899494936611649365, 10.00000000000000000 ) ) ;
#887 = DIRECTION ( 'NONE',  ( -1.000000000000000000, 0.000000000000000000, 0.000000000000000000 ) ) ;
#888 = EDGE_LOOP ( 'NONE', ( #776, #1104, #1017 ) ) ;
#889 = EDGE_LOOP ( 'NONE', ( #1296, #1118, #2123, #1680, #1052, #1658 ) ) ;
#890 = CARTESIAN_POINT ( 'NONE',  ( -17.99999999999998934, -5.499999999999994671, -10.00000000000000000 ) ) ;
#891 = ORIENTED_EDGE ( 'NONE', *, *, #1016, .T. ) ;
#892 = LINE ( 'NONE', #2590, #1272 ) ;
#893 = EDGE_CURVE ( 'NONE', #2135, #2364, #274, .T. ) ;
#894 = DIRECTION ( 'NONE',  ( -0.7071067811865495711, -8.920979878885132150E-16, -0.7071067811865455743 ) ) ;
#895 = VECTOR ( 'NONE', #2133, 1000.000000000000000 ) ;
#896 = CARTESIAN_POINT ( 'NONE',  ( 8.099494936611662865, -9.899494936611649365, 10.00000000000000000 ) ) ;
#897 = EDGE_CURVE ( 'NONE', #48, #1596, #240, .T. ) ;
#898 = LINE ( 'NONE', #1389, #1493 ) ;
#899 = ADVANCED_FACE ( 'NONE', ( #1300 ), #1350, .F. ) ;
#900 = ORIENTED_EDGE ( 'NONE', *, *, #1126, .T. ) ;
#901 = ORIENTED_EDGE ( 'NONE', *, *, #2496, .F. ) ;
#902 = AXIS2_PLACEMENT_3D ( 'NONE', #884, #2497, #1449 ) ;
#903 = ORIENTED_EDGE ( 'NONE', *, *, #2496, .T. ) ;
#904 = SURFACE_STYLE_USAGE ( .BOTH. , #1899 ) ;
#905 = ORIENTED_EDGE ( 'NONE', *, *, #2369, .T. ) ;
#906 = DIRECTION ( 'NONE',  ( 1.000000000000000000, 0.000000000000000000, 0.000000000000000000 ) ) ;
#907 = AXIS2_PLACEMENT_3D ( 'NONE', #1875, #678, #869 ) ;
#908 = DIRECTION ( 'NONE',  ( -1.000000000000000000, 2.001604010742473608E-15, 0.000000000000000000 ) ) ;
#909 = CARTESIAN_POINT ( 'NONE',  ( -14.08076118445747937, -6.000000000000001776, -5.919238815542501975 ) ) ;
#910 = LINE ( 'NONE', #1940, #1917 ) ;
#911 = DIRECTION ( 'NONE',  ( -1.000000000000000000, 0.000000000000000000, 0.000000000000000000 ) ) ;
#912 = FACE_OUTER_BOUND ( 'NONE', #2005, .T. ) ;
#913 = EDGE_CURVE ( 'NONE', #1327, #1721, #175, .T. ) ;
#914 = DIRECTION ( 'NONE',  ( -1.110969829862470795E-15, 0.7071067811865426878, 0.7071067811865523467 ) ) ;
#915 = CARTESIAN_POINT ( 'NONE',  ( 15.00000000000011902, -9.999999999999992895, -6.838477631085036812 ) ) ;
#916 = CARTESIAN_POINT ( 'NONE',  ( -7.499999999999992895, -23.51507575950824602, 3.515075759508252240 ) ) ;
#917 = CARTESIAN_POINT ( 'NONE',  ( -14.99999999999999289, -6.000000000000001776, -6.838477631085030595 ) ) ;
#918 = CARTESIAN_POINT ( 'NONE',  ( -14.99999999999999112, -10.00000000000000711, -6.838477631085033259 ) ) ;
#919 = DIRECTION ( 'NONE',  ( 0.000000000000000000, 0.000000000000000000, 1.000000000000000000 ) ) ;
#920 = ORIENTED_EDGE ( 'NONE', *, *, #2252, .T. ) ;
#921 = ORIENTED_EDGE ( 'NONE', *, *, #78, .T. ) ;
#922 = DIRECTION ( 'NONE',  ( 0.000000000000000000, 0.000000000000000000, 1.000000000000000000 ) ) ;
#923 = DIRECTION ( 'NONE',  ( -0.7071067811865568986, 8.659560562355048722E-17, 0.7071067811865382469 ) ) ;
#924 = ORIENTED_EDGE ( 'NONE', *, *, #2083, .T. ) ;
#925 = VERTEX_POINT ( 'NONE', #199 ) ;
#926 = CARTESIAN_POINT ( 'NONE',  ( 0.000000000000000000, 0.000000000000000000, -10.00000000000000000 ) ) ;
#927 = DIRECTION ( 'NONE',  ( 0.7071067811865545671, 2.968992192807434429E-16, -0.7071067811865405783 ) ) ;
#928 = EDGE_CURVE ( 'NONE', #67, #150, #1105, .T. ) ;
#929 = VERTEX_POINT ( 'NONE', #404 ) ;
#930 = DIRECTION ( 'NONE',  ( -0.000000000000000000, -0.000000000000000000, 1.000000000000000000 ) ) ;
#931 = CARTESIAN_POINT ( 'NONE',  ( -14.99999999999993250, -54.00000000000002842, 3.161522368914970293 ) ) ;
#932 = VERTEX_POINT ( 'NONE', #1384 ) ;
#933 = ORIENTED_EDGE ( 'NONE', *, *, #1329, .F. ) ;
#934 = DIRECTION ( 'NONE',  ( 0.000000000000000000, 0.000000000000000000, 1.000000000000000000 ) ) ;
#935 = DIRECTION ( 'NONE',  ( -0.7071067811865422437, -2.968992192807377237E-16, 0.7071067811865529018 ) ) ;
#936 = ORIENTED_EDGE ( 'NONE', *, *, #2083, .F. ) ;
#937 = CYLINDRICAL_SURFACE ( 'NONE', #876, 1.300000000000000711 ) ;
#938 = DIRECTION ( 'NONE',  ( -1.261617073437680612E-15, 1.000000000000000000, -0.000000000000000000 ) ) ;
#939 = CARTESIAN_POINT ( 'NONE',  ( -8.599494936611680629, -9.899494936611649365, 2.499999999999992006 ) ) ;
#940 = DIRECTION ( 'NONE',  ( 0.000000000000000000, 0.000000000000000000, -1.000000000000000000 ) ) ;
#941 = VECTOR ( 'NONE', #2322, 1000.000000000000000 ) ;
#942 = CARTESIAN_POINT ( 'NONE',  ( -18.49999999999998934, 0.000000000000000000, -9.499999999999996447 ) ) ;
#943 = EDGE_CURVE ( 'NONE', #856, #1482, #2196, .T. ) ;
#944 = VECTOR ( 'NONE', #791, 1000.000000000000000 ) ;
#945 = DIRECTION ( 'NONE',  ( 0.000000000000000000, 1.000000000000000000, 0.000000000000000000 ) ) ;
#946 = EDGE_CURVE ( 'NONE', #2565, #1622, #557, .T. ) ;
#947 = CARTESIAN_POINT ( 'NONE',  ( 18.50000000000000355, -5.999999999999996447, -9.499999999999992895 ) ) ;
#948 = DIRECTION ( 'NONE',  ( 1.000000000000000000, 5.170730929733268713E-16, 0.000000000000000000 ) ) ;
#949 = DIRECTION ( 'NONE',  ( 0.000000000000000000, 0.000000000000000000, 1.000000000000000000 ) ) ;
#950 = CARTESIAN_POINT ( 'NONE',  ( 13.70000000000006501, -53.99999999999998579, 5.000000000000000000 ) ) ;
#951 = ORIENTED_EDGE ( 'NONE', *, *, #1361, .T. ) ;
#952 = CARTESIAN_POINT ( 'NONE',  ( 18.00000000000000355, -0.4999999999999995559, -10.00000000000000000 ) ) ;
#953 = EDGE_LOOP ( 'NONE', ( #2154, #357, #2285, #955, #689 ) ) ;
#954 = ORIENTED_EDGE ( 'NONE', *, *, #1674, .T. ) ;
#955 = ORIENTED_EDGE ( 'NONE', *, *, #1184, .T. ) ;
#956 = FACE_BOUND ( 'NONE', #855, .T. ) ;
#957 = AXIS2_PLACEMENT_3D ( 'NONE', #220, #211, #1614 ) ;
#958 = CARTESIAN_POINT ( 'NONE',  ( 13.74772708486751860, -6.000000000000001776, 0.000000000000000000 ) ) ;
#959 = DIRECTION ( 'NONE',  ( 0.000000000000000000, 0.000000000000000000, 1.000000000000000000 ) ) ;
#960 = CARTESIAN_POINT ( 'NONE',  ( -46.50000000000003553, -26.13137084989850223, 3.868629150101530634 ) ) ;
#961 = CYLINDRICAL_SURFACE ( 'NONE', #2039, 1.300000000000000711 ) ;
#962 = FACE_OUTER_BOUND ( 'NONE', #1587, .T. ) ;
#963 = DIRECTION ( 'NONE',  ( -1.000000000000000000, 0.000000000000000000, 0.000000000000000000 ) ) ;
#964 = CARTESIAN_POINT ( 'NONE',  ( -18.99999999999999645, -6.000000000000001776, 10.00000000000000000 ) ) ;
#965 = UNCERTAINTY_MEASURE_WITH_UNIT (LENGTH_MEASURE( 1.000000000000000082E-05 ), #100, 'distance_accuracy_value', 'NONE');
#966 = LINE ( 'NONE', #767, #1433 ) ;
#967 = EDGE_CURVE ( 'NONE', #2042, #975, #2478, .T. ) ;
#968 = DIRECTION ( 'NONE',  ( 0.000000000000000000, 0.000000000000000000, 1.000000000000000000 ) ) ;
#969 = EDGE_LOOP ( 'NONE', ( #1003, #993, #1206, #398 ) ) ;
#970 = DIRECTION ( 'NONE',  ( 0.7071067811865521247, 0.5000000000000002220, -0.4999999999999932832 ) ) ;
#971 = ORIENTED_EDGE ( 'NONE', *, *, #1032, .F. ) ;
#972 = DIRECTION ( 'NONE',  ( -0.5773502691896224004, 0.5773502691896286176, -0.5773502691896262862 ) ) ;
#973 = DIRECTION ( 'NONE',  ( -1.000000000000000000, -1.261617073437680020E-15, 0.000000000000000000 ) ) ;
#974 = DIRECTION ( 'NONE',  ( -0.7071067811865527908, 0.4999999999999991118, -0.4999999999999933942 ) ) ;
#975 = VERTEX_POINT ( 'NONE', #40 ) ;
#976 = CARTESIAN_POINT ( 'NONE',  ( 7.499999999999985789, -15.01026628789156980, 12.01988523112495955 ) ) ;
#977 = CONICAL_SURFACE ( 'NONE', #802, 1.300000000000000711, 0.7853981633974506105 ) ;
#978 = CIRCLE ( 'NONE', #423, 1.300000000000000711 ) ;
#979 = CARTESIAN_POINT ( 'NONE',  ( -46.50000000000003553, -26.60000000000001918, 5.000000000000000000 ) ) ;
#980 = CARTESIAN_POINT ( 'NONE',  ( -15.00000000000000000, -1.892425610156521076E-14, 5.000000000000003553 ) ) ;
#981 = VECTOR ( 'NONE', #2065, 1000.000000000000000 ) ;
#982 = CARTESIAN_POINT ( 'NONE',  ( -9.899494936611681339, -9.899494936611649365, 2.499999999999992006 ) ) ;
#983 = EDGE_CURVE ( 'NONE', #2092, #1372, #1779, .T. ) ;
#984 = PRODUCT_CONTEXT ( 'NONE', #1797, 'mechanical' ) ;
#985 = CARTESIAN_POINT ( 'NONE',  ( -10.69949493661167494, -9.899494936611649365, 2.000000000000000000 ) ) ;
#986 = EDGE_CURVE ( 'NONE', #247, #114, #87, .T. ) ;
#987 = CARTESIAN_POINT ( 'NONE',  ( 13.69999999999998685, -6.108191221630176138, 5.000000000000051514 ) ) ;
#988 = EDGE_LOOP ( 'NONE', ( #996, #1080, #1842, #2255, #2017, #1687 ) ) ;
#989 = AXIS2_PLACEMENT_3D ( 'NONE', #1544, #1110, #1919 ) ;
#990 = VERTEX_POINT ( 'NONE', #2411 ) ;
#991 = ORIENTED_EDGE ( 'NONE', *, *, #1986, .T. ) ;
#992 = LINE ( 'NONE', #363, #2006 ) ;
#993 = ORIENTED_EDGE ( 'NONE', *, *, #1344, .T. ) ;
#994 = CIRCLE ( 'NONE', #2309, 18.00000000000000000 ) ;
#995 = DIRECTION ( 'NONE',  ( 0.000000000000000000, 0.000000000000000000, 1.000000000000000000 ) ) ;
#996 = ORIENTED_EDGE ( 'NONE', *, *, #564, .T. ) ;
#997 = DIRECTION ( 'NONE',  ( 0.000000000000000000, 0.000000000000000000, 1.000000000000000000 ) ) ;
#998 = DIRECTION ( 'NONE',  ( -1.149279134340487157E-16, 0.7071067811865429098, -0.7071067811865522357 ) ) ;
#999 = ORIENTED_EDGE ( 'NONE', *, *, #1795, .T. ) ;
#1000 = EDGE_LOOP ( 'NONE', ( #1524, #2040, #734, #1218 ) ) ;
#1001 = AXIS2_PLACEMENT_3D ( 'NONE', #372, #1171, #2260 ) ;
#1002 = CARTESIAN_POINT ( 'NONE',  ( -13.69999999999999929, -5.752340965137850812E-15, -4.999999999999996447 ) ) ;
#1003 = ORIENTED_EDGE ( 'NONE', *, *, #2386, .F. ) ;
#1004 = CARTESIAN_POINT ( 'NONE',  ( 10.48808848170151720, -0.4999999999999997780, 10.00000000000000000 ) ) ;
#1005 = DIRECTION ( 'NONE',  ( 0.000000000000000000, 1.000000000000000000, 0.000000000000000000 ) ) ;
#1006 = CIRCLE ( 'NONE', #2366, 1.300000000000000711 ) ;
#1007 = CARTESIAN_POINT ( 'NONE',  ( -7.499999999999992006, -29.00000000000000000, 10.00000000000000000 ) ) ;
#1008 = VECTOR ( 'NONE', #455, 1000.000000000000000 ) ;
#1009 =( LENGTH_UNIT ( ) NAMED_UNIT ( * ) SI_UNIT ( .MILLI., .METRE. ) );
#1010 = DIRECTION ( 'NONE',  ( -1.000000000000000000, 0.000000000000000000, 0.000000000000000000 ) ) ;
#1011 = AXIS2_PLACEMENT_3D ( 'NONE', #1713, #2073, #45 ) ;
#1012 = EDGE_CURVE ( 'NONE', #1064, #1880, #2145, .T. ) ;
#1013 = DIRECTION ( 'NONE',  ( -0.000000000000000000, -0.000000000000000000, -1.000000000000000000 ) ) ;
#1014 = DIRECTION ( 'NONE',  ( 1.000000000000000000, 0.000000000000000000, -0.000000000000000000 ) ) ;
#1015 = DIRECTION ( 'NONE',  ( 0.000000000000000000, -1.000000000000000000, 0.000000000000000000 ) ) ;
#1016 = EDGE_CURVE ( 'NONE', #1629, #2312, #1607, .T. ) ;
#1017 = ORIENTED_EDGE ( 'NONE', *, *, #693, .T. ) ;
#1018 = SURFACE_STYLE_USAGE ( .BOTH. , #2010 ) ;
#1019 = EDGE_LOOP ( 'NONE', ( #251, #744, #2441, #1942 ) ) ;
#1020 = ORIENTED_EDGE ( 'NONE', *, *, #2371, .F. ) ;
#1021 = ADVANCED_FACE ( 'NONE', ( #73 ), #12, .F. ) ;
#1022 = CARTESIAN_POINT ( 'NONE',  ( 19.00000000000000355, -5.999999999999997335, -8.999999999999992895 ) ) ;
#1023 = ORIENTED_EDGE ( 'NONE', *, *, #429, .T. ) ;
#1024 = VECTOR ( 'NONE', #2404, 1000.000000000000000 ) ;
#1025 = DIRECTION ( 'NONE',  ( -2.312964634635742957E-16, 1.000000000000000000, 0.000000000000000000 ) ) ;
#1026 = DIRECTION ( 'NONE',  ( 0.000000000000000000, 0.000000000000000000, 1.000000000000000000 ) ) ;
#1027 = LINE ( 'NONE', #1123, #112 ) ;
#1028 = CIRCLE ( 'NONE', #133, 10.50000000000000888 ) ;
#1029 = CARTESIAN_POINT ( 'NONE',  ( -9.899494936611681339, -9.899494936611649365, 9.499999999999985789 ) ) ;
#1030 = ORIENTED_EDGE ( 'NONE', *, *, #1196, .T. ) ;
#1031 = CARTESIAN_POINT ( 'NONE',  ( -13.74772708486750972, -5.999999999999995559, -10.00000000000000000 ) ) ;
#1032 = EDGE_CURVE ( 'NONE', #718, #932, #1957, .T. ) ;
#1033 = CARTESIAN_POINT ( 'NONE',  ( -7.499999999999992006, -29.00000000000000000, 10.00000000000000000 ) ) ;
#1034 = EDGE_LOOP ( 'NONE', ( #1239, #104, #905, #901 ) ) ;
#1035 = AXIS2_PLACEMENT_3D ( 'NONE', #1281, #867, #69 ) ;
#1036 = B_SPLINE_CURVE_WITH_KNOTS ( 'NONE', 3,
 ( #1254, #1485, #2286, #477, #70, #294 ),
 .UNSPECIFIED., .F., .F.,
 ( 4, 2, 4 ),
 ( 2.168404344971008868E-19, 0.0002028992754851184242, 0.0004057985509702366315 ),
 .UNSPECIFIED. ) ;
#1037 = VECTOR ( 'NONE', #2287, 1000.000000000000114 ) ;
#1038 = DIRECTION ( 'NONE',  ( -1.000000000000000000, 2.001604010742465719E-15, 0.000000000000000000 ) ) ;
#1039 = VECTOR ( 'NONE', #1667, 1000.000000000000000 ) ;
#1040 = AXIS2_PLACEMENT_3D ( 'NONE', #707, #1726, #906 ) ;
#1041 = CARTESIAN_POINT ( 'NONE',  ( -6.999999999999985789, -23.40000000000001279, 5.000000000000000000 ) ) ;
#1042 = CIRCLE ( 'NONE', #2495, 1.300000000000000711 ) ;
#1043 = CARTESIAN_POINT ( 'NONE',  ( 9.988655696858588229, -0.4761904761904761085, 9.499999999999992895 ) ) ;
#1044 = AXIS2_PLACEMENT_3D ( 'NONE', #766, #945, #2555 ) ;
#1045 = ADVANCED_FACE ( 'NONE', ( #817 ), #977, .F. ) ;
#1046 = CARTESIAN_POINT ( 'NONE',  ( 9.899494936611681339, -9.899494936611649365, 2.499999999999992006 ) ) ;
#1047 = DIRECTION ( 'NONE',  ( 0.000000000000000000, 0.000000000000000000, 1.000000000000000000 ) ) ;
#1048 = ORIENTED_EDGE ( 'NONE', *, *, #140, .F. ) ;
#1049 = VERTEX_POINT ( 'NONE', #1041 ) ;
#1050 = EDGE_CURVE ( 'NONE', #2544, #1461, #701, .T. ) ;
#1051 = ORIENTED_EDGE ( 'NONE', *, *, #1533, .F. ) ;
#1052 = ORIENTED_EDGE ( 'NONE', *, *, #1463, .F. ) ;
#1053 = LINE ( 'NONE', #2394, #2318 ) ;
#1054 = DIRECTION ( 'NONE',  ( -1.149279134340486910E-16, 0.7071067811865426878, 0.7071067811865523467 ) ) ;
#1055 = FACE_OUTER_BOUND ( 'NONE', #799, .T. ) ;
#1056 = CARTESIAN_POINT ( 'NONE',  ( -6.999999999999985789, -23.86862915010152619, 3.868629150101531078 ) ) ;
#1057 = ORIENTED_EDGE ( 'NONE', *, *, #1704, .T. ) ;
#1058 = ADVANCED_FACE ( 'NONE', ( #444 ), #256, .F. ) ;
#1059 = EDGE_CURVE ( 'NONE', #1622, #1562, #1069, .T. ) ;
#1060 = DIRECTION ( 'NONE',  ( 0.000000000000000000, 0.000000000000000000, 1.000000000000000000 ) ) ;
#1061 = ORIENTED_EDGE ( 'NONE', *, *, #1625, .T. ) ;
#1062 = DIRECTION ( 'NONE',  ( 1.000000000000000000, 0.000000000000000000, 0.000000000000000000 ) ) ;
#1063 = DIRECTION ( 'NONE',  ( 0.000000000000000000, 1.000000000000000000, 0.000000000000000000 ) ) ;
#1064 = VERTEX_POINT ( 'NONE', #2253 ) ;
#1065 = EDGE_CURVE ( 'NONE', #1775, #430, #1129, .T. ) ;
#1066 = CARTESIAN_POINT ( 'NONE',  ( -6.999999999999985789, -25.00000000000000711, 6.599999999999997868 ) ) ;
#1067 = VECTOR ( 'NONE', #1581, 1000.000000000000114 ) ;
#1068 = CARTESIAN_POINT ( 'NONE',  ( -9.899494936611681339, -9.899494936611649365, 2.000000000000000000 ) ) ;
#1069 = LINE ( 'NONE', #265, #536 ) ;
#1070 = DIRECTION ( 'NONE',  ( 1.000000000000000000, 0.000000000000000000, 0.000000000000000000 ) ) ;
#1071 = ADVANCED_FACE ( 'NONE', ( #2081 ), #1858, .F. ) ;
#1072 = LINE ( 'NONE', #692, #451 ) ;
#1073 = CARTESIAN_POINT ( 'NONE',  ( 15.00000000000000000, 1.892425610156521076E-14, 5.000000000000000000 ) ) ;
#1074 = ORIENTED_EDGE ( 'NONE', *, *, #1325, .F. ) ;
#1075 = EDGE_CURVE ( 'NONE', #2585, #270, #1697, .T. ) ;
#1076 = CARTESIAN_POINT ( 'NONE',  ( -46.50000000000003553, -23.86862915010154040, 3.868629150101531078 ) ) ;
#1077 = ORIENTED_EDGE ( 'NONE', *, *, #2592, .T. ) ;
#1078 = CARTESIAN_POINT ( 'NONE',  ( 15.91923881554258635, -53.99999999999998579, 4.080761184457491808 ) ) ;
#1079 = EDGE_CURVE ( 'NONE', #1487, #1327, #1413, .T. ) ;
#1080 = ORIENTED_EDGE ( 'NONE', *, *, #1586, .T. ) ;
#1081 = VECTOR ( 'NONE', #934, 1000.000000000000000 ) ;
#1082 = ADVANCED_FACE ( 'NONE', ( #603 ), #476, .F. ) ;
#1083 = DIRECTION ( 'NONE',  ( 0.000000000000000000, 0.000000000000000000, 1.000000000000000000 ) ) ;
#1084 = VECTOR ( 'NONE', #231, 1000.000000000000114 ) ;
#1085 = CARTESIAN_POINT ( 'NONE',  ( -6.999999999999985789, -26.13137084989849157, 3.868629150101535519 ) ) ;
#1086 = VERTEX_POINT ( 'NONE', #653 ) ;
#1087 = CARTESIAN_POINT ( 'NONE',  ( 10.22162553174248778, -0.07254692269055684761, 9.721809331281058064 ) ) ;
#1088 = AXIS2_PLACEMENT_3D ( 'NONE', #1723, #722, #1297 ) ;
#1089 = VERTEX_POINT ( 'NONE', #2059 ) ;
#1090 = ORIENTED_EDGE ( 'NONE', *, *, #2608, .F. ) ;
#1091 = EDGE_CURVE ( 'NONE', #1854, #247, #1471, .T. ) ;
#1092 = LINE ( 'NONE', #1349, #568 ) ;
#1093 = CARTESIAN_POINT ( 'NONE',  ( 10.12669912252477289, -0.1491205790075398885, 9.627722671120606535 ) ) ;
#1094 = PLANE ( 'NONE',  #764 ) ;
#1095 = LINE ( 'NONE', #2412, #479 ) ;
#1096 = CARTESIAN_POINT ( 'NONE',  ( -10.00000000000000178, 0.000000000000000000, 10.00000000000000000 ) ) ;
#1097 = CARTESIAN_POINT ( 'NONE',  ( 6.999999999999950262, -23.86862915010151909, 3.868629150101531078 ) ) ;
#1098 = CARTESIAN_POINT ( 'NONE',  ( -14.99999999999999645, -6.298183538472098179E-15, -4.999999999999996447 ) ) ;
#1099 = CARTESIAN_POINT ( 'NONE',  ( 14.08076118445760549, -9.999999999999994671, -5.919238815542505527 ) ) ;
#1100 = CARTESIAN_POINT ( 'NONE',  ( -6.999999999999985789, -25.00000000000000711, 5.000000000000000000 ) ) ;
#1101 = ORIENTED_EDGE ( 'NONE', *, *, #600, .T. ) ;
#1102 = ORIENTED_EDGE ( 'NONE', *, *, #342, .T. ) ;
#1103 = CARTESIAN_POINT ( 'NONE',  ( -18.99999999999999645, 0.000000000000000000, 8.999999999999985789 ) ) ;
#1104 = ORIENTED_EDGE ( 'NONE', *, *, #1298, .T. ) ;
#1105 = LINE ( 'NONE', #1604, #583 ) ;
#1106 = EDGE_CURVE ( 'NONE', #1249, #391, #2227, .T. ) ;
#1107 = EDGE_LOOP ( 'NONE', ( #2483, #299, #827 ) ) ;
#1108 = LINE ( 'NONE', #1628, #1084 ) ;
#1109 = DIRECTION ( 'NONE',  ( -1.000000000000000000, 0.000000000000000000, 0.000000000000000000 ) ) ;
#1110 = DIRECTION ( 'NONE',  ( -1.261617073437680809E-15, 1.000000000000000000, -0.000000000000000000 ) ) ;
#1111 = EDGE_CURVE ( 'NONE', #2364, #2062, #2303, .T. ) ;
#1112 = CARTESIAN_POINT ( 'NONE',  ( -9.899494936611681339, -9.899494936611649365, 2.000000000000000000 ) ) ;
#1113 = EDGE_LOOP ( 'NONE', ( #239, #933, #1030, #1391 ) ) ;
#1114 = LINE ( 'NONE', #822, #278 ) ;
#1115 = CARTESIAN_POINT ( 'NONE',  ( -10.00000000000000178, 0.000000000000000000, 10.00000000000000000 ) ) ;
#1116 = DIRECTION ( 'NONE',  ( 1.000000000000000000, 2.312964634635742957E-16, -0.000000000000000000 ) ) ;
#1117 = ORIENTED_EDGE ( 'NONE', *, *, #2051, .T. ) ;
#1118 = ORIENTED_EDGE ( 'NONE', *, *, #577, .T. ) ;
#1119 = AXIS2_PLACEMENT_3D ( 'NONE', #1546, #119, #510 ) ;
#1120 = EDGE_LOOP ( 'NONE', ( #1760, #714, #2545, #2375, #655 ) ) ;
#1121 = VERTEX_POINT ( 'NONE', #2049 ) ;
#1122 = ORIENTED_EDGE ( 'NONE', *, *, #76, .T. ) ;
#1123 = CARTESIAN_POINT ( 'NONE',  ( 7.500000000000007105, -28.99999999999999645, 10.00000000000000000 ) ) ;
#1124 = AXIS2_PLACEMENT_3D ( 'NONE', #797, #1788, #2392 ) ;
#1125 = DIRECTION ( 'NONE',  ( -1.000000000000000000, 0.000000000000000000, 0.000000000000000000 ) ) ;
#1126 = EDGE_CURVE ( 'NONE', #1390, #1583, #159, .T. ) ;
#1127 = VECTOR ( 'NONE', #2455, 1000.000000000000000 ) ;
#1128 = CARTESIAN_POINT ( 'NONE',  ( 7.500000000000007105, -28.99999999999999645, 3.000000000000009770 ) ) ;
#1129 = LINE ( 'NONE', #2279, #1008 ) ;
#1130 = AXIS2_PLACEMENT_3D ( 'NONE', #1212, #1823, #2024 ) ;
#1131 = DIRECTION ( 'NONE',  ( 0.000000000000000000, 1.000000000000000000, 0.000000000000000000 ) ) ;
#1132 = VECTOR ( 'NONE', #784, 1000.000000000000000 ) ;
#1133 = CARTESIAN_POINT ( 'NONE',  ( 18.00000000000000355, 0.000000000000000000, -10.00000000000000000 ) ) ;
#1134 = CARTESIAN_POINT ( 'NONE',  ( -13.74772708486751860, -6.000000000000001776, 0.000000000000000000 ) ) ;
#1135 = ORIENTED_EDGE ( 'NONE', *, *, #1606, .F. ) ;
#1136 = AXIS2_PLACEMENT_3D ( 'NONE', #243, #2240, #1005 ) ;
#1137 = CARTESIAN_POINT ( 'NONE',  ( 15.00000000000011724, -5.999999999999989342, -6.838477631085036812 ) ) ;
#1138 = CARTESIAN_POINT ( 'NONE',  ( -9.899494936611681339, -9.899494936611649365, 9.499999999999985789 ) ) ;
#1139 = EDGE_CURVE ( 'NONE', #1897, #718, #1638, .T. ) ;
#1140 = ORIENTED_EDGE ( 'NONE', *, *, #225, .F. ) ;
#1141 = ORIENTED_EDGE ( 'NONE', *, *, #1016, .F. ) ;
#1142 = CARTESIAN_POINT ( 'NONE',  ( -14.99999999999999645, -6.298183538472098179E-15, -4.999999999999996447 ) ) ;
#1143 = DIRECTION ( 'NONE',  ( -1.261617073437680612E-15, 1.000000000000000000, -0.000000000000000000 ) ) ;
#1144 = VERTEX_POINT ( 'NONE', #916 ) ;
#1145 = FACE_OUTER_BOUND ( 'NONE', #2104, .T. ) ;
#1146 = EDGE_CURVE ( 'NONE', #1618, #1805, #2370, .T. ) ;
#1147 = VECTOR ( 'NONE', #1675, 1000.000000000000000 ) ;
#1148 = VECTOR ( 'NONE', #189, 1000.000000000000114 ) ;
#1149 = ORIENTED_EDGE ( 'NONE', *, *, #943, .T. ) ;
#1150 = EDGE_LOOP ( 'NONE', ( #1983, #1751, #1821, #578, #1057, #2002, #460, #2298, #81, #1269, #200, #1061, #747, #1400 ) ) ;
#1151 = ORIENTED_EDGE ( 'NONE', *, *, #18, .T. ) ;
#1152 = CARTESIAN_POINT ( 'NONE',  ( -10.69949493661167494, -9.899494936611649365, 2.000000000000000000 ) ) ;
#1153 = ORIENTED_EDGE ( 'NONE', *, *, #325, .T. ) ;
#1154 = CARTESIAN_POINT ( 'NONE',  ( -10.48808848170151720, 0.000000000000000000, 9.988088481701506538 ) ) ;
#1155 = LINE ( 'NONE', #1374, #1067 ) ;
#1156 = DIRECTION ( 'NONE',  ( -4.198789025648066801E-16, 1.000000000000000000, 0.000000000000000000 ) ) ;
#1157 = VECTOR ( 'NONE', #1324, 1000.000000000000114 ) ;
#1158 = CARTESIAN_POINT ( 'NONE',  ( 16.97056274847713908, -6.000000000000001776, 0.000000000000000000 ) ) ;
#1159 = EDGE_CURVE ( 'NONE', #685, #929, #348, .T. ) ;
#1160 = LINE ( 'NONE', #674, #2277 ) ;
#1161 = DIRECTION ( 'NONE',  ( -1.261617073437680612E-15, 1.000000000000000000, -0.000000000000000000 ) ) ;
#1162 = CARTESIAN_POINT ( 'NONE',  ( -16.29999999999999005, -6.000000000000001776, -4.999999999999996447 ) ) ;
#1163 = CONICAL_SURFACE ( 'NONE', #1542, 10.50000000000000533, 0.7853981633974482790 ) ;
#1164 = CARTESIAN_POINT ( 'NONE',  ( -16.97056274847713908, -5.999999999999994671, 0.000000000000000000 ) ) ;
#1165 = DIRECTION ( 'NONE',  ( -0.7071067811865500152, -0.000000000000000000, 0.7071067811865451302 ) ) ;
#1166 = CARTESIAN_POINT ( 'NONE',  ( 13.74772708486750794, -5.999999999999990230, 4.650983458808094717 ) ) ;
#1167 = DIRECTION ( 'NONE',  ( 0.000000000000000000, 1.000000000000000000, 0.000000000000000000 ) ) ;
#1168 = AXIS2_PLACEMENT_3D ( 'NONE', #915, #1755, #346 ) ;
#1169 = ORIENTED_EDGE ( 'NONE', *, *, #342, .F. ) ;
#1170 = ORIENTED_EDGE ( 'NONE', *, *, #2552, .F. ) ;
#1171 = DIRECTION ( 'NONE',  ( -0.000000000000000000, -0.7071067811865475727, -0.7071067811865475727 ) ) ;
#1172 = VERTEX_POINT ( 'NONE', #1927 ) ;
#1173 = LINE ( 'NONE', #1319, #618 ) ;
#1174 = AXIS2_PLACEMENT_3D ( 'NONE', #1352, #1577, #177 ) ;
#1175 = CARTESIAN_POINT ( 'NONE',  ( -7.499999999999992895, -25.00000000000000711, 5.000000000000000000 ) ) ;
#1176 = DIRECTION ( 'NONE',  ( 1.816542908572705680E-15, 1.000000000000000000, -0.000000000000000000 ) ) ;
#1177 = ORIENTED_EDGE ( 'NONE', *, *, #1476, .T. ) ;
#1178 = CIRCLE ( 'NONE', #51, 18.00000000000000000 ) ;
#1179 = LINE ( 'NONE', #22, #624 ) ;
#1180 = DIRECTION ( 'NONE',  ( 0.000000000000000000, 0.000000000000000000, -1.000000000000000000 ) ) ;
#1181 = CARTESIAN_POINT ( 'NONE',  ( 18.00000000000000355, -5.999999999999997335, -10.00000000000000000 ) ) ;
#1182 = ORIENTED_EDGE ( 'NONE', *, *, #1315, .F. ) ;
#1183 = LINE ( 'NONE', #1229, #591 ) ;
#1184 = EDGE_CURVE ( 'NONE', #1786, #628, #1538, .T. ) ;
#1185 = DIRECTION ( 'NONE',  ( 0.7071067811865451302, 3.656258904105403605E-16, -0.7071067811865500152 ) ) ;
#1186 = EDGE_LOOP ( 'NONE', ( #311, #1754, #1909, #2094 ) ) ;
#1187 = ORIENTED_EDGE ( 'NONE', *, *, #746, .T. ) ;
#1188 = DIRECTION ( 'NONE',  ( 1.000000000000000000, 1.625326138736737898E-16, -0.000000000000000000 ) ) ;
#1189 = CARTESIAN_POINT ( 'NONE',  ( 15.00000000000011902, -5.999999999999990230, -5.000000000000000000 ) ) ;
#1190 = CARTESIAN_POINT ( 'NONE',  ( -46.50000000000003553, -25.00000000000002132, 5.000000000000000000 ) ) ;
#1191 = ORIENTED_EDGE ( 'NONE', *, *, #2369, .F. ) ;
#1192 = DIRECTION ( 'NONE',  ( 1.110969829862470795E-15, -0.7071067811865426878, -0.7071067811865523467 ) ) ;
#1193 = ADVANCED_FACE ( 'NONE', ( #41 ), #540, .T. ) ;
#1194 = AXIS2_PLACEMENT_3D ( 'NONE', #1234, #2431, #425 ) ;
#1195 = VECTOR ( 'NONE', #597, 1000.000000000000114 ) ;
#1196 = EDGE_CURVE ( 'NONE', #2382, #1390, #2247, .T. ) ;
#1197 = DIRECTION ( 'NONE',  ( 1.816542908572705680E-15, 1.000000000000000000, -0.000000000000000000 ) ) ;
#1198 = VECTOR ( 'NONE', #1354, 1000.000000000000000 ) ;
#1199 = CARTESIAN_POINT ( 'NONE',  ( -14.82974498543663877, -5.999999999999993783, -2.008314213468959775 ) ) ;
#1200 = LINE ( 'NONE', #976, #2340 ) ;
#1201 = CARTESIAN_POINT ( 'NONE',  ( -10.37827874957934782, -2.032879073410320814E-17, 9.878278749579335383 ) ) ;
#1202 = EDGE_CURVE ( 'NONE', #666, #1721, #1092, .T. ) ;
#1203 = CARTESIAN_POINT ( 'NONE',  ( -18.99999999999999645, 0.000000000000000000, 10.00000000000000000 ) ) ;
#1204 = EDGE_LOOP ( 'NONE', ( #298, #483, #1208, #529 ) ) ;
#1205 = DIRECTION ( 'NONE',  ( -1.261617073437680809E-15, 1.000000000000000000, -0.000000000000000000 ) ) ;
#1206 = ORIENTED_EDGE ( 'NONE', *, *, #1126, .F. ) ;
#1207 = AXIS2_PLACEMENT_3D ( 'NONE', #545, #940, #327 ) ;
#1208 = ORIENTED_EDGE ( 'NONE', *, *, #1431, .F. ) ;
#1209 = FILL_AREA_STYLE ('',( #2235 ) ) ;
#1210 = EDGE_LOOP ( 'NONE', ( #954, #1582, #878, #1662 ) ) ;
#1211 = LINE ( 'NONE', #1928, #2034 ) ;
#1212 = CARTESIAN_POINT ( 'NONE',  ( 0.000000000000000000, 0.000000000000000000, -3.000000000000019984 ) ) ;
#1213 = ORIENTED_EDGE ( 'NONE', *, *, #654, .T. ) ;
#1214 = CIRCLE ( 'NONE', #638, 0.7999999999999951594 ) ;
#1215 = FACE_BOUND ( 'NONE', #2409, .T. ) ;
#1216 = ORIENTED_EDGE ( 'NONE', *, *, #946, .T. ) ;
#1217 = DIRECTION ( 'NONE',  ( 0.000000000000000000, 0.000000000000000000, 1.000000000000000000 ) ) ;
#1218 = ORIENTED_EDGE ( 'NONE', *, *, #1952, .F. ) ;
#1219 = ADVANCED_FACE ( 'NONE', ( #1831 ), #382, .F. ) ;
#1220 = B_SPLINE_CURVE_WITH_KNOTS ( 'NONE', 3,
 ( #771, #1199, #163, #2203 ),
 .UNSPECIFIED., .F., .F.,
 ( 4, 4 ),
 ( 2.453269466693399083E-18, 0.004403029606377214210 ),
 .UNSPECIFIED. ) ;
#1221 = DIRECTION ( 'NONE',  ( 1.000000000000000000, 0.000000000000000000, 0.000000000000000000 ) ) ;
#1222 = ORIENTED_EDGE ( 'NONE', *, *, #1620, .T. ) ;
#1223 = CARTESIAN_POINT ( 'NONE',  ( -8.599494936611680629, -9.899494936611649365, 9.499999999999985789 ) ) ;
#1224 = DIRECTION ( 'NONE',  ( -0.7071067811865426878, 0.5000000000000061062, 0.5000000000000006661 ) ) ;
#1225 = AXIS2_PLACEMENT_3D ( 'NONE', #918, #927, #1903 ) ;
#1226 = CIRCLE ( 'NONE', #1194, 1.599999999999998090 ) ;
#1227 = DIRECTION ( 'NONE',  ( 0.7071067811865568986, 0.000000000000000000, 0.7071067811865382469 ) ) ;
#1228 = VECTOR ( 'NONE', #2334, 1000.000000000000000 ) ;
#1229 = CARTESIAN_POINT ( 'NONE',  ( -14.99999999999999467, -6.298183538472098179E-15, -6.838477631085033259 ) ) ;
#1230 = AXIS2_PLACEMENT_3D ( 'NONE', #456, #1887, #845 ) ;
#1231 = VECTOR ( 'NONE', #566, 1000.000000000000000 ) ;
#1232 = DIRECTION ( 'NONE',  ( 0.000000000000000000, 0.000000000000000000, 1.000000000000000000 ) ) ;
#1233 = ADVANCED_FACE ( 'NONE', ( #503 ), #2463, .F. ) ;
#1234 = CARTESIAN_POINT ( 'NONE',  ( 6.999999999999950262, -25.00000000000000000, 5.000000000000000000 ) ) ;
#1235 = CARTESIAN_POINT ( 'NONE',  ( -9.899494936611681339, -9.899494936611649365, 2.000000000000000000 ) ) ;
#1236 = EDGE_CURVE ( 'NONE', #1949, #1618, #98, .T. ) ;
#1237 = DIRECTION ( 'NONE',  ( -1.000000000000000000, 2.001604010742473608E-15, 0.000000000000000000 ) ) ;
#1238 = EDGE_LOOP ( 'NONE', ( #865, #1331, #1135, #524, #1517 ) ) ;
#1239 = ORIENTED_EDGE ( 'NONE', *, *, #1382, .F. ) ;
#1240 = CARTESIAN_POINT ( 'NONE',  ( -14.99999999999999112, -10.00000000000000711, -6.838477631085033259 ) ) ;
#1241 = FACE_OUTER_BOUND ( 'NONE', #91, .T. ) ;
#1242 = VECTOR ( 'NONE', #2342, 1000.000000000000000 ) ;
#1243 = CIRCLE ( 'NONE', #1044, 1.299999999999997824 ) ;
#1244 = CARTESIAN_POINT ( 'NONE',  ( 13.70000000000012186, -6.108191221629871492, -5.000000000000000000 ) ) ;
#1245 = VECTOR ( 'NONE', #825, 1000.000000000000114 ) ;
#1246 = EDGE_LOOP ( 'NONE', ( #1600, #705, #1745, #1312, #1930, #152 ) ) ;
#1247 = EDGE_CURVE ( 'NONE', #2102, #2300, #910, .T. ) ;
#1248 = DIRECTION ( 'NONE',  ( -0.7071067811865442421, 0.000000000000000000, 0.7071067811865507924 ) ) ;
#1249 = VERTEX_POINT ( 'NONE', #521 ) ;
#1250 = CARTESIAN_POINT ( 'NONE',  ( -6.999999999999985789, -25.00000000000000711, 5.000000000000000000 ) ) ;
#1251 = ORIENTED_EDGE ( 'NONE', *, *, #1889, .F. ) ;
#1252 = EDGE_CURVE ( 'NONE', #141, #1853, #1375, .T. ) ;
#1253 = LINE ( 'NONE', #849, #565 ) ;
#1254 = CARTESIAN_POINT ( 'NONE',  ( 9.988655696858588229, -0.4761904761904761085, -9.499999999999996447 ) ) ;
#1255 = VECTOR ( 'NONE', #2221, 1000.000000000000000 ) ;
#1256 = ADVANCED_FACE ( 'NONE', ( #2053 ), #2143, .F. ) ;
#1257 = CARTESIAN_POINT ( 'NONE',  ( -14.99999999999999289, -5.999999999999998224, 5.000000000000003553 ) ) ;
#1258 = CARTESIAN_POINT ( 'NONE',  ( -14.99999999999993250, -54.00000000000002842, 3.161522368914970293 ) ) ;
#1259 = VECTOR ( 'NONE', #2520, 1000.000000000000114 ) ;
#1260 = CARTESIAN_POINT ( 'NONE',  ( -7.499999999999992006, -29.00000000000000000, 3.000000000000009770 ) ) ;
#1261 = LINE ( 'NONE', #636, #1541 ) ;
#1262 = AXIS2_PLACEMENT_3D ( 'NONE', #1438, #1826, #1038 ) ;
#1263 = EDGE_CURVE ( 'NONE', #839, #2135, #412, .T. ) ;
#1264 = CARTESIAN_POINT ( 'NONE',  ( 19.00000000000000355, 4.653657836759941941E-15, -8.999999999999992895 ) ) ;
#1265 = CARTESIAN_POINT ( 'NONE',  ( -13.69999999999981100, -6.108191221630580259, -4.999999999999555023 ) ) ;
#1266 = FILL_AREA_STYLE ('',( #450 ) ) ;
#1267 = ORIENTED_EDGE ( 'NONE', *, *, #564, .F. ) ;
#1268 = ADVANCED_FACE ( 'NONE', ( #1857 ), #700, .F. ) ;
#1269 = ORIENTED_EDGE ( 'NONE', *, *, #687, .T. ) ;
#1270 = ORIENTED_EDGE ( 'NONE', *, *, #1395, .T. ) ;
#1271 = ORIENTED_EDGE ( 'NONE', *, *, #857, .F. ) ;
#1272 = VECTOR ( 'NONE', #1773, 1000.000000000000000 ) ;
#1273 = DIRECTION ( 'NONE',  ( 1.000000000000000000, 3.939108803222883483E-16, -0.000000000000000000 ) ) ;
#1274 = FACE_OUTER_BOUND ( 'NONE', #2332, .T. ) ;
#1275 = CIRCLE ( 'NONE', #1262, 1.300000000000002487 ) ;
#1276 = DIRECTION ( 'NONE',  ( 0.7071067811865568986, 0.000000000000000000, 0.7071067811865382469 ) ) ;
#1277 = AXIS2_PLACEMENT_3D ( 'NONE', #750, #2162, #949 ) ;
#1278 = ORIENTED_EDGE ( 'NONE', *, *, #577, .F. ) ;
#1279 = EDGE_LOOP ( 'NONE', ( #238, #1794, #586, #1846, #329, #2297, #2311, #1270, #2425, #118, #920, #1705, #215, #1101 ) ) ;
#1280 = EDGE_CURVE ( 'NONE', #685, #2566, #2553, .T. ) ;
#1281 = CARTESIAN_POINT ( 'NONE',  ( -9.990985997149799200E-15, -5.499999999999954703, -10.00000000000000000 ) ) ;
#1282 = EDGE_LOOP ( 'NONE', ( #312, #870, #485, #2314 ) ) ;
#1283 = ORIENTED_EDGE ( 'NONE', *, *, #429, .F. ) ;
#1284 = CARTESIAN_POINT ( 'NONE',  ( -15.00000000000000000, -1.892425610156521076E-14, 3.161522368914970293 ) ) ;
#1285 = ADVANCED_FACE ( 'NONE', ( #1603 ), #2401, .F. ) ;
#1286 = DIRECTION ( 'NONE',  ( 0.000000000000000000, 0.000000000000000000, 1.000000000000000000 ) ) ;
#1287 = EDGE_CURVE ( 'NONE', #324, #437, #1220, .T. ) ;
#1288 = DIRECTION ( 'NONE',  ( -1.000000000000000000, 0.000000000000000000, 0.000000000000000000 ) ) ;
#1289 = FACE_BOUND ( 'NONE', #1210, .T. ) ;
#1290 = CARTESIAN_POINT ( 'NONE',  ( 0.000000000000000000, 0.000000000000000000, -3.000000000000019984 ) ) ;
#1291 = DIRECTION ( 'NONE',  ( -0.000000000000000000, -0.000000000000000000, -1.000000000000000000 ) ) ;
#1292 = DIRECTION ( 'NONE',  ( -0.000000000000000000, -0.000000000000000000, -1.000000000000000000 ) ) ;
#1293 = ADVANCED_FACE ( 'NONE', ( #1637 ), #1960, .T. ) ;
#1294 = EDGE_CURVE ( 'NONE', #1547, #527, #210, .T. ) ;
#1295 = ORIENTED_EDGE ( 'NONE', *, *, #2206, .T. ) ;
#1296 = ORIENTED_EDGE ( 'NONE', *, *, #2554, .F. ) ;
#1297 = DIRECTION ( 'NONE',  ( -1.000000000000000000, 2.001604010742465719E-15, 0.000000000000000000 ) ) ;
#1298 = EDGE_CURVE ( 'NONE', #666, #839, #1419, .T. ) ;
#1299 = ORIENTED_EDGE ( 'NONE', *, *, #2424, .F. ) ;
#1300 = FACE_OUTER_BOUND ( 'NONE', #1593, .T. ) ;
#1301 = CARTESIAN_POINT ( 'NONE',  ( 0.000000000000000000, 0.000000000000000000, -9.499999999999992895 ) ) ;
#1302 = VECTOR ( 'NONE', #110, 1000.000000000000114 ) ;
#1303 = FACE_OUTER_BOUND ( 'NONE', #1407, .T. ) ;
#1304 = AXIS2_PLACEMENT_3D ( 'NONE', #1142, #147, #1758 ) ;
#1305 = ORIENTED_EDGE ( 'NONE', *, *, #1961, .F. ) ;
#1306 = ORIENTED_EDGE ( 'NONE', *, *, #2014, .T. ) ;
#1307 = ORIENTED_EDGE ( 'NONE', *, *, #1280, .F. ) ;
#1308 =( NAMED_UNIT ( * ) SI_UNIT ( $, .STERADIAN. ) SOLID_ANGLE_UNIT ( ) );
#1309 = CARTESIAN_POINT ( 'NONE',  ( -10.00977934163515037, -0.3412761835182731573, -9.515429703652324989 ) ) ;
#1310 = STYLED_ITEM ( 'NONE', ( #1519 ), #2095 ) ;
#1311 = EDGE_LOOP ( 'NONE', ( #1365, #174, #2170, #2328 ) ) ;
#1312 = ORIENTED_EDGE ( 'NONE', *, *, #1601, .T. ) ;
#1313 = ORIENTED_EDGE ( 'NONE', *, *, #829, .T. ) ;
#1314 = DIRECTION ( 'NONE',  ( 1.000000000000000000, 0.000000000000000000, 0.000000000000000000 ) ) ;
#1315 = EDGE_CURVE ( 'NONE', #1372, #1327, #2079, .T. ) ;
#1316 = FACE_OUTER_BOUND ( 'NONE', #2489, .T. ) ;
#1317 = DIRECTION ( 'NONE',  ( -1.000000000000000000, 1.816542908572705680E-15, 0.000000000000000000 ) ) ;
#1318 = LINE ( 'NONE', #1735, #1416 ) ;
#1319 = CARTESIAN_POINT ( 'NONE',  ( 13.74772708486750972, -5.999999999999995559, -10.00000000000000000 ) ) ;
#1320 = CARTESIAN_POINT ( 'NONE',  ( 15.00000000000012079, -9.999999999999992895, -5.000000000000000000 ) ) ;
#1321 = FACE_OUTER_BOUND ( 'NONE', #1550, .T. ) ;
#1322 = CARTESIAN_POINT ( 'NONE',  ( -10.37339320279596500, -0.3797065766405153808, -9.879706576640511884 ) ) ;
#1323 = CARTESIAN_POINT ( 'NONE',  ( -16.29999999999999005, -10.00000000000000711, -4.999999999999996447 ) ) ;
#1324 = DIRECTION ( 'NONE',  ( 0.7071067811865491270, 0.000000000000000000, 0.7071067811865459074 ) ) ;
#1325 = EDGE_CURVE ( 'NONE', #599, #392, #1345, .T. ) ;
#1326 = ORIENTED_EDGE ( 'NONE', *, *, #1685, .T. ) ;
#1327 = VERTEX_POINT ( 'NONE', #1368 ) ;
#1328 = ORIENTED_EDGE ( 'NONE', *, *, #983, .F. ) ;
#1329 = EDGE_CURVE ( 'NONE', #2382, #2349, #1006, .T. ) ;
#1330 = CARTESIAN_POINT ( 'NONE',  ( -9.899494936611681339, -9.899494936611649365, 2.000000000000000000 ) ) ;
#1331 = ORIENTED_EDGE ( 'NONE', *, *, #687, .F. ) ;
#1332 = CYLINDRICAL_SURFACE ( 'NONE', #589, 1.599999999999997202 ) ;
#1333 = CARTESIAN_POINT ( 'NONE',  ( 13.74772708486750972, -5.999999999999995559, -9.499999999999992895 ) ) ;
#1334 = ORIENTED_EDGE ( 'NONE', *, *, #1947, .T. ) ;
#1335 = FACE_OUTER_BOUND ( 'NONE', #1510, .T. ) ;
#1336 = PLANE ( 'NONE',  #1632 ) ;
#1337 = DIRECTION ( 'NONE',  ( 0.000000000000000000, 0.000000000000000000, 1.000000000000000000 ) ) ;
#1338 = ORIENTED_EDGE ( 'NONE', *, *, #1075, .T. ) ;
#1339 = ORIENTED_EDGE ( 'NONE', *, *, #2014, .F. ) ;
#1340 = CARTESIAN_POINT ( 'NONE',  ( -10.14004279747716630, -0.1410233967334268146, -9.641023396733421791 ) ) ;
#1341 = ORIENTED_EDGE ( 'NONE', *, *, #882, .T. ) ;
#1342 = DIRECTION ( 'NONE',  ( 1.000000000000000000, 0.000000000000000000, 0.000000000000000000 ) ) ;
#1343 = CARTESIAN_POINT ( 'NONE',  ( -11.19949493661168205, -9.899494936611649365, 2.499999999999992006 ) ) ;
#1344 = EDGE_CURVE ( 'NONE', #2349, #1583, #1155, .T. ) ;
#1345 = LINE ( 'NONE', #2408, #816 ) ;
#1346 = VECTOR ( 'NONE', #314, 1000.000000000000000 ) ;
#1347 = AXIS2_PLACEMENT_3D ( 'NONE', #2427, #2250, #1237 ) ;
#1348 = CARTESIAN_POINT ( 'NONE',  ( 14.08076118445747760, 1.776452871731013597E-14, 4.080761184457493584 ) ) ;
#1349 = CARTESIAN_POINT ( 'NONE',  ( -13.69999999999993001, -54.00000000000002842, 5.000000000000003553 ) ) ;
#1350 = PLANE ( 'NONE',  #1803 ) ;
#1351 = DIRECTION ( 'NONE',  ( -0.7071067811865568986, 8.659560562355048722E-17, 0.7071067811865382469 ) ) ;
#1352 = CARTESIAN_POINT ( 'NONE',  ( 15.00000000000006750, -53.99999999999998579, 3.161522368914967185 ) ) ;
#1353 =( GEOMETRIC_REPRESENTATION_CONTEXT ( 3 ) GLOBAL_UNCERTAINTY_ASSIGNED_CONTEXT ( ( #965 ) ) GLOBAL_UNIT_ASSIGNED_CONTEXT ( ( #100, #487, #1308 ) ) REPRESENTATION_CONTEXT ( 'NONE', 'WORKASPACE' ) );
#1354 = DIRECTION ( 'NONE',  ( 0.000000000000000000, 0.000000000000000000, 1.000000000000000000 ) ) ;
#1355 = CARTESIAN_POINT ( 'NONE',  ( -18.99999999999999645, -6.000000000000001776, 10.00000000000000000 ) ) ;
#1356 = ORIENTED_EDGE ( 'NONE', *, *, #338, .F. ) ;
#1357 = ORIENTED_EDGE ( 'NONE', *, *, #672, .F. ) ;
#1358 = DIRECTION ( 'NONE',  ( 2.785370546590544388E-16, -0.7071067811865522357, -0.7071067811865429098 ) ) ;
#1359 = ORIENTED_EDGE ( 'NONE', *, *, #1845, .F. ) ;
#1360 = VECTOR ( 'NONE', #1580, 1000.000000000000000 ) ;
#1361 = EDGE_CURVE ( 'NONE', #1900, #620, #880, .T. ) ;
#1362 = ORIENTED_EDGE ( 'NONE', *, *, #1533, .T. ) ;
#1363 = LINE ( 'NONE', #549, #2537 ) ;
#1364 = CYLINDRICAL_SURFACE ( 'NONE', #907, 1.299999999999999156 ) ;
#1365 = ORIENTED_EDGE ( 'NONE', *, *, #2021, .F. ) ;
#1366 = VECTOR ( 'NONE', #230, 1000.000000000000000 ) ;
#1367 = CARTESIAN_POINT ( 'NONE',  ( 6.999999999999950262, -25.00000000000000000, 5.000000000000000000 ) ) ;
#1368 = CARTESIAN_POINT ( 'NONE',  ( -16.30000000000000071, -2.056435829703419603E-14, 5.000000000000003553 ) ) ;
#1369 = ORIENTED_EDGE ( 'NONE', *, *, #1568, .F. ) ;
#1370 = CARTESIAN_POINT ( 'NONE',  ( 10.00000000000000178, 0.000000000000000000, -9.499999999999996447 ) ) ;
#1371 = DIRECTION ( 'NONE',  ( -4.198789025648066801E-16, 1.000000000000000000, -0.000000000000000000 ) ) ;
#1372 = VERTEX_POINT ( 'NONE', #2577 ) ;
#1373 = ORIENTED_EDGE ( 'NONE', *, *, #475, .T. ) ;
#1374 = CARTESIAN_POINT ( 'NONE',  ( -11.19949493661168205, -9.899494936611649365, 9.499999999999985789 ) ) ;
#1375 = CIRCLE ( 'NONE', #151, 14.49999999999997868 ) ;
#1376 = CARTESIAN_POINT ( 'NONE',  ( -13.69999999999981100, -6.108191221630580259, -4.999999999999555023 ) ) ;
#1377 = DIRECTION ( 'NONE',  ( 1.000000000000000000, 0.000000000000000000, 0.000000000000000000 ) ) ;
#1378 = EDGE_CURVE ( 'NONE', #1403, #2, #533, .T. ) ;
#1379 = LINE ( 'NONE', #2538, #2307 ) ;
#1380 = PLANE ( 'NONE',  #2171 ) ;
#1381 = LINE ( 'NONE', #813, #1994 ) ;
#1382 = EDGE_CURVE ( 'NONE', #2042, #2061, #2177, .T. ) ;
#1383 = CARTESIAN_POINT ( 'NONE',  ( -6.999999999999986677, -23.86862915010152619, 3.868629150101529746 ) ) ;
#1384 = CARTESIAN_POINT ( 'NONE',  ( 11.19949493661168205, -9.899494936611649365, 2.499999999999992006 ) ) ;
#1385 = DIRECTION ( 'NONE',  ( 0.000000000000000000, -1.000000000000000000, 0.000000000000000000 ) ) ;
#1386 = AXIS2_PLACEMENT_3D ( 'NONE', #1100, #1539, #127 ) ;
#1387 = ORIENTED_EDGE ( 'NONE', *, *, #1463, .T. ) ;
#1388 = ORIENTED_EDGE ( 'NONE', *, *, #1106, .F. ) ;
#1389 = CARTESIAN_POINT ( 'NONE',  ( 16.30000000000006821, -53.99999999999998579, 5.000000000000000000 ) ) ;
#1390 = VERTEX_POINT ( 'NONE', #1602 ) ;
#1391 = ORIENTED_EDGE ( 'NONE', *, *, #614, .F. ) ;
#1392 = DIRECTION ( 'NONE',  ( -0.7071067811865500152, -0.000000000000000000, -0.7071067811865451302 ) ) ;
#1393 = ORIENTED_EDGE ( 'NONE', *, *, #672, .T. ) ;
#1394 = LINE ( 'NONE', #2138, #1937 ) ;
#1395 = EDGE_CURVE ( 'NONE', #2, #2074, #1888, .T. ) ;
#1396 = DIRECTION ( 'NONE',  ( -1.000000000000000000, -1.261617073437680020E-15, 0.000000000000000000 ) ) ;
#1397 = CARTESIAN_POINT ( 'NONE',  ( -10.48808848170151720, 0.000000000000000000, 10.00000000000000000 ) ) ;
#1398 = ADVANCED_FACE ( 'NONE', ( #1289, #221 ), #401, .F. ) ;
#1399 = AXIS2_PLACEMENT_3D ( 'NONE', #1068, #1882, #695 ) ;
#1400 = ORIENTED_EDGE ( 'NONE', *, *, #1280, .T. ) ;
#1401 = ORIENTED_EDGE ( 'NONE', *, *, #2439, .T. ) ;
#1402 = DIRECTION ( 'NONE',  ( 1.000000000000000000, 0.000000000000000000, 0.000000000000000000 ) ) ;
#1403 = VERTEX_POINT ( 'NONE', #1827 ) ;
#1404 = DIRECTION ( 'NONE',  ( -0.000000000000000000, 0.000000000000000000, -1.000000000000000000 ) ) ;
#1405 = AXIS2_PLACEMENT_3D ( 'NONE', #1320, #1894, #2313 ) ;
#1406 = CARTESIAN_POINT ( 'NONE',  ( 9.899494936611681339, -9.899494936611649365, 9.499999999999985789 ) ) ;
#1407 = EDGE_LOOP ( 'NONE', ( #2103, #2030 ) ) ;
#1408 = DIRECTION ( 'NONE',  ( 0.000000000000000000, 0.000000000000000000, 1.000000000000000000 ) ) ;
#1409 = DIRECTION ( 'NONE',  ( -0.000000000000000000, -0.000000000000000000, -1.000000000000000000 ) ) ;
#1410 = AXIS2_PLACEMENT_3D ( 'NONE', #1203, #1014, #1404 ) ;
#1411 = VECTOR ( 'NONE', #1816, 1000.000000000000114 ) ;
#1412 = CARTESIAN_POINT ( 'NONE',  ( -14.08076118445741010, -54.00000000000002842, 4.080761184457497137 ) ) ;
#1413 = LINE ( 'NONE', #272, #2556 ) ;
#1414 = CARTESIAN_POINT ( 'NONE',  ( 14.82974498543663167, -5.999999999999989342, -2.008314213468972653 ) ) ;
#1415 = CARTESIAN_POINT ( 'NONE',  ( -15.00000000000000000, -1.892425610156521076E-14, 3.161522368914970293 ) ) ;
#1416 = VECTOR ( 'NONE', #1763, 1000.000000000000000 ) ;
#1417 = CARTESIAN_POINT ( 'NONE',  ( 16.30000000000000071, 2.056435829703419603E-14, 5.000000000000000000 ) ) ;
#1418 = EDGE_CURVE ( 'NONE', #2156, #620, #1669, .T. ) ;
#1419 = B_SPLINE_CURVE_WITH_KNOTS ( 'NONE', 3,
 ( #1978, #364, #1966, #1988 ),
 .UNSPECIFIED., .F., .F.,
 ( 4, 4 ),
 ( 0.0003736505989818335359, 0.0007457306748666843498 ),
 .UNSPECIFIED. ) ;
#1420 = DIRECTION ( 'NONE',  ( -0.000000000000000000, -0.000000000000000000, 1.000000000000000000 ) ) ;
#1421 = DIRECTION ( 'NONE',  ( -0.000000000000000000, -0.000000000000000000, -1.000000000000000000 ) ) ;
#1422 = CLOSED_SHELL ( 'NONE', ( #49, #1219, #2067, #2056, #1045, #459, #1473, #1791, #2438, #1268, #297, #1439, #1285, #846, #1866, #1630, #877, #2106, #1890, #2468, #2479, #1486, #1670, #1398, #899, #1462, #834, #821, #663, #232, #1424, #1881, #1678, #2513, #90, #2430, #1256, #1071, #432, #1193, #472, #2414, #1293, #2282, #2597, #2492, #631, #1082, #482, #1021, #1058, #289, #262, #1693, #219, #2498, #249, #275, #793, #2296, #615, #445, #1654, #2089, #675, #1233, #1836, #781, #859, #2256, #2248, #810, #885, #194, #688, #77, #390, #1643, #66, #2003, #2306, #2080 ) ) ;
#1423 = ORIENTED_EDGE ( 'NONE', *, *, #32, .T. ) ;
#1424 = ADVANCED_FACE ( 'NONE', ( #1316 ), #1799, .F. ) ;
#1425 = ORIENTED_EDGE ( 'NONE', *, *, #285, .T. ) ;
#1426 = VECTOR ( 'NONE', #2341, 1000.000000000000000 ) ;
#1427 = CARTESIAN_POINT ( 'NONE',  ( -25.41923881554248510, -6.000000000000001776, 3.580761184457610824 ) ) ;
#1428 = ORIENTED_EDGE ( 'NONE', *, *, #1247, .F. ) ;
#1429 = LINE ( 'NONE', #2550, #366 ) ;
#1430 = LINE ( 'NONE', #2187, #1624 ) ;
#1431 = EDGE_CURVE ( 'NONE', #682, #925, #474, .T. ) ;
#1432 = EDGE_LOOP ( 'NONE', ( #2504, #1951, #1307, #2207, #2474 ) ) ;
#1433 = VECTOR ( 'NONE', #2593, 1000.000000000000000 ) ;
#1434 = DIRECTION ( 'NONE',  ( 0.000000000000000000, 0.000000000000000000, 1.000000000000000000 ) ) ;
#1435 = ORIENTED_EDGE ( 'NONE', *, *, #775, .T. ) ;
#1436 = DIRECTION ( 'NONE',  ( -1.110969829862481247E-15, 0.7071067811865493491, -0.7071067811865456854 ) ) ;
#1437 = ORIENTED_EDGE ( 'NONE', *, *, #158, .T. ) ;
#1438 = CARTESIAN_POINT ( 'NONE',  ( 15.00000000000000711, -5.999999999999991118, 5.000000000000000000 ) ) ;
#1439 = ADVANCED_FACE ( 'NONE', ( #634 ), #937, .F. ) ;
#1440 = DIRECTION ( 'NONE',  ( -1.000000000000000000, -1.571148600778846865E-15, 0.000000000000000000 ) ) ;
#1441 = ORIENTED_EDGE ( 'NONE', *, *, #2111, .T. ) ;
#1442 = VECTOR ( 'NONE', #1452, 1000.000000000000000 ) ;
#1443 = VECTOR ( 'NONE', #2528, 1000.000000000000000 ) ;
#1444 = AXIS2_PLACEMENT_3D ( 'NONE', #2211, #389, #1402 ) ;
#1445 = CARTESIAN_POINT ( 'NONE',  ( -10.48808848170151720, 0.000000000000000000, -9.499999999999996447 ) ) ;
#1446 = DIRECTION ( 'NONE',  ( -0.000000000000000000, -0.000000000000000000, -1.000000000000000000 ) ) ;
#1447 = EDGE_CURVE ( 'NONE', #2070, #1626, #1226, .T. ) ;
#1448 = B_SPLINE_CURVE_WITH_KNOTS ( 'NONE', 3,
 ( #296, #1692, #2320, #290, #1087, #1093, #508, #1499, #1502, #310 ),
 .UNSPECIFIED., .F., .F.,
 ( 4, 2, 2, 2, 4 ),
 ( 0.000000000000000000, 0.0002297516795755791491, 0.0004595033591511582982, 0.0006892550387267374744, 0.0009190067183023165965 ),
 .UNSPECIFIED. ) ;
#1449 = DIRECTION ( 'NONE',  ( 1.000000000000000000, 0.000000000000000000, -0.000000000000000000 ) ) ;
#1450 = EDGE_LOOP ( 'NONE', ( #1048, #2549, #871, #1706 ) ) ;
#1451 = VERTEX_POINT ( 'NONE', #1022 ) ;
#1452 = DIRECTION ( 'NONE',  ( 1.000000000000000000, 3.939108803222883483E-16, -0.000000000000000000 ) ) ;
#1453 = ORIENTED_EDGE ( 'NONE', *, *, #1830, .T. ) ;
#1454 = ORIENTED_EDGE ( 'NONE', *, *, #1418, .T. ) ;
#1455 = DIRECTION ( 'NONE',  ( -0.7071067811865453523, 0.000000000000000000, -0.7071067811865496822 ) ) ;
#1456 = CARTESIAN_POINT ( 'NONE',  ( 9.899494936611681339, -9.899494936611649365, 2.000000000000000000 ) ) ;
#1457 = EDGE_LOOP ( 'NONE', ( #749, #171, #187, #683 ) ) ;
#1458 = EDGE_CURVE ( 'NONE', #741, #2344, #434, .T. ) ;
#1459 = CARTESIAN_POINT ( 'NONE',  ( 9.899494936611681339, -9.899494936611649365, 2.000000000000000000 ) ) ;
#1460 = VECTOR ( 'NONE', #2308, 1000.000000000000000 ) ;
#1461 = VERTEX_POINT ( 'NONE', #818 ) ;
#1462 = ADVANCED_FACE ( 'NONE', ( #2213, #1956 ), #2443, .F. ) ;
#1463 = EDGE_CURVE ( 'NONE', #1549, #1694, #2245, .T. ) ;
#1464 = CARTESIAN_POINT ( 'NONE',  ( -13.71919496481992518, -6.065375299927799446, -5.246643166494914468 ) ) ;
#1465 = ORIENTED_EDGE ( 'NONE', *, *, #1947, .F. ) ;
#1466 = ORIENTED_EDGE ( 'NONE', *, *, #2111, .F. ) ;
#1467 = CARTESIAN_POINT ( 'NONE',  ( 0.000000000000000000, 0.000000000000000000, 0.000000000000000000 ) ) ;
#1468 = VECTOR ( 'NONE', #1224, 1000.000000000000114 ) ;
#1469 = DIRECTION ( 'NONE',  ( -0.000000000000000000, -0.000000000000000000, -1.000000000000000000 ) ) ;
#1470 = AXIS2_PLACEMENT_3D ( 'NONE', #284, #1681, #2075 ) ;
#1471 = LINE ( 'NONE', #838, #941 ) ;
#1472 = DIRECTION ( 'NONE',  ( 0.000000000000000000, 0.000000000000000000, 1.000000000000000000 ) ) ;
#1473 = ADVANCED_FACE ( 'NONE', ( #288 ), #2022, .F. ) ;
#1474 = VECTOR ( 'NONE', #998, 1000.000000000000000 ) ;
#1475 = CARTESIAN_POINT ( 'NONE',  ( 15.00000000000006750, -53.99999999999998579, 3.161522368914967185 ) ) ;
#1476 = EDGE_CURVE ( 'NONE', #2312, #2565, #344, .T. ) ;
#1477 = DIRECTION ( 'NONE',  ( 1.000000000000000000, 0.000000000000000000, 0.000000000000000000 ) ) ;
#1478 = CARTESIAN_POINT ( 'NONE',  ( 15.00000000000000000, 1.892425610156521076E-14, 3.161522368914967185 ) ) ;
#1479 = VERTEX_POINT ( 'NONE', #1631 ) ;
#1480 = VERTEX_POINT ( 'NONE', #1645 ) ;
#1481 = ORIENTED_EDGE ( 'NONE', *, *, #380, .F. ) ;
#1482 = VERTEX_POINT ( 'NONE', #1833 ) ;
#1483 = AXIS2_PLACEMENT_3D ( 'NONE', #926, #1515, #1506 ) ;
#1484 = FACE_OUTER_BOUND ( 'NONE', #1150, .T. ) ;
#1485 = CARTESIAN_POINT ( 'NONE',  ( 9.991934222032373469, -0.4074195519661545362, -9.500000000000000000 ) ) ;
#1486 = ADVANCED_FACE ( 'NONE', ( #259 ), #2025, .F. ) ;
#1487 = VERTEX_POINT ( 'NONE', #824 ) ;
#1488 = LINE ( 'NONE', #1931, #490 ) ;
#1489 = VECTOR ( 'NONE', #535, 1000.000000000000000 ) ;
#1490 = DIRECTION ( 'NONE',  ( -0.000000000000000000, -0.000000000000000000, -1.000000000000000000 ) ) ;
#1491 = AXIS2_PLACEMENT_3D ( 'NONE', #1096, #1950, #516 ) ;
#1492 = ORIENTED_EDGE ( 'NONE', *, *, #1963, .T. ) ;
#1493 = VECTOR ( 'NONE', #2179, 1000.000000000000000 ) ;
#1494 = CARTESIAN_POINT ( 'NONE',  ( -10.50000000000000888, 0.000000000000000000, 10.00000000000000000 ) ) ;
#1495 = EDGE_LOOP ( 'NONE', ( #924, #1441, #761, #36 ) ) ;
#1496 = CARTESIAN_POINT ( 'NONE',  ( -13.63838211668088007, -5.832972802140743873, -9.667027197859248133 ) ) ;
#1497 = VERTEX_POINT ( 'NONE', #224 ) ;
#1498 = EDGE_CURVE ( 'NONE', #2074, #324, #753, .T. ) ;
#1499 = CARTESIAN_POINT ( 'NONE',  ( 10.01514003295097943, -0.3230130002441933268, 9.520149699486820438 ) ) ;
#1500 = VECTOR ( 'NONE', #1891, 1000.000000000000000 ) ;
#1501 = CARTESIAN_POINT ( 'NONE',  ( 10.14004279747716808, -0.1410233967334272587, -9.641023396733423567 ) ) ;
#1502 = CARTESIAN_POINT ( 'NONE',  ( 9.992388451668201554, -0.3978915507430332843, 9.499999999999992895 ) ) ;
#1503 = LINE ( 'NONE', #626, #2405 ) ;
#1504 = CARTESIAN_POINT ( 'NONE',  ( 19.00000000000000355, 4.653658569219229881E-15, -8.999999999999992895 ) ) ;
#1505 = DIRECTION ( 'NONE',  ( -0.7071067811865529018, -2.968992192807427527E-16, -0.7071067811865422437 ) ) ;
#1506 = DIRECTION ( 'NONE',  ( 1.000000000000000000, 0.000000000000000000, 0.000000000000000000 ) ) ;
#1507 = CARTESIAN_POINT ( 'NONE',  ( 9.988655696858588229, -0.4761904761904760530, 10.00000000000000000 ) ) ;
#1508 = EDGE_CURVE ( 'NONE', #2397, #1144, #721, .T. ) ;
#1509 = CARTESIAN_POINT ( 'NONE',  ( -13.41640786499871751, -5.499999999999994671, -10.00000000000000000 ) ) ;
#1510 = EDGE_LOOP ( 'NONE', ( #1719, #1781, #2125, #841 ) ) ;
#1511 = EDGE_CURVE ( 'NONE', #1660, #2061, #2276, .T. ) ;
#1512 = DIRECTION ( 'NONE',  ( -1.000000000000000000, -5.170730929733268713E-16, -0.000000000000000000 ) ) ;
#1513 = EDGE_LOOP ( 'NONE', ( #1122, #493, #1077, #921 ) ) ;
#1514 = ORIENTED_EDGE ( 'NONE', *, *, #775, .F. ) ;
#1515 = DIRECTION ( 'NONE',  ( 0.000000000000000000, 0.000000000000000000, 1.000000000000000000 ) ) ;
#1516 = DIRECTION ( 'NONE',  ( 0.000000000000000000, 1.000000000000000000, 0.000000000000000000 ) ) ;
#1517 = ORIENTED_EDGE ( 'NONE', *, *, #2355, .T. ) ;
#1518 = LINE ( 'NONE', #2542, #1242 ) ;
#1519 = PRESENTATION_STYLE_ASSIGNMENT (( #1018 ) ) ;
#1520 = AXIS2_PLACEMENT_3D ( 'NONE', #1133, #1926, #2333 ) ;
#1521 = CARTESIAN_POINT ( 'NONE',  ( -7.499999999999992895, -25.99999999999997868, 0.000000000000000000 ) ) ;
#1522 = CIRCLE ( 'NONE', #1130, 14.99999999999998579 ) ;
#1523 = CARTESIAN_POINT ( 'NONE',  ( 9.899494936611681339, -9.899494936611649365, 2.000000000000000000 ) ) ;
#1524 = ORIENTED_EDGE ( 'NONE', *, *, #2283, .F. ) ;
#1525 = DIRECTION ( 'NONE',  ( -1.149279134340486910E-16, 0.7071067811865426878, 0.7071067811865523467 ) ) ;
#1526 = CARTESIAN_POINT ( 'NONE',  ( -9.899494936611681339, -9.899494936611649365, 10.00000000000000000 ) ) ;
#1527 = PRODUCT_DEFINITION_FORMATION_WITH_SPECIFIED_SOURCE ( 'ÈÎºÎ', '', #1832, .NOT_KNOWN. ) ;
#1528 = EDGE_LOOP ( 'NONE', ( #2603, #436, #2359, #1648 ) ) ;
#1529 = EDGE_LOOP ( 'NONE', ( #772, #1774, #517, #2087 ) ) ;
#1530 = CARTESIAN_POINT ( 'NONE',  ( 13.70000000000012541, -9.999999999999992895, -5.000000000000000000 ) ) ;
#1531 = ORIENTED_EDGE ( 'NONE', *, *, #1625, .F. ) ;
#1532 = DIRECTION ( 'NONE',  ( 0.000000000000000000, 0.000000000000000000, 1.000000000000000000 ) ) ;
#1533 = EDGE_CURVE ( 'NONE', #1900, #186, #191, .T. ) ;
#1534 = VECTOR ( 'NONE', #1792, 1000.000000000000000 ) ;
#1535 = CARTESIAN_POINT ( 'NONE',  ( -14.99999999999993250, -54.00000000000002842, 3.161522368914970293 ) ) ;
#1536 = CARTESIAN_POINT ( 'NONE',  ( -10.06413563309794945, -0.2275355701188358781, -9.566542540723688148 ) ) ;
#1537 = CARTESIAN_POINT ( 'NONE',  ( -46.50000000000003553, -25.00000000000002132, 2.737258300203035066 ) ) ;
#1538 = LINE ( 'NONE', #1727, #1228 ) ;
#1539 = DIRECTION ( 'NONE',  ( -1.000000000000000000, -0.000000000000000000, -0.000000000000000000 ) ) ;
#1540 = AXIS2_PLACEMENT_3D ( 'NONE', #1548, #733, #349 ) ;
#1541 = VECTOR ( 'NONE', #612, 1000.000000000000114 ) ;
#1542 = AXIS2_PLACEMENT_3D ( 'NONE', #2107, #1291, #484 ) ;
#1543 = CARTESIAN_POINT ( 'NONE',  ( -7.499999999999994671, -15.01026628789160711, 12.01988523112499863 ) ) ;
#1544 = CARTESIAN_POINT ( 'NONE',  ( 15.00000000000000000, 1.892425610156521076E-14, 5.000000000000000000 ) ) ;
#1545 = EDGE_CURVE ( 'NONE', #1949, #2070, #1828, .T. ) ;
#1546 = CARTESIAN_POINT ( 'NONE',  ( 15.00000000000011724, 6.298183538472149455E-15, -5.000000000000000000 ) ) ;
#1547 = VERTEX_POINT ( 'NONE', #2471 ) ;
#1548 = CARTESIAN_POINT ( 'NONE',  ( 0.000000000000000000, -0.5000000000000038858, -10.00000000000000000 ) ) ;
#1549 = VERTEX_POINT ( 'NONE', #1264 ) ;
#1550 = EDGE_LOOP ( 'NONE', ( #328, #546, #2516, #809, #1090, #2241 ) ) ;
#1551 = EDGE_CURVE ( 'NONE', #2397, #1618, #502, .T. ) ;
#1552 = FACE_OUTER_BOUND ( 'NONE', #1564, .T. ) ;
#1553 = DIRECTION ( 'NONE',  ( 0.000000000000000000, 0.000000000000000000, 1.000000000000000000 ) ) ;
#1554 = DIRECTION ( 'NONE',  ( 5.170730929733268713E-16, -1.000000000000000000, 0.000000000000000000 ) ) ;
#1555 = VECTOR ( 'NONE', #1912, 1000.000000000000114 ) ;
#1556 = VECTOR ( 'NONE', #1848, 1000.000000000000000 ) ;
#1557 = DIRECTION ( 'NONE',  ( -1.000000000000000000, 0.000000000000000000, 0.000000000000000000 ) ) ;
#1558 = DIRECTION ( 'NONE',  ( 1.000000000000000000, 0.000000000000000000, 0.000000000000000000 ) ) ;
#1559 = CARTESIAN_POINT ( 'NONE',  ( -9.992387393892027347, -0.3979137388432068545, 9.499999999999992895 ) ) ;
#1560 = EDGE_LOOP ( 'NONE', ( #1724, #1679, #2091, #1020, #861 ) ) ;
#1561 = ORIENTED_EDGE ( 'NONE', *, *, #792, .T. ) ;
#1562 = VERTEX_POINT ( 'NONE', #2057 ) ;
#1563 = PLANE ( 'NONE',  #555 ) ;
#1564 = EDGE_LOOP ( 'NONE', ( #1313, #1633, #1691, #1428, #1423, #1306, #1387 ) ) ;
#1565 = CARTESIAN_POINT ( 'NONE',  ( 13.71895673753049572, -6.065921147221003729, 4.754211594088032733 ) ) ;
#1566 = CARTESIAN_POINT ( 'NONE',  ( -7.499999999999992006, -29.00000000000000000, 6.999999999999976907 ) ) ;
#1567 = DIRECTION ( 'NONE',  ( -1.000000000000000000, 0.000000000000000000, 0.000000000000000000 ) ) ;
#1568 = EDGE_CURVE ( 'NONE', #1775, #2136, #648, .T. ) ;
#1569 = CARTESIAN_POINT ( 'NONE',  ( 15.00000000000011546, 6.298183538472148667E-15, -6.838477631085036812 ) ) ;
#1570 = EDGE_CURVE ( 'NONE', #1761, #856, #2587, .T. ) ;
#1571 = CONICAL_SURFACE ( 'NONE', #1230, 10.50000000000000888, 0.7853981633974482790 ) ;
#1572 = CARTESIAN_POINT ( 'NONE',  ( 15.91923881554252773, -5.999999999999991118, 4.080761184457491808 ) ) ;
#1573 = DIRECTION ( 'NONE',  ( -1.000000000000000000, 2.001604010742473608E-15, 0.000000000000000000 ) ) ;
#1574 = FACE_OUTER_BOUND ( 'NONE', #2393, .T. ) ;
#1575 = CARTESIAN_POINT ( 'NONE',  ( -7.499999999999992895, -25.00000000000000711, 7.100000000000011191 ) ) ;
#1576 = AXIS2_PLACEMENT_3D ( 'NONE', #2596, #2166, #1584 ) ;
#1577 = DIRECTION ( 'NONE',  ( 0.7071067811865505703, 8.920979878885143983E-16, -0.7071067811865444641 ) ) ;
#1578 = AXIS2_PLACEMENT_3D ( 'NONE', #1958, #2548, #748 ) ;
#1579 = CARTESIAN_POINT ( 'NONE',  ( 13.70000000000012186, -6.108191221629871492, -5.000000000000000000 ) ) ;
#1580 = DIRECTION ( 'NONE',  ( 1.000000000000000000, 3.939108803222883483E-16, -0.000000000000000000 ) ) ;
#1581 = DIRECTION ( 'NONE',  ( -0.7071067811865491270, 8.659560562354953812E-17, 0.7071067811865459074 ) ) ;
#1582 = ORIENTED_EDGE ( 'NONE', *, *, #1508, .T. ) ;
#1583 = VERTEX_POINT ( 'NONE', #2464 ) ;
#1584 = DIRECTION ( 'NONE',  ( 0.000000000000000000, 0.000000000000000000, 1.000000000000000000 ) ) ;
#1585 = VERTEX_POINT ( 'NONE', #1655 ) ;
#1586 = EDGE_CURVE ( 'NONE', #2487, #1482, #1253, .T. ) ;
#1587 = EDGE_LOOP ( 'NONE', ( #842, #2578, #1635, #2476 ) ) ;
#1588 = LINE ( 'NONE', #513, #1555 ) ;
#1589 = CARTESIAN_POINT ( 'NONE',  ( -17.99999999999998934, -0.5000000000000038858, -10.00000000000000000 ) ) ;
#1590 = CIRCLE ( 'NONE', #2305, 1.300000000000002487 ) ;
#1591 = DIRECTION ( 'NONE',  ( 0.000000000000000000, 1.000000000000000000, 0.000000000000000000 ) ) ;
#1592 = ORIENTED_EDGE ( 'NONE', *, *, #2436, .F. ) ;
#1593 = EDGE_LOOP ( 'NONE', ( #1149, #2533, #2326, #1811 ) ) ;
#1594 = DIRECTION ( 'NONE',  ( 1.000000000000000000, 0.000000000000000000, 0.000000000000000000 ) ) ;
#1595 = DIRECTION ( 'NONE',  ( 0.000000000000000000, -0.000000000000000000, 1.000000000000000000 ) ) ;
#1596 = VERTEX_POINT ( 'NONE', #453 ) ;
#1597 = APPLICATION_CONTEXT ( 'automotive_design' ) ;
#1598 = DIRECTION ( 'NONE',  ( 0.000000000000000000, 1.000000000000000000, 0.000000000000000000 ) ) ;
#1599 = AXIS2_PLACEMENT_3D ( 'NONE', #782, #1591, #190 ) ;
#1600 = ORIENTED_EDGE ( 'NONE', *, *, #1263, .T. ) ;
#1601 = EDGE_CURVE ( 'NONE', #2062, #1487, #2048, .T. ) ;
#1602 = CARTESIAN_POINT ( 'NONE',  ( -8.099494936611662865, -9.899494936611649365, 10.00000000000000000 ) ) ;
#1603 = FACE_OUTER_BOUND ( 'NONE', #2422, .T. ) ;
#1604 = CARTESIAN_POINT ( 'NONE',  ( -10.00000000000000178, -0.5000000000000038858, -10.00000000000000000 ) ) ;
#1605 = CARTESIAN_POINT ( 'NONE',  ( -6.999999999999985789, -25.00000000000000711, 5.000000000000000000 ) ) ;
#1606 = EDGE_CURVE ( 'NONE', #155, #2269, #616, .T. ) ;
#1607 = LINE ( 'NONE', #1611, #223 ) ;
#1608 = CARTESIAN_POINT ( 'NONE',  ( -9.988655696858588229, -0.4761904761904762196, 10.00000000000000000 ) ) ;
#1609 = LINE ( 'NONE', #2290, #1802 ) ;
#1610 = DIRECTION ( 'NONE',  ( 1.571148600778846865E-15, -1.000000000000000000, 0.000000000000000000 ) ) ;
#1611 = CARTESIAN_POINT ( 'NONE',  ( 7.499999999999982236, -12.99038105676658361, 0.000000000000000000 ) ) ;
#1612 = AXIS2_PLACEMENT_3D ( 'NONE', #931, #337, #2564 ) ;
#1613 = VERTEX_POINT ( 'NONE', #62 ) ;
#1614 = DIRECTION ( 'NONE',  ( 1.000000000000000000, 0.000000000000000000, 0.000000000000000000 ) ) ;
#1615 = ORIENTED_EDGE ( 'NONE', *, *, #2406, .F. ) ;
#1616 = CARTESIAN_POINT ( 'NONE',  ( -11.19949493661168205, -9.899494936611649365, 9.499999999999985789 ) ) ;
#1617 = DIRECTION ( 'NONE',  ( 1.000000000000000000, 0.000000000000000000, 0.000000000000000000 ) ) ;
#1618 = VERTEX_POINT ( 'NONE', #650 ) ;
#1619 = LINE ( 'NONE', #950, #1024 ) ;
#1620 = EDGE_CURVE ( 'NONE', #2599, #2312, #255, .T. ) ;
#1621 = DIRECTION ( 'NONE',  ( -0.7071067811865443531, -8.920979878885080874E-16, 0.7071067811865506814 ) ) ;
#1622 = VERTEX_POINT ( 'NONE', #881 ) ;
#1623 = CIRCLE ( 'NONE', #1818, 1.299999999999999156 ) ;
#1624 = VECTOR ( 'NONE', #2178, 1000.000000000000114 ) ;
#1625 = EDGE_CURVE ( 'NONE', #2544, #526, #720, .T. ) ;
#1626 = VERTEX_POINT ( 'NONE', #269 ) ;
#1627 = ORIENTED_EDGE ( 'NONE', *, *, #1674, .F. ) ;
#1628 = CARTESIAN_POINT ( 'NONE',  ( 11.19949493661168205, -9.899494936611649365, 9.499999999999985789 ) ) ;
#1629 = VERTEX_POINT ( 'NONE', #2488 ) ;
#1630 = ADVANCED_FACE ( 'NONE', ( #2398 ), #2272, .F. ) ;
#1631 = CARTESIAN_POINT ( 'NONE',  ( 15.00000000000000000, 2.585365464866632878E-15, 3.161522368914966297 ) ) ;
#1632 = AXIS2_PLACEMENT_3D ( 'NONE', #134, #1962, #598 ) ;
#1633 = ORIENTED_EDGE ( 'NONE', *, *, #137, .T. ) ;
#1634 = DIRECTION ( 'NONE',  ( 1.652117596168348510E-15, -1.000000000000000000, 0.000000000000000000 ) ) ;
#1635 = ORIENTED_EDGE ( 'NONE', *, *, #195, .F. ) ;
#1636 = AXIS2_PLACEMENT_3D ( 'NONE', #2246, #622, #222 ) ;
#1637 = FACE_OUTER_BOUND ( 'NONE', #2063, .T. ) ;
#1638 = LINE ( 'NONE', #2122, #637 ) ;
#1639 = DIRECTION ( 'NONE',  ( -1.261617073437680612E-15, 1.000000000000000000, -0.000000000000000000 ) ) ;
#1640 = CIRCLE ( 'NONE', #1088, 1.300000000000002487 ) ;
#1641 = CARTESIAN_POINT ( 'NONE',  ( 7.500000000000001776, -25.00000000000000000, 5.000000000000000000 ) ) ;
#1642 = EDGE_CURVE ( 'NONE', #2131, #1872, #778, .T. ) ;
#1643 = ADVANCED_FACE ( 'NONE', ( #1987 ), #1163, .F. ) ;
#1644 = FACE_OUTER_BOUND ( 'NONE', #2457, .T. ) ;
#1645 = CARTESIAN_POINT ( 'NONE',  ( 15.00000000000011369, 2.585365464866692831E-15, -6.838477631085035924 ) ) ;
#1646 = CARTESIAN_POINT ( 'NONE',  ( -9.899494936611681339, -9.899494936611649365, 9.499999999999985789 ) ) ;
#1647 = ORIENTED_EDGE ( 'NONE', *, *, #65, .F. ) ;
#1648 = ORIENTED_EDGE ( 'NONE', *, *, #946, .F. ) ;
#1649 = VERTEX_POINT ( 'NONE', #94 ) ;
#1650 = VECTOR ( 'NONE', #1621, 1000.000000000000000 ) ;
#1651 = CARTESIAN_POINT ( 'NONE',  ( -18.99999999999999645, -6.000000000000001776, -8.999999999999985789 ) ) ;
#1652 = ORIENTED_EDGE ( 'NONE', *, *, #447, .T. ) ;
#1653 = LINE ( 'NONE', #1152, #866 ) ;
#1654 = ADVANCED_FACE ( 'NONE', ( #2335 ), #697, .T. ) ;
#1655 = CARTESIAN_POINT ( 'NONE',  ( 7.500000000000001776, -24.99999999999999645, 2.030151519016396566 ) ) ;
#1656 = VECTOR ( 'NONE', #669, 1000.000000000000114 ) ;
#1657 = EDGE_CURVE ( 'NONE', #1618, #1900, #2518, .T. ) ;
#1658 = ORIENTED_EDGE ( 'NONE', *, *, #452, .F. ) ;
#1659 = VECTOR ( 'NONE', #2236, 1000.000000000000000 ) ;
#1660 = VERTEX_POINT ( 'NONE', #886 ) ;
#1661 = VERTEX_POINT ( 'NONE', #1575 ) ;
#1662 = ORIENTED_EDGE ( 'NONE', *, *, #65, .T. ) ;
#1663 = CARTESIAN_POINT ( 'NONE',  ( -17.99999999999998934, -6.000000000000001776, 10.00000000000000000 ) ) ;
#1664 = CARTESIAN_POINT ( 'NONE',  ( 9.899494936611681339, -9.899494936611649365, 10.00000000000000000 ) ) ;
#1665 = ORIENTED_EDGE ( 'NONE', *, *, #35, .F. ) ;
#1666 = AXIS2_PLACEMENT_3D ( 'NONE', #2249, #997, #2223 ) ;
#1667 = DIRECTION ( 'NONE',  ( -4.198789025648066801E-16, 1.000000000000000000, -0.000000000000000000 ) ) ;
#1668 = CARTESIAN_POINT ( 'NONE',  ( -7.499999999999992895, -25.99999999999998934, 10.00000000000000000 ) ) ;
#1669 = LINE ( 'NONE', #13, #1468 ) ;
#1670 = ADVANCED_FACE ( 'NONE', ( #668 ), #763, .F. ) ;
#1671 = VECTOR ( 'NONE', #124, 1000.000000000000000 ) ;
#1672 = CIRCLE ( 'NONE', #1684, 2.100000000000049827 ) ;
#1673 = CARTESIAN_POINT ( 'NONE',  ( -13.74772708486750972, -6.000000000000001776, -5.349016541191935481 ) ) ;
#1674 = EDGE_CURVE ( 'NONE', #186, #2397, #2557, .T. ) ;
#1675 = DIRECTION ( 'NONE',  ( -1.261617073437680612E-15, 1.000000000000000000, -0.000000000000000000 ) ) ;
#1676 = ORIENTED_EDGE ( 'NONE', *, *, #2391, .T. ) ;
#1677 = AXIS2_PLACEMENT_3D ( 'NONE', #1301, #2324, #489 ) ;
#1678 = ADVANCED_FACE ( 'NONE', ( #538 ), #2007, .F. ) ;
#1679 = ORIENTED_EDGE ( 'NONE', *, *, #1202, .T. ) ;
#1680 = ORIENTED_EDGE ( 'NONE', *, *, #35, .T. ) ;
#1681 = DIRECTION ( 'NONE',  ( 1.000000000000000000, 0.000000000000000000, 0.000000000000000000 ) ) ;
#1682 = ORIENTED_EDGE ( 'NONE', *, *, #285, .F. ) ;
#1683 = FACE_OUTER_BOUND ( 'NONE', #2325, .T. ) ;
#1684 = AXIS2_PLACEMENT_3D ( 'NONE', #1641, #2224, #1634 ) ;
#1685 = EDGE_CURVE ( 'NONE', #2514, #1775, #75, .T. ) ;
#1686 = PLANE ( 'NONE',  #902 ) ;
#1687 = ORIENTED_EDGE ( 'NONE', *, *, #879, .T. ) ;
#1688 = ORIENTED_EDGE ( 'NONE', *, *, #829, .F. ) ;
#1689 = DIRECTION ( 'NONE',  ( 0.7071067811865500152, 0.000000000000000000, 0.7071067811865451302 ) ) ;
#1690 = EDGE_CURVE ( 'NONE', #617, #1585, #1200, .T. ) ;
#1691 = ORIENTED_EDGE ( 'NONE', *, *, #606, .T. ) ;
#1692 = CARTESIAN_POINT ( 'NONE',  ( 10.43316372865644226, 2.487100491375438385E-16, 9.933163728656431601 ) ) ;
#1693 = ADVANCED_FACE ( 'NONE', ( #788 ), #1981, .F. ) ;
#1694 = VERTEX_POINT ( 'NONE', #570 ) ;
#1695 = CARTESIAN_POINT ( 'NONE',  ( 0.000000000000000000, 0.000000000000000000, 0.000000000000000000 ) ) ;
#1696 = CARTESIAN_POINT ( 'NONE',  ( 18.00000000000000355, 0.000000000000000000, 10.00000000000000000 ) ) ;
#1697 = LINE ( 'NONE', #2456, #2519 ) ;
#1698 = CARTESIAN_POINT ( 'NONE',  ( -17.99999999999998934, -6.000000000000001776, 10.00000000000000000 ) ) ;
#1699 = VECTOR ( 'NONE', #1743, 1000.000000000000000 ) ;
#1700 = CIRCLE ( 'NONE', #2329, 1.599999999999998535 ) ;
#1701 = EDGE_CURVE ( 'NONE', #83, #2514, #250, .T. ) ;
#1702 = CARTESIAN_POINT ( 'NONE',  ( -18.99999999999999645, 0.000000000000000000, 10.00000000000000000 ) ) ;
#1703 = DIRECTION ( 'NONE',  ( -1.000000000000000000, 0.000000000000000000, 0.000000000000000000 ) ) ;
#1704 = EDGE_CURVE ( 'NONE', #2389, #1562, #318, .T. ) ;
#1705 = ORIENTED_EDGE ( 'NONE', *, *, #1642, .F. ) ;
#1706 = ORIENTED_EDGE ( 'NONE', *, *, #1050, .F. ) ;
#1707 = DIRECTION ( 'NONE',  ( 1.110969829862471189E-15, -0.7071067811865429098, 0.7071067811865522357 ) ) ;
#1708 = AXIS2_PLACEMENT_3D ( 'NONE', #1746, #752, #2567 ) ;
#1709 = LINE ( 'NONE', #1530, #2096 ) ;
#1710 = LINE ( 'NONE', #1355, #656 ) ;
#1711 = VECTOR ( 'NONE', #2535, 1000.000000000000000 ) ;
#1712 = PLANE ( 'NONE',  #1168 ) ;
#1713 = CARTESIAN_POINT ( 'NONE',  ( 15.00000000000012079, -9.999999999999992895, -5.000000000000000000 ) ) ;
#1714 = AXIS2_PLACEMENT_3D ( 'NONE', #359, #2158, #1769 ) ;
#1715 = VECTOR ( 'NONE', #2336, 1000.000000000000000 ) ;
#1716 = CARTESIAN_POINT ( 'NONE',  ( 6.013708050052927053E-15, -25.99999999999997868, 0.000000000000000000 ) ) ;
#1717 = CARTESIAN_POINT ( 'NONE',  ( -7.499999999999992006, -29.00000000000000000, 3.000000000000009770 ) ) ;
#1718 = ORIENTED_EDGE ( 'NONE', *, *, #1722, .T. ) ;
#1719 = ORIENTED_EDGE ( 'NONE', *, *, #2491, .F. ) ;
#1720 = DIRECTION ( 'NONE',  ( -0.000000000000000000, -0.000000000000000000, -1.000000000000000000 ) ) ;
#1721 = VERTEX_POINT ( 'NONE', #387 ) ;
#1722 = EDGE_CURVE ( 'NONE', #392, #306, #2469, .T. ) ;
#1723 = CARTESIAN_POINT ( 'NONE',  ( 15.00000000000000711, -5.999999999999991118, 5.000000000000000000 ) ) ;
#1724 = ORIENTED_EDGE ( 'NONE', *, *, #1298, .F. ) ;
#1725 = EDGE_LOOP ( 'NONE', ( #3, #421, #486, #2460 ) ) ;
#1726 = DIRECTION ( 'NONE',  ( 0.000000000000000000, 0.000000000000000000, 1.000000000000000000 ) ) ;
#1727 = CARTESIAN_POINT ( 'NONE',  ( 14.08076118445754510, -53.99999999999998579, 4.080761184457493584 ) ) ;
#1728 = VECTOR ( 'NONE', #379, 1000.000000000000000 ) ;
#1729 = DIRECTION ( 'NONE',  ( -1.000000000000000000, -2.312964634635742957E-16, 0.000000000000000000 ) ) ;
#1730 = CARTESIAN_POINT ( 'NONE',  ( 15.00000000000000711, -5.999999999999991118, 3.161522368914967185 ) ) ;
#1731 = CARTESIAN_POINT ( 'NONE',  ( -15.91923881554244780, -54.00000000000002842, 4.080761184457496249 ) ) ;
#1732 = DIRECTION ( 'NONE',  ( -0.000000000000000000, -0.000000000000000000, 1.000000000000000000 ) ) ;
#1733 = LINE ( 'NONE', #528, #449 ) ;
#1734 = AXIS2_PLACEMENT_3D ( 'NONE', #980, #567, #973 ) ;
#1735 = CARTESIAN_POINT ( 'NONE',  ( -17.99999999999998934, 0.000000000000000000, -10.00000000000000000 ) ) ;
#1736 = VECTOR ( 'NONE', #1276, 999.9999999999998863 ) ;
#1737 = CARTESIAN_POINT ( 'NONE',  ( 13.41640786499872284, -5.499999999999978684, -10.00000000000000000 ) ) ;
#1738 = CARTESIAN_POINT ( 'NONE',  ( -8.599494936611680629, -9.899494936611649365, 9.499999999999985789 ) ) ;
#1739 = CARTESIAN_POINT ( 'NONE',  ( 6.466666666666593066, -25.00000000000000000, 3.491505533468729716 ) ) ;
#1740 = CARTESIAN_POINT ( 'NONE',  ( 10.14004279747716808, -0.1410233967334272587, -9.641023396733423567 ) ) ;
#1741 = EDGE_CURVE ( 'NONE', #547, #402, #1042, .T. ) ;
#1742 = ORIENTED_EDGE ( 'NONE', *, *, #1825, .T. ) ;
#1743 = DIRECTION ( 'NONE',  ( -0.000000000000000000, -0.000000000000000000, 1.000000000000000000 ) ) ;
#1744 = DIRECTION ( 'NONE',  ( 1.000000000000000000, 0.000000000000000000, 0.000000000000000000 ) ) ;
#1745 = ORIENTED_EDGE ( 'NONE', *, *, #1111, .T. ) ;
#1746 = CARTESIAN_POINT ( 'NONE',  ( -14.99999999999999289, -5.999999999999998224, 5.000000000000003553 ) ) ;
#1747 = ORIENTED_EDGE ( 'NONE', *, *, #2521, .T. ) ;
#1748 = LINE ( 'NONE', #1739, #800 ) ;
#1749 = AXIS2_PLACEMENT_3D ( 'NONE', #1954, #1765, #2134 ) ;
#1750 = DIRECTION ( 'NONE',  ( -1.261617073437680809E-15, 1.000000000000000000, 0.000000000000000000 ) ) ;
#1751 = ORIENTED_EDGE ( 'NONE', *, *, #1776, .T. ) ;
#1752 = LINE ( 'NONE', #1569, #332 ) ;
#1753 = FACE_OUTER_BOUND ( 'NONE', #1883, .T. ) ;
#1754 = ORIENTED_EDGE ( 'NONE', *, *, #2027, .F. ) ;
#1755 = DIRECTION ( 'NONE',  ( -0.7071067811865545671, -2.968992192807434429E-16, -0.7071067811865405783 ) ) ;
#1756 = ORIENTED_EDGE ( 'NONE', *, *, #1395, .F. ) ;
#1757 = ORIENTED_EDGE ( 'NONE', *, *, #1431, .T. ) ;
#1758 = DIRECTION ( 'NONE',  ( -1.000000000000000000, -4.198789025648060884E-16, 0.000000000000000000 ) ) ;
#1759 = CARTESIAN_POINT ( 'NONE',  ( 10.23452404373814240, -0.04941912586441405547, -9.549419125864407221 ) ) ;
#1760 = ORIENTED_EDGE ( 'NONE', *, *, #122, .F. ) ;
#1761 = VERTEX_POINT ( 'NONE', #394 ) ;
#1762 = EDGE_CURVE ( 'NONE', #741, #1622, #43, .T. ) ;
#1763 = DIRECTION ( 'NONE',  ( -0.000000000000000000, 1.000000000000000000, 0.000000000000000000 ) ) ;
#1764 = DIRECTION ( 'NONE',  ( -0.000000000000000000, 1.000000000000000000, 0.000000000000000000 ) ) ;
#1765 = DIRECTION ( 'NONE',  ( -4.198789025648066801E-16, 1.000000000000000000, -0.000000000000000000 ) ) ;
#1766 = DIRECTION ( 'NONE',  ( 1.000000000000000000, 0.000000000000000000, 0.000000000000000000 ) ) ;
#1767 = CARTESIAN_POINT ( 'NONE',  ( -16.29999999999999361, -6.844026111806345547E-15, -4.999999999999996447 ) ) ;
#1768 = CIRCLE ( 'NONE', #321, 1.300000000000000711 ) ;
#1769 = DIRECTION ( 'NONE',  ( 1.000000000000000000, 0.000000000000000000, 0.000000000000000000 ) ) ;
#1770 = AXIS2_PLACEMENT_3D ( 'NONE', #506, #919, #1314 ) ;
#1771 = DIRECTION ( 'NONE',  ( 0.7071067811865475727, 3.656258904105415931E-16, 0.7071067811865474617 ) ) ;
#1772 = DIRECTION ( 'NONE',  ( 1.000000000000000000, 0.000000000000000000, 0.000000000000000000 ) ) ;
#1773 = DIRECTION ( 'NONE',  ( -0.000000000000000000, -0.000000000000000000, -1.000000000000000000 ) ) ;
#1774 = ORIENTED_EDGE ( 'NONE', *, *, #1236, .T. ) ;
#1775 = VERTEX_POINT ( 'NONE', #173 ) ;
#1776 = EDGE_CURVE ( 'NONE', #2237, #2169, #419, .T. ) ;
#1777 = CARTESIAN_POINT ( 'NONE',  ( 18.00000000000000355, 4.136584743786614971E-15, 10.00000000000000000 ) ) ;
#1778 = EDGE_LOOP ( 'NONE', ( #625, #1102, #552, #2200, #1393, #2331, #1718, #1373 ) ) ;
#1779 = LINE ( 'NONE', #1415, #1650 ) ;
#1780 = PLANE ( 'NONE',  #2118 ) ;
#1781 = ORIENTED_EDGE ( 'NONE', *, *, #2289, .T. ) ;
#1782 = LINE ( 'NONE', #509, #431 ) ;
#1783 = LINE ( 'NONE', #2149, #1489 ) ;
#1784 = DIRECTION ( 'NONE',  ( -0.7071067811865453523, 0.000000000000000000, -0.7071067811865496822 ) ) ;
#1785 = FACE_OUTER_BOUND ( 'NONE', #1204, .T. ) ;
#1786 = VERTEX_POINT ( 'NONE', #2215 ) ;
#1787 = VERTEX_POINT ( 'NONE', #1767 ) ;
#1788 = DIRECTION ( 'NONE',  ( -1.000000000000000000, -0.000000000000000000, -0.000000000000000000 ) ) ;
#1789 = ORIENTED_EDGE ( 'NONE', *, *, #2439, .F. ) ;
#1790 = DIRECTION ( 'NONE',  ( 1.000000000000000000, 0.000000000000000000, 0.000000000000000000 ) ) ;
#1791 = ADVANCED_FACE ( 'NONE', ( #1574 ), #1959, .F. ) ;
#1792 = DIRECTION ( 'NONE',  ( 1.000000000000000000, 3.939108803222883483E-16, -0.000000000000000000 ) ) ;
#1793 = CARTESIAN_POINT ( 'NONE',  ( 13.69999999999994778, -6.108191221631016354, 5.124347757942493864 ) ) ;
#1794 = ORIENTED_EDGE ( 'NONE', *, *, #857, .T. ) ;
#1795 = EDGE_CURVE ( 'NONE', #1461, #1480, #1095, .T. ) ;
#1796 = VECTOR ( 'NONE', #1815, 1000.000000000000114 ) ;
#1797 = APPLICATION_CONTEXT ( 'automotive_design' ) ;
#1798 = DIRECTION ( 'NONE',  ( 0.5773502691896230665, 0.5773502691896272854, 0.5773502691896269523 ) ) ;
#1799 = CYLINDRICAL_SURFACE ( 'NONE', #1136, 1.599999999999997202 ) ;
#1800 = CARTESIAN_POINT ( 'NONE',  ( 13.74772708486781525, -5.999999999999599432, -5.349016541196018437 ) ) ;
#1801 = CARTESIAN_POINT ( 'NONE',  ( 8.599494936611680629, -9.899494936611649365, 9.499999999999985789 ) ) ;
#1802 = VECTOR ( 'NONE', #2299, 1000.000000000000000 ) ;
#1803 = AXIS2_PLACEMENT_3D ( 'NONE', #1007, #1025, #226 ) ;
#1804 = AXIS2_PLACEMENT_3D ( 'NONE', #2105, #894, #59 ) ;
#1805 = VERTEX_POINT ( 'NONE', #2050 ) ;
#1806 = ORIENTED_EDGE ( 'NONE', *, *, #228, .F. ) ;
#1807 = CARTESIAN_POINT ( 'NONE',  ( 9.899494936611681339, -9.899494936611649365, 9.499999999999985789 ) ) ;
#1808 = EDGE_LOOP ( 'NONE', ( #1979, #1169, #135, #1271 ) ) ;
#1809 = ORIENTED_EDGE ( 'NONE', *, *, #1741, .F. ) ;
#1810 = B_SPLINE_CURVE_WITH_KNOTS ( 'NONE', 3,
 ( #762, #182, #377, #1376 ),
 .UNSPECIFIED., .F., .F.,
 ( 4, 4 ),
 ( 0.006371961944780028288, 0.006738605585465991601 ),
 .UNSPECIFIED. ) ;
#1811 = ORIENTED_EDGE ( 'NONE', *, *, #1570, .T. ) ;
#1812 = CYLINDRICAL_SURFACE ( 'NONE', #1895, 1.300000000000002487 ) ;
#1813 = CARTESIAN_POINT ( 'NONE',  ( -7.499999999999992006, -26.48492424049177174, 3.515075759508251796 ) ) ;
#1814 = FACE_OUTER_BOUND ( 'NONE', #2031, .T. ) ;
#1815 = DIRECTION ( 'NONE',  ( -0.7071067811865405783, 1.284489808968082104E-15, 0.7071067811865545671 ) ) ;
#1816 = DIRECTION ( 'NONE',  ( -0.7071067811865451302, -3.656258904105403605E-16, -0.7071067811865500152 ) ) ;
#1817 = CYLINDRICAL_SURFACE ( 'NONE', #957, 18.00000000000000000 ) ;
#1818 = AXIS2_PLACEMENT_3D ( 'NONE', #1098, #1156, #759 ) ;
#1819 = ORIENTED_EDGE ( 'NONE', *, *, #1982, .T. ) ;
#1820 = DIRECTION ( 'NONE',  ( -1.571148600778846865E-15, 1.000000000000000000, -0.000000000000000000 ) ) ;
#1821 = ORIENTED_EDGE ( 'NONE', *, *, #2554, .T. ) ;
#1822 = DIRECTION ( 'NONE',  ( 0.000000000000000000, 0.000000000000000000, 1.000000000000000000 ) ) ;
#1823 = DIRECTION ( 'NONE',  ( -0.000000000000000000, -0.000000000000000000, -1.000000000000000000 ) ) ;
#1824 = AXIS2_PLACEMENT_3D ( 'NONE', #1969, #1371, #1567 ) ;
#1825 = EDGE_CURVE ( 'NONE', #1172, #2131, #1381, .T. ) ;
#1826 = DIRECTION ( 'NONE',  ( 1.816542908572705680E-15, 1.000000000000000000, -0.000000000000000000 ) ) ;
#1827 = CARTESIAN_POINT ( 'NONE',  ( -15.91923881554250642, -6.000000000000001776, -5.919238815542502863 ) ) ;
#1828 = LINE ( 'NONE', #1076, #1442 ) ;
#1829 = DIRECTION ( 'NONE',  ( 1.000000000000000000, 0.000000000000000000, 0.000000000000000000 ) ) ;
#1830 = EDGE_CURVE ( 'NONE', #270, #1761, #1261, .T. ) ;
#1831 = FACE_OUTER_BOUND ( 'NONE', #213, .T. ) ;
#1832 = PRODUCT ( '¹ìµÀ½ÂÁ´¶Ë', '¹ìµÀ½ÂÁ´¶Ë', '', ( #984 ) ) ;
#1833 = CARTESIAN_POINT ( 'NONE',  ( -7.499999999999992006, -29.00000000000000000, 3.000000000000009770 ) ) ;
#1834 = ORIENTED_EDGE ( 'NONE', *, *, #497, .T. ) ;
#1835 = ORIENTED_EDGE ( 'NONE', *, *, #360, .T. ) ;
#1836 = ADVANCED_FACE ( 'NONE', ( #2278 ), #2218, .F. ) ;
#1837 = CARTESIAN_POINT ( 'NONE',  ( 15.90264957659400302, -5.999999999999992006, -1.006838194075988957 ) ) ;
#1838 = EDGE_LOOP ( 'NONE', ( #515, #696, #777, #694 ) ) ;
#1839 = CIRCLE ( 'NONE', #1119, 1.299999999999995604 ) ;
#1840 = EDGE_CURVE ( 'NONE', #1900, #237, #1700, .T. ) ;
#1841 = CARTESIAN_POINT ( 'NONE',  ( -46.50000000000003553, -23.86862915010154040, 3.868629150101531078 ) ) ;
#1842 = ORIENTED_EDGE ( 'NONE', *, *, #943, .F. ) ;
#1843 = CIRCLE ( 'NONE', #2445, 1.800000000000016920 ) ;
#1844 = CYLINDRICAL_SURFACE ( 'NONE', #1770, 18.00000000000000000 ) ;
#1845 = EDGE_CURVE ( 'NONE', #341, #1786, #1503, .T. ) ;
#1846 = ORIENTED_EDGE ( 'NONE', *, *, #2569, .T. ) ;
#1847 = LINE ( 'NONE', #1103, #837 ) ;
#1848 = DIRECTION ( 'NONE',  ( -1.261617073437680612E-15, 1.000000000000000000, -0.000000000000000000 ) ) ;
#1849 = ORIENTED_EDGE ( 'NONE', *, *, #1498, .F. ) ;
#1850 = ORIENTED_EDGE ( 'NONE', *, *, #893, .F. ) ;
#1851 = CARTESIAN_POINT ( 'NONE',  ( -10.35649042572624623, 1.245363310509635090E-16, -9.499999999999991118 ) ) ;
#1852 = ORIENTED_EDGE ( 'NONE', *, *, #1079, .F. ) ;
#1853 = VERTEX_POINT ( 'NONE', #218 ) ;
#1854 = VERTEX_POINT ( 'NONE', #2041 ) ;
#1855 = DIRECTION ( 'NONE',  ( 1.000000000000000000, 3.939108803222883483E-16, -0.000000000000000000 ) ) ;
#1856 = MECHANICAL_DESIGN_GEOMETRIC_PRESENTATION_REPRESENTATION (  '', ( #1310 ), #1902 ) ;
#1857 = FACE_OUTER_BOUND ( 'NONE', #1450, .T. ) ;
#1858 = PLANE ( 'NONE',  #665 ) ;
#1859 = LINE ( 'NONE', #958, #1198 ) ;
#1860 = DIRECTION ( 'NONE',  ( 1.000000000000000000, 0.000000000000000000, 0.000000000000000000 ) ) ;
#1861 = EDGE_CURVE ( 'NONE', #1479, #628, #2114, .T. ) ;
#1862 = VECTOR ( 'NONE', #2274, 1000.000000000000114 ) ;
#1863 = B_SPLINE_CURVE_WITH_KNOTS ( 'NONE', 3,
 ( #1938, #558, #131, #2142 ),
 .UNSPECIFIED., .F., .F.,
 ( 4, 4 ),
 ( 1.226634733346699349E-18, 0.0003736505989818335359 ),
 .UNSPECIFIED. ) ;
#1864 = DIRECTION ( 'NONE',  ( 1.000000000000000000, 0.000000000000000000, 0.000000000000000000 ) ) ;
#1865 = DIRECTION ( 'NONE',  ( 1.625326138736737898E-16, -1.000000000000000000, 0.000000000000000000 ) ) ;
#1866 = ADVANCED_FACE ( 'NONE', ( #1923 ), #641, .F. ) ;
#1867 = DIRECTION ( 'NONE',  ( 0.000000000000000000, 0.000000000000000000, 1.000000000000000000 ) ) ;
#1868 = DIRECTION ( 'NONE',  ( 1.000000000000000000, 2.312964634635742957E-16, 0.000000000000000000 ) ) ;
#1869 = CARTESIAN_POINT ( 'NONE',  ( 16.30000000000011440, 6.844026111806397612E-15, -5.000000000000000000 ) ) ;
#1870 = ORIENTED_EDGE ( 'NONE', *, *, #1378, .F. ) ;
#1871 = ORIENTED_EDGE ( 'NONE', *, *, #246, .F. ) ;
#1872 = VERTEX_POINT ( 'NONE', #46 ) ;
#1873 = ORIENTED_EDGE ( 'NONE', *, *, #1315, .T. ) ;
#1874 = VECTOR ( 'NONE', #1594, 1000.000000000000000 ) ;
#1875 = CARTESIAN_POINT ( 'NONE',  ( -14.99999999999999289, -10.00000000000000711, -4.999999999999996447 ) ) ;
#1876 = EDGE_CURVE ( 'NONE', #2156, #617, #1672, .T. ) ;
#1877 = ORIENTED_EDGE ( 'NONE', *, *, #2064, .F. ) ;
#1878 = CYLINDRICAL_SURFACE ( 'NONE', #864, 1.300000000000002487 ) ;
#1879 = DIRECTION ( 'NONE',  ( -1.261617073437680612E-15, 1.000000000000000000, -0.000000000000000000 ) ) ;
#1880 = VERTEX_POINT ( 'NONE', #1417 ) ;
#1881 = ADVANCED_FACE ( 'NONE', ( #604 ), #236, .F. ) ;
#1882 = DIRECTION ( 'NONE',  ( -0.000000000000000000, -0.000000000000000000, 1.000000000000000000 ) ) ;
#1883 = EDGE_LOOP ( 'NONE', ( #82, #86, #664, #1359 ) ) ;
#1884 = DIRECTION ( 'NONE',  ( 1.149279134340497511E-16, -0.7071067811865493491, 0.7071067811865456854 ) ) ;
#1885 = ORIENTED_EDGE ( 'NONE', *, *, #1012, .F. ) ;
#1886 = AXIS2_PLACEMENT_3D ( 'NONE', #1664, #1469, #1477 ) ;
#1887 = DIRECTION ( 'NONE',  ( -0.000000000000000000, -0.000000000000000000, 1.000000000000000000 ) ) ;
#1888 = CIRCLE ( 'NONE', #739, 1.299999999999997824 ) ;
#1889 = EDGE_CURVE ( 'NONE', #409, #932, #2058, .T. ) ;
#1890 = ADVANCED_FACE ( 'NONE', ( #850 ), #2020, .F. ) ;
#1891 = DIRECTION ( 'NONE',  ( 1.000000000000000000, 0.000000000000000000, 0.000000000000000000 ) ) ;
#1892 = CIRCLE ( 'NONE', #1124, 1.599999999999998535 ) ;
#1893 = CARTESIAN_POINT ( 'NONE',  ( 0.000000000000000000, 0.000000000000000000, 10.00000000000000000 ) ) ;
#1894 = DIRECTION ( 'NONE',  ( -4.198789025648066801E-16, 1.000000000000000000, -0.000000000000000000 ) ) ;
#1895 = AXIS2_PLACEMENT_3D ( 'NONE', #783, #2173, #963 ) ;
#1896 = ORIENTED_EDGE ( 'NONE', *, *, #468, .T. ) ;
#1897 = VERTEX_POINT ( 'NONE', #605 ) ;
#1898 = PRODUCT_DEFINITION_SHAPE ( 'NONE', 'NONE',  #188 ) ;
#1899 = SURFACE_SIDE_STYLE ('',( #99 ) ) ;
#1900 = VERTEX_POINT ( 'NONE', #2082 ) ;
#1901 = FACE_OUTER_BOUND ( 'NONE', #2376, .T. ) ;
#1902 =( GEOMETRIC_REPRESENTATION_CONTEXT ( 3 ) GLOBAL_UNCERTAINTY_ASSIGNED_CONTEXT ( ( #2515 ) ) GLOBAL_UNIT_ASSIGNED_CONTEXT ( ( #2600, #2433, #422 ) ) REPRESENTATION_CONTEXT ( 'NONE', 'WORKASPACE' ) );
#1903 = DIRECTION ( 'NONE',  ( -0.7071067811865405783, 0.000000000000000000, -0.7071067811865545671 ) ) ;
#1904 = LINE ( 'NONE', #293, #330 ) ;
#1905 = FACE_OUTER_BOUND ( 'NONE', #6, .T. ) ;
#1906 = EDGE_LOOP ( 'NONE', ( #745, #550, #2157, #184, #2195, #2266, #1437, #1849, #1341, #2120 ) ) ;
#1907 = LINE ( 'NONE', #2110, #1460 ) ;
#1908 = EDGE_CURVE ( 'NONE', #617, #2070, #2594, .T. ) ;
#1909 = ORIENTED_EDGE ( 'NONE', *, *, #32, .F. ) ;
#1910 = CARTESIAN_POINT ( 'NONE',  ( -13.74772708486750794, -5.999999999999989342, -4.650983458808060966 ) ) ;
#1911 = ORIENTED_EDGE ( 'NONE', *, *, #97, .T. ) ;
#1912 = DIRECTION ( 'NONE',  ( -0.7071067811865441310, 0.000000000000000000, 0.7071067811865507924 ) ) ;
#1913 = ORIENTED_EDGE ( 'NONE', *, *, #1657, .F. ) ;
#1914 = ORIENTED_EDGE ( 'NONE', *, *, #2517, .F. ) ;
#1915 = CARTESIAN_POINT ( 'NONE',  ( 20.41923881554250286, -6.000000000000000000, 8.580761184457511348 ) ) ;
#1916 = CIRCLE ( 'NONE', #11, 1.300000000000000711 ) ;
#1917 = VECTOR ( 'NONE', #1512, 1000.000000000000000 ) ;
#1918 = CARTESIAN_POINT ( 'NONE',  ( 18.00000000000000355, 4.136584743786614971E-15, 10.00000000000000000 ) ) ;
#1919 = DIRECTION ( 'NONE',  ( 1.000000000000000000, 1.261617073437680020E-15, 0.000000000000000000 ) ) ;
#1920 = DIRECTION ( 'NONE',  ( 0.000000000000000000, 0.000000000000000000, 1.000000000000000000 ) ) ;
#1921 = LINE ( 'NONE', #1478, #1259 ) ;
#1922 = DIRECTION ( 'NONE',  ( 0.7071067811865451302, 0.000000000000000000, 0.7071067811865500152 ) ) ;
#1923 = FACE_OUTER_BOUND ( 'NONE', #457, .T. ) ;
#1924 = EDGE_CURVE ( 'NONE', #2026, #1461, #101, .T. ) ;
#1925 = CARTESIAN_POINT ( 'NONE',  ( -17.99999999999998934, 0.000000000000000000, -10.00000000000000000 ) ) ;
#1926 = DIRECTION ( 'NONE',  ( 0.7071067811865500152, 0.000000000000000000, -0.7071067811865451302 ) ) ;
#1927 = CARTESIAN_POINT ( 'NONE',  ( -17.99999999999998934, 0.000000000000000000, 10.00000000000000000 ) ) ;
#1928 = CARTESIAN_POINT ( 'NONE',  ( -17.99999999999998934, 0.000000000000000000, 10.00000000000000000 ) ) ;
#1929 = ORIENTED_EDGE ( 'NONE', *, *, #746, .F. ) ;
#1930 = ORIENTED_EDGE ( 'NONE', *, *, #380, .T. ) ;
#1931 = CARTESIAN_POINT ( 'NONE',  ( -18.16666666666665719, -0.3333333333333351467, -9.833333333333330373 ) ) ;
#1932 = ORIENTED_EDGE ( 'NONE', *, *, #2275, .F. ) ;
#1933 = AXIS2_PLACEMENT_3D ( 'NONE', #1290, #658, #2060 ) ;
#1934 = ORIENTED_EDGE ( 'NONE', *, *, #44, .F. ) ;
#1935 = DIRECTION ( 'NONE',  ( -0.000000000000000000, -0.000000000000000000, -1.000000000000000000 ) ) ;
#1936 = ORIENTED_EDGE ( 'NONE', *, *, #1776, .F. ) ;
#1937 = VECTOR ( 'NONE', #2506, 1000.000000000000000 ) ;
#1938 = CARTESIAN_POINT ( 'NONE',  ( -13.74772708486751860, -5.999999999999998224, 5.349016541191995877 ) ) ;
#1939 = CARTESIAN_POINT ( 'NONE',  ( -16.97056274847714263, -5.999999999999993783, 0.000000000000000000 ) ) ;
#1940 = CARTESIAN_POINT ( 'NONE',  ( 10.00000000000000178, 0.000000000000000000, 10.00000000000000000 ) ) ;
#1941 = MECHANICAL_DESIGN_GEOMETRIC_PRESENTATION_REPRESENTATION (  '', ( #57 ), #1353 ) ;
#1942 = ORIENTED_EDGE ( 'NONE', *, *, #1252, .F. ) ;
#1943 = FACE_OUTER_BOUND ( 'NONE', #1808, .T. ) ;
#1944 = SHAPE_DEFINITION_REPRESENTATION ( #1898, #2095 ) ;
#1945 = DIRECTION ( 'NONE',  ( -1.149279134340487157E-16, 0.7071067811865429098, -0.7071067811865522357 ) ) ;
#1946 = CARTESIAN_POINT ( 'NONE',  ( 10.48808848170151720, 2.523774208780573506E-16, -9.499999999999996447 ) ) ;
#1947 = EDGE_CURVE ( 'NONE', #1596, #547, #263, .T. ) ;
#1948 = ORIENTED_EDGE ( 'NONE', *, *, #2406, .T. ) ;
#1949 = VERTEX_POINT ( 'NONE', #1056 ) ;
#1950 = DIRECTION ( 'NONE',  ( 0.000000000000000000, -1.000000000000000000, 0.000000000000000000 ) ) ;
#1951 = ORIENTED_EDGE ( 'NONE', *, *, #2257, .F. ) ;
#1952 = EDGE_CURVE ( 'NONE', #613, #1121, #128, .T. ) ;
#1953 = ORIENTED_EDGE ( 'NONE', *, *, #158, .F. ) ;
#1954 = CARTESIAN_POINT ( 'NONE',  ( 15.00000000000012079, -9.999999999999992895, -5.000000000000000000 ) ) ;
#1955 = AXIS2_PLACEMENT_3D ( 'NONE', #393, #1766, #1180 ) ;
#1956 = FACE_OUTER_BOUND ( 'NONE', #103, .T. ) ;
#1957 = CIRCLE ( 'NONE', #9, 1.300000000000000711 ) ;
#1958 = CARTESIAN_POINT ( 'NONE',  ( -14.99999999999999645, -6.298183538472098179E-15, -4.999999999999996447 ) ) ;
#1959 = CYLINDRICAL_SURFACE ( 'NONE', #1824, 1.299999999999999156 ) ;
#1960 = PLANE ( 'NONE',  #1599 ) ;
#1961 = EDGE_CURVE ( 'NONE', #1482, #2500, #572, .T. ) ;
#1962 = DIRECTION ( 'NONE',  ( 1.635512977795602532E-16, -0.7071067811865490160, 0.7071067811865460184 ) ) ;
#1963 = EDGE_CURVE ( 'NONE', #409, #1897, #2184, .T. ) ;
#1964 = CARTESIAN_POINT ( 'NONE',  ( -15.91923881554250997, -6.684152523537062082E-15, -5.919238815542502863 ) ) ;
#1965 = CARTESIAN_POINT ( 'NONE',  ( 13.74772708486750972, -5.999999999999995559, -9.499999999999992895 ) ) ;
#1966 = CARTESIAN_POINT ( 'NONE',  ( -13.71904312910495349, -6.065723199256360942, 4.753901620731339150 ) ) ;
#1967 = ORIENTED_EDGE ( 'NONE', *, *, #176, .F. ) ;
#1968 = PLANE ( 'NONE',  #454 ) ;
#1969 = CARTESIAN_POINT ( 'NONE',  ( -14.99999999999999289, -10.00000000000000711, -4.999999999999996447 ) ) ;
#1970 = VERTEX_POINT ( 'NONE', #2473 ) ;
#1971 = LINE ( 'NONE', #979, #1360 ) ;
#1972 = DIRECTION ( 'NONE',  ( -1.000000000000000000, -1.261617073437680020E-15, 0.000000000000000000 ) ) ;
#1973 = FACE_OUTER_BOUND ( 'NONE', #828, .T. ) ;
#1974 = CARTESIAN_POINT ( 'NONE',  ( -7.499999999999992895, -25.00000000000000711, 5.000000000000000000 ) ) ;
#1975 = LINE ( 'NONE', #1702, #1711 ) ;
#1976 = ORIENTED_EDGE ( 'NONE', *, *, #1601, .F. ) ;
#1977 = CARTESIAN_POINT ( 'NONE',  ( 6.999999999999950262, -26.13137084989845249, 3.868629150101499103 ) ) ;
#1978 = CARTESIAN_POINT ( 'NONE',  ( -13.69999999999997264, -6.108191221630206336, 4.999999999999952038 ) ) ;
#1979 = ORIENTED_EDGE ( 'NONE', *, *, #92, .F. ) ;
#1980 = DIRECTION ( 'NONE',  ( 1.000000000000000000, 3.939108803222883483E-16, -0.000000000000000000 ) ) ;
#1981 = PLANE ( 'NONE',  #787 ) ;
#1982 = EDGE_CURVE ( 'NONE', #1626, #254, #196, .T. ) ;
#1983 = ORIENTED_EDGE ( 'NONE', *, *, #2168, .F. ) ;
#1984 = ORIENTED_EDGE ( 'NONE', *, *, #468, .F. ) ;
#1985 = ORIENTED_EDGE ( 'NONE', *, *, #2355, .F. ) ;
#1986 = EDGE_CURVE ( 'NONE', #270, #2565, #1609, .T. ) ;
#1987 = FACE_OUTER_BOUND ( 'NONE', #27, .T. ) ;
#1988 = CARTESIAN_POINT ( 'NONE',  ( -13.74772708486751860, -6.000000000000001776, 4.650983458808011228 ) ) ;
#1989 = LINE ( 'NONE', #2403, #1796 ) ;
#1990 = CARTESIAN_POINT ( 'NONE',  ( -10.01491134272073857, -0.3236804971025539213, 9.519943083199009948 ) ) ;
#1991 = CONICAL_SURFACE ( 'NONE', #684, 1.300000000000000711, 0.7853981633974506105 ) ;
#1992 = CARTESIAN_POINT ( 'NONE',  ( -7.499999999999993783, -16.36306817195357155, 10.00000000000000000 ) ) ;
#1993 = DIRECTION ( 'NONE',  ( -0.7071067811865405783, -2.968992192807375265E-16, 0.7071067811865545671 ) ) ;
#1994 = VECTOR ( 'NONE', #1015, 1000.000000000000000 ) ;
#1995 = AXIS2_PLACEMENT_3D ( 'NONE', #1330, #1532, #331 ) ;
#1996 = CARTESIAN_POINT ( 'NONE',  ( -14.99999999999999467, -6.000000000000001776, -4.999999999999996447 ) ) ;
#1997 = DIRECTION ( 'NONE',  ( -0.000000000000000000, 0.000000000000000000, -1.000000000000000000 ) ) ;
#1998 = ORIENTED_EDGE ( 'NONE', *, *, #207, .F. ) ;
#1999 = VERTEX_POINT ( 'NONE', #481 ) ;
#2000 =( NAMED_UNIT ( * ) SI_UNIT ( $, .STERADIAN. ) SOLID_ANGLE_UNIT ( ) );
#2001 = ORIENTED_EDGE ( 'NONE', *, *, #1889, .T. ) ;
#2002 = ORIENTED_EDGE ( 'NONE', *, *, #1059, .F. ) ;
#2003 = ADVANCED_FACE ( 'NONE', ( #1321 ), #1571, .F. ) ;
#2004 = CARTESIAN_POINT ( 'NONE',  ( -14.99999999999993250, -54.00000000000002842, 5.000000000000003553 ) ) ;
#2005 = EDGE_LOOP ( 'NONE', ( #1967, #2127, #936, #1251 ) ) ;
#2006 = VECTOR ( 'NONE', #1771, 1000.000000000000000 ) ;
#2007 = PLANE ( 'NONE',  #129 ) ;
#2008 = ORIENTED_EDGE ( 'NONE', *, *, #2289, .F. ) ;
#2009 = LINE ( 'NONE', #1475, #1147 ) ;
#2010 = SURFACE_SIDE_STYLE ('',( #2573 ) ) ;
#2011 = AXIS2_PLACEMENT_3D ( 'NONE', #438, #1440, #1610 ) ;
#2012 = EDGE_LOOP ( 'NONE', ( #2426, #60, #2001, #971 ) ) ;
#2013 = ORIENTED_EDGE ( 'NONE', *, *, #176, .T. ) ;
#2014 = EDGE_CURVE ( 'NONE', #375, #1549, #1072, .T. ) ;
#2015 = CARTESIAN_POINT ( 'NONE',  ( 13.71924977364003162, -6.065249717144382657, -5.246839820787656983 ) ) ;
#2016 = EDGE_LOOP ( 'NONE', ( #1141, #281, #1267, #1222 ) ) ;
#2017 = ORIENTED_EDGE ( 'NONE', *, *, #2391, .F. ) ;
#2018 = CARTESIAN_POINT ( 'NONE',  ( 13.74772708486750972, -5.999999999999995559, -3.000000000000019984 ) ) ;
#2019 = ORIENTED_EDGE ( 'NONE', *, *, #2222, .T. ) ;
#2020 = PLANE ( 'NONE',  #291 ) ;
#2021 = EDGE_CURVE ( 'NONE', #856, #2585, #2525, .T. ) ;
#2022 = CYLINDRICAL_SURFACE ( 'NONE', #679, 1.300000000000000711 ) ;
#2023 = DIRECTION ( 'NONE',  ( -1.000000000000000000, 0.000000000000000000, 0.000000000000000000 ) ) ;
#2024 = DIRECTION ( 'NONE',  ( 1.000000000000000000, 0.000000000000000000, 0.000000000000000000 ) ) ;
#2025 = PLANE ( 'NONE',  #1410 ) ;
#2026 = VERTEX_POINT ( 'NONE', #1869 ) ;
#2027 = EDGE_CURVE ( 'NONE', #375, #2389, #1160, .T. ) ;
#2028 = DIRECTION ( 'NONE',  ( 0.000000000000000000, 0.000000000000000000, 1.000000000000000000 ) ) ;
#2029 = DIRECTION ( 'NONE',  ( -0.7071067811865455743, 1.284489808968091176E-15, 0.7071067811865495711 ) ) ;
#2030 = ORIENTED_EDGE ( 'NONE', *, *, #897, .T. ) ;
#2031 = EDGE_LOOP ( 'NONE', ( #832, #2172, #2243, #1742, #2228, #632, #1676, #1338, #991, #1216, #512, #560 ) ) ;
#2032 = EDGE_CURVE ( 'NONE', #1049, #1949, #571, .T. ) ;
#2033 = EDGE_LOOP ( 'NONE', ( #2230, #1870, #1652, #590 ) ) ;
#2034 = VECTOR ( 'NONE', #1922, 1000.000000000000114 ) ;
#2035 = CARTESIAN_POINT ( 'NONE',  ( -16.16666666666666430, -3.666666666666653640, -11.83333333333333925 ) ) ;
#2036 = EDGE_LOOP ( 'NONE', ( #760, #2076, #29, #1191 ) ) ;
#2037 = VECTOR ( 'NONE', #1125, 1000.000000000000000 ) ;
#2038 = DIRECTION ( 'NONE',  ( -1.000000000000000000, 0.000000000000000000, 0.000000000000000000 ) ) ;
#2039 = AXIS2_PLACEMENT_3D ( 'NONE', #2352, #1143, #2560 ) ;
#2040 = ORIENTED_EDGE ( 'NONE', *, *, #14, .T. ) ;
#2041 = CARTESIAN_POINT ( 'NONE',  ( -18.99999999999999645, 0.000000000000000000, -8.999999999999985789 ) ) ;
#2042 = VERTEX_POINT ( 'NONE', #2466 ) ;
#2043 = DIRECTION ( 'NONE',  ( -1.261617073437680612E-15, 1.000000000000000000, -0.000000000000000000 ) ) ;
#2044 = AXIS2_PLACEMENT_3D ( 'NONE', #629, #1822, #1221 ) ;
#2045 = ORIENTED_EDGE ( 'NONE', *, *, #2569, .F. ) ;
#2046 = VERTEX_POINT ( 'NONE', #1066 ) ;
#2047 = CARTESIAN_POINT ( 'NONE',  ( -14.99999999999999467, -6.000000000000001776, -4.999999999999996447 ) ) ;
#2048 = CIRCLE ( 'NONE', #258, 1.300000000000001599 ) ;
#2049 = CARTESIAN_POINT ( 'NONE',  ( 15.91923881554251707, 2.008398348582027924E-14, 4.080761184457491808 ) ) ;
#2050 = CARTESIAN_POINT ( 'NONE',  ( 6.999999999999950262, -25.00000000000000000, 2.737258300203035066 ) ) ;
#2051 = EDGE_CURVE ( 'NONE', #2531, #1613, #1640, .T. ) ;
#2052 = MANIFOLD_SOLID_BREP ( 'Ô²½Ç1', #1422 ) ;
#2053 = FACE_OUTER_BOUND ( 'NONE', #1725, .T. ) ;
#2054 = CARTESIAN_POINT ( 'NONE',  ( 10.37339320279597032, -0.3797065766405137155, -9.879706576640510107 ) ) ;
#2055 = CYLINDRICAL_SURFACE ( 'NONE', #2268, 0.5000000000000004441 ) ;
#2056 = ADVANCED_FACE ( 'NONE', ( #912 ), #383, .F. ) ;
#2057 = CARTESIAN_POINT ( 'NONE',  ( 18.00000000000000355, -5.999999999999995559, 10.00000000000000000 ) ) ;
#2058 = LINE ( 'NONE', #414, #728 ) ;
#2059 = CARTESIAN_POINT ( 'NONE',  ( -17.99999999999998934, -5.499999999999994671, -10.00000000000000000 ) ) ;
#2060 = DIRECTION ( 'NONE',  ( 1.000000000000000000, 0.000000000000000000, 0.000000000000000000 ) ) ;
#2061 = VERTEX_POINT ( 'NONE', #896 ) ;
#2062 = VERTEX_POINT ( 'NONE', #2310 ) ;
#2063 = EDGE_LOOP ( 'NONE', ( #1117, #253, #408, #795, #2390, #2582 ) ) ;
#2064 = EDGE_CURVE ( 'NONE', #1970, #144, #1448, .T. ) ;
#2065 = DIRECTION ( 'NONE',  ( 1.000000000000000000, 2.312964634635742957E-16, 0.000000000000000000 ) ) ;
#2066 = ORIENTED_EDGE ( 'NONE', *, *, #928, .F. ) ;
#2067 = ADVANCED_FACE ( 'NONE', ( #2465 ), #785, .F. ) ;
#2068 = ORIENTED_EDGE ( 'NONE', *, *, #1690, .T. ) ;
#2069 = FACE_OUTER_BOUND ( 'NONE', #463, .T. ) ;
#2070 = VERTEX_POINT ( 'NONE', #1097 ) ;
#2071 = CARTESIAN_POINT ( 'NONE',  ( 13.70000000000012186, -6.108191221629871492, -5.000000000000000000 ) ) ;
#2072 = AXIS2_PLACEMENT_3D ( 'NONE', #780, #384, #162 ) ;
#2073 = DIRECTION ( 'NONE',  ( -4.198789025648066801E-16, 1.000000000000000000, -0.000000000000000000 ) ) ;
#2074 = VERTEX_POINT ( 'NONE', #1910 ) ;
#2075 = DIRECTION ( 'NONE',  ( 0.000000000000000000, 0.000000000000000000, 1.000000000000000000 ) ) ;
#2076 = ORIENTED_EDGE ( 'NONE', *, *, #1382, .T. ) ;
#2077 = DIRECTION ( 'NONE',  ( 0.000000000000000000, 0.000000000000000000, 1.000000000000000000 ) ) ;
#2078 = EDGE_CURVE ( 'NONE', #1805, #2070, #640, .T. ) ;
#2079 = CIRCLE ( 'NONE', #1734, 1.300000000000002487 ) ;
#2080 = ADVANCED_FACE ( 'NONE', ( #2112 ), #2055, .T. ) ;
#2081 = FACE_OUTER_BOUND ( 'NONE', #716, .T. ) ;
#2082 = CARTESIAN_POINT ( 'NONE',  ( -6.999999999999985789, -26.13137084989848802, 3.868629150101530634 ) ) ;
#2083 = EDGE_CURVE ( 'NONE', #932, #718, #978, .T. ) ;
#2084 = VECTOR ( 'NONE', #875, 1000.000000000000114 ) ;
#2085 = AXIS2_PLACEMENT_3D ( 'NONE', #1175, #1188, #2605 ) ;
#2086 = CARTESIAN_POINT ( 'NONE',  ( -10.23452404373814240, -0.04941912586441427752, -9.549419125864407221 ) ) ;
#2087 = ORIENTED_EDGE ( 'NONE', *, *, #2078, .T. ) ;
#2088 = AXIS2_PLACEMENT_3D ( 'NONE', #413, #611, #2023 ) ;
#2089 = ADVANCED_FACE ( 'NONE', ( #161 ), #1991, .F. ) ;
#2090 = EDGE_CURVE ( 'NONE', #430, #1854, #193, .T. ) ;
#2091 = ORIENTED_EDGE ( 'NONE', *, *, #2552, .T. ) ;
#2092 = VERTEX_POINT ( 'NONE', #89 ) ;
#2093 = DIRECTION ( 'NONE',  ( 1.000000000000000000, 1.261617073437680020E-15, 0.000000000000000000 ) ) ;
#2094 = ORIENTED_EDGE ( 'NONE', *, *, #2129, .F. ) ;
#2095 = ADVANCED_BREP_SHAPE_REPRESENTATION ( '¹ìµÀ½ÂÁ´¶Ë', ( #2052, #2044 ), #724 ) ;
#2096 = VECTOR ( 'NONE', #109, 1000.000000000000000 ) ;
#2097 = PLANE ( 'NONE',  #1804 ) ;
#2098 = EDGE_CURVE ( 'NONE', #1121, #1479, #1921, .T. ) ;
#2099 = LINE ( 'NONE', #1504, #2261 ) ;
#2100 = COLOUR_RGB ( '',1.000000000000000000, 1.000000000000000000, 1.000000000000000000 ) ;
#2101 = DIRECTION ( 'NONE',  ( 1.000000000000000000, 0.000000000000000000, 0.000000000000000000 ) ) ;
#2102 = VERTEX_POINT ( 'NONE', #1918 ) ;
#2103 = ORIENTED_EDGE ( 'NONE', *, *, #2517, .T. ) ;
#2104 = EDGE_LOOP ( 'NONE', ( #1454, #661, #426, #2413, #121, #170 ) ) ;
#2105 = CARTESIAN_POINT ( 'NONE',  ( 15.00000000000006750, -53.99999999999998579, 3.161522368914967185 ) ) ;
#2106 = ADVANCED_FACE ( 'NONE', ( #702 ), #227, .T. ) ;
#2107 = CARTESIAN_POINT ( 'NONE',  ( 0.000000000000000000, 0.000000000000000000, -10.00000000000000000 ) ) ;
#2108 = ORIENTED_EDGE ( 'NONE', *, *, #416, .F. ) ;
#2109 = DIRECTION ( 'NONE',  ( 0.000000000000000000, 0.000000000000000000, 1.000000000000000000 ) ) ;
#2110 = CARTESIAN_POINT ( 'NONE',  ( -13.74772708486750972, -5.999999999999995559, -10.00000000000000000 ) ) ;
#2111 = EDGE_CURVE ( 'NONE', #718, #2042, #1379, .T. ) ;
#2112 = FACE_OUTER_BOUND ( 'NONE', #2543, .T. ) ;
#2113 = CARTESIAN_POINT ( 'NONE',  ( -10.48808848170151720, -0.5000000000000000000, 10.00000000000000000 ) ) ;
#2114 = LINE ( 'NONE', #826, #16 ) ;
#2115 = CARTESIAN_POINT ( 'NONE',  ( 13.69999999999998685, -6.108191221630176138, 5.000000000000051514 ) ) ;
#2116 = CARTESIAN_POINT ( 'NONE',  ( 15.00000000000011902, -5.999999999999990230, -5.000000000000000000 ) ) ;
#2117 = CARTESIAN_POINT ( 'NONE',  ( -14.08076118445747760, -10.00000000000000533, -5.919238815542501975 ) ) ;
#2118 = AXIS2_PLACEMENT_3D ( 'NONE', #574, #1554, #948 ) ;
#2119 = ORIENTED_EDGE ( 'NONE', *, *, #986, .F. ) ;
#2120 = ORIENTED_EDGE ( 'NONE', *, *, #1106, .T. ) ;
#2121 = CARTESIAN_POINT ( 'NONE',  ( 6.999999999999944045, -23.86862915010149067, 3.868629150101563052 ) ) ;
#2122 = CARTESIAN_POINT ( 'NONE',  ( 9.099494936611685958, -9.899494936611649365, 2.000000000000000000 ) ) ;
#2123 = ORIENTED_EDGE ( 'NONE', *, *, #1722, .F. ) ;
#2124 = VECTOR ( 'NONE', #1421, 1000.000000000000000 ) ;
#2125 = ORIENTED_EDGE ( 'NONE', *, *, #758, .T. ) ;
#2126 = CIRCLE ( 'NONE', #989, 1.300000000000002487 ) ;
#2127 = ORIENTED_EDGE ( 'NONE', *, *, #1139, .T. ) ;
#2128 = CIRCLE ( 'NONE', #47, 10.00000000000000178 ) ;
#2129 = EDGE_CURVE ( 'NONE', #1562, #2102, #1733, .T. ) ;
#2130 = EDGE_LOOP ( 'NONE', ( #1283, #1914, #1334, #2008 ) ) ;
#2131 = VERTEX_POINT ( 'NONE', #1698 ) ;
#2132 = DIRECTION ( 'NONE',  ( 1.000000000000000000, 0.000000000000000000, 0.000000000000000000 ) ) ;
#2133 = DIRECTION ( 'NONE',  ( -4.198789025648066801E-16, 1.000000000000000000, -0.000000000000000000 ) ) ;
#2134 = DIRECTION ( 'NONE',  ( -1.000000000000000000, 0.000000000000000000, 0.000000000000000000 ) ) ;
#2135 = VERTEX_POINT ( 'NONE', #326 ) ;
#2136 = VERTEX_POINT ( 'NONE', #2346 ) ;
#2137 = CARTESIAN_POINT ( 'NONE',  ( -7.499999999999992895, -22.98011476887513993, 0.01026628789157352228 ) ) ;
#2138 = CARTESIAN_POINT ( 'NONE',  ( 19.00000000000000355, -5.999999999999997335, 10.00000000000000000 ) ) ;
#2139 = ORIENTED_EDGE ( 'NONE', *, *, #1620, .F. ) ;
#2140 = CARTESIAN_POINT ( 'NONE',  ( 0.000000000000000000, 0.000000000000000000, 10.00000000000000000 ) ) ;
#2141 = AXIS2_PLACEMENT_3D ( 'NONE', #964, #2194, #1595 ) ;
#2142 = CARTESIAN_POINT ( 'NONE',  ( -13.69999999999997264, -6.108191221630206336, 4.999999999999952038 ) ) ;
#2143 = PLANE ( 'NONE',  #1612 ) ;
#2144 = EDGE_CURVE ( 'NONE', #53, #990, #848, .T. ) ;
#2145 = CIRCLE ( 'NONE', #501, 1.300000000000002487 ) ;
#2146 = CARTESIAN_POINT ( 'NONE',  ( 10.69949493661167494, -9.899494936611649365, 2.000000000000000000 ) ) ;
#2147 = VECTOR ( 'NONE', #883, 1000.000000000000000 ) ;
#2148 = EDGE_CURVE ( 'NONE', #1089, #67, #1318, .T. ) ;
#2149 = CARTESIAN_POINT ( 'NONE',  ( -11.19949493661168205, -9.899494936611649365, 2.000000000000000000 ) ) ;
#2150 = DIRECTION ( 'NONE',  ( -1.110969829862471189E-15, 0.7071067811865429098, -0.7071067811865522357 ) ) ;
#2151 = CARTESIAN_POINT ( 'NONE',  ( 16.16666666666667496, -3.666666666666640317, -11.83333333333333925 ) ) ;
#2152 = DIRECTION ( 'NONE',  ( -0.000000000000000000, -0.000000000000000000, -1.000000000000000000 ) ) ;
#2153 = CARTESIAN_POINT ( 'NONE',  ( 14.08076118445760549, -5.999999999999988454, -5.919238815542505527 ) ) ;
#2154 = ORIENTED_EDGE ( 'NONE', *, *, #814, .F. ) ;
#2155 = CARTESIAN_POINT ( 'NONE',  ( 0.000000000000000000, 0.000000000000000000, 0.000000000000000000 ) ) ;
#2156 = VERTEX_POINT ( 'NONE', #2576 ) ;
#2157 = ORIENTED_EDGE ( 'NONE', *, *, #2168, .T. ) ;
#2158 = DIRECTION ( 'NONE',  ( 0.000000000000000000, 0.000000000000000000, 1.000000000000000000 ) ) ;
#2159 = VERTEX_POINT ( 'NONE', #537 ) ;
#2160 = VECTOR ( 'NONE', #1729, 1000.000000000000000 ) ;
#2161 = DIRECTION ( 'NONE',  ( -0.000000000000000000, -0.000000000000000000, -1.000000000000000000 ) ) ;
#2162 = DIRECTION ( 'NONE',  ( 0.000000000000000000, 1.000000000000000000, 0.000000000000000000 ) ) ;
#2163 = ORIENTED_EDGE ( 'NONE', *, *, #2424, .T. ) ;
#2164 = FACE_OUTER_BOUND ( 'NONE', #1457, .T. ) ;
#2165 = LINE ( 'NONE', #1731, #34 ) ;
#2166 = DIRECTION ( 'NONE',  ( -1.000000000000000000, -0.000000000000000000, -0.000000000000000000 ) ) ;
#2167 = CARTESIAN_POINT ( 'NONE',  ( 10.35649042572624623, 2.995400008066902287E-16, -9.499999999999991118 ) ) ;
#2168 = EDGE_CURVE ( 'NONE', #2237, #2566, #317, .T. ) ;
#2169 = VERTEX_POINT ( 'NONE', #947 ) ;
#2170 = ORIENTED_EDGE ( 'NONE', *, *, #1830, .F. ) ;
#2171 = AXIS2_PLACEMENT_3D ( 'NONE', #185, #2418, #10 ) ;
#2172 = ORIENTED_EDGE ( 'NONE', *, *, #2574, .T. ) ;
#2173 = DIRECTION ( 'NONE',  ( -1.261617073437680612E-15, 1.000000000000000000, -0.000000000000000000 ) ) ;
#2174 = ORIENTED_EDGE ( 'NONE', *, *, #1568, .T. ) ;
#2175 = CARTESIAN_POINT ( 'NONE',  ( 18.00000000000000355, -5.999999999999995559, -9.499999999999992895 ) ) ;
#2176 = AXIS2_PLACEMENT_3D ( 'NONE', #1523, #1060, #136 ) ;
#2177 = LINE ( 'NONE', #1801, #1195 ) ;
#2178 = DIRECTION ( 'NONE',  ( 0.7071067811865451302, -1.284489808968090387E-15, 0.7071067811865500152 ) ) ;
#2179 = DIRECTION ( 'NONE',  ( -1.261617073437680612E-15, 1.000000000000000000, -0.000000000000000000 ) ) ;
#2180 = CARTESIAN_POINT ( 'NONE',  ( 13.74772708486750972, -5.999999999999995559, -10.00000000000000000 ) ) ;
#2181 = PRESENTATION_STYLE_ASSIGNMENT (( #904 ) ) ;
#2182 = PLANE ( 'NONE',  #819 ) ;
#2183 = CARTESIAN_POINT ( 'NONE',  ( 6.999999999999944045, -23.86862915010149067, 3.868629150101563052 ) ) ;
#2184 = CIRCLE ( 'NONE', #2343, 0.7999999999999951594 ) ;
#2185 = CARTESIAN_POINT ( 'NONE',  ( -7.499999999999992895, -22.98011476887513993, 0.01026628789157352228 ) ) ;
#2186 = EDGE_CURVE ( 'NONE', #1497, #666, #1863, .T. ) ;
#2187 = CARTESIAN_POINT ( 'NONE',  ( 17.99999999999999645, -5.999999999999995559, -10.00000000000000533 ) ) ;
#2188 = CARTESIAN_POINT ( 'NONE',  ( 13.74772708486750972, -5.999999999999987566, -4.650983458808514825 ) ) ;
#2189 = DIRECTION ( 'NONE',  ( 1.000000000000000000, 0.000000000000000000, 0.000000000000000000 ) ) ;
#2190 = DIRECTION ( 'NONE',  ( -1.000000000000000000, 0.000000000000000000, 0.000000000000000000 ) ) ;
#2191 = ORIENTED_EDGE ( 'NONE', *, *, #1050, .T. ) ;
#2192 = ORIENTED_EDGE ( 'NONE', *, *, #1840, .T. ) ;
#2193 = DIRECTION ( 'NONE',  ( 0.000000000000000000, 0.000000000000000000, 1.000000000000000000 ) ) ;
#2194 = DIRECTION ( 'NONE',  ( 0.000000000000000000, 1.000000000000000000, 0.000000000000000000 ) ) ;
#2195 = ORIENTED_EDGE ( 'NONE', *, *, #1606, .T. ) ;
#2196 = LINE ( 'NONE', #1033, #2124 ) ;
#2197 = EDGE_LOOP ( 'NONE', ( #2606, #496, #1339, #500 ) ) ;
#2198 = CIRCLE ( 'NONE', #1708, 1.300000000000001599 ) ;
#2199 = CYLINDRICAL_SURFACE ( 'NONE', #2451, 15.00000000000000000 ) ;
#2200 = ORIENTED_EDGE ( 'NONE', *, *, #928, .T. ) ;
#2201 = CARTESIAN_POINT ( 'NONE',  ( -17.99999999999998934, 0.000000000000000000, -10.00000000000000000 ) ) ;
#2202 = DIRECTION ( 'NONE',  ( -0.000000000000000000, -0.000000000000000000, -1.000000000000000000 ) ) ;
#2203 = CARTESIAN_POINT ( 'NONE',  ( -16.97056274847714263, -5.999999999999993783, 0.000000000000000000 ) ) ;
#2204 = VECTOR ( 'NONE', #1185, 1000.000000000000114 ) ;
#2205 = CARTESIAN_POINT ( 'NONE',  ( -10.12578173105103296, -0.1499738545350788321, 9.626816387211956538 ) ) ;
#2206 = EDGE_CURVE ( 'NONE', #975, #2042, #1768, .T. ) ;
#2207 = ORIENTED_EDGE ( 'NONE', *, *, #1159, .T. ) ;
#2208 = PRODUCT_DEFINITION_CONTEXT ( 'detailed design', #1597, 'design' ) ;
#2209 = CARTESIAN_POINT ( 'NONE',  ( -7.499999999999992895, -25.00000000000000711, 5.000000000000000000 ) ) ;
#2210 = EDGE_LOOP ( 'NONE', ( #111, #2501, #2119, #732, #473, #1153 ) ) ;
#2211 = CARTESIAN_POINT ( 'NONE',  ( 0.000000000000000000, 0.000000000000000000, 0.000000000000000000 ) ) ;
#2212 = CARTESIAN_POINT ( 'NONE',  ( -14.99999999999993250, -54.00000000000002842, 5.000000000000003553 ) ) ;
#2213 = FACE_BOUND ( 'NONE', #2225, .T. ) ;
#2214 = CARTESIAN_POINT ( 'NONE',  ( 15.00000000000000000, 1.892425610156521076E-14, 5.000000000000000000 ) ) ;
#2215 = CARTESIAN_POINT ( 'NONE',  ( 14.08076118445748648, -5.999999999999998224, 4.080761184457493584 ) ) ;
#2216 = AXIS2_PLACEMENT_3D ( 'NONE', #64, #2490, #2494 ) ;
#2217 = LINE ( 'NONE', #1164, #1671 ) ;
#2218 = CONICAL_SURFACE ( 'NONE', #333, 0.7999999999999951594, 0.7853981633974616017 ) ;
#2219 = AXIS2_PLACEMENT_3D ( 'NONE', #1893, #699, #887 ) ;
#2220 = CARTESIAN_POINT ( 'NONE',  ( 13.70000000000012186, -6.108191221629870604, -5.123923237261922559 ) ) ;
#2221 = DIRECTION ( 'NONE',  ( 0.000000000000000000, 0.000000000000000000, 1.000000000000000000 ) ) ;
#2222 = EDGE_CURVE ( 'NONE', #932, #975, #260, .T. ) ;
#2223 = DIRECTION ( 'NONE',  ( 1.000000000000000000, 0.000000000000000000, 0.000000000000000000 ) ) ;
#2224 = DIRECTION ( 'NONE',  ( -1.000000000000000000, -1.571148600778846865E-15, 0.000000000000000000 ) ) ;
#2225 = EDGE_LOOP ( 'NONE', ( #874, #2068, #395 ) ) ;
#2226 = EDGE_CURVE ( 'NONE', #2364, #2092, #725, .T. ) ;
#2227 = B_SPLINE_CURVE_WITH_KNOTS ( 'NONE', 3,
 ( #1265, #72, #1464, #1673 ),
 .UNSPECIFIED., .F., .F.,
 ( 4, 4 ),
 ( 0.006738605585465991601, 0.007104713362570340418 ),
 .UNSPECIFIED. ) ;
#2228 = ORIENTED_EDGE ( 'NONE', *, *, #1642, .T. ) ;
#2229 = ORIENTED_EDGE ( 'NONE', *, *, #633, .F. ) ;
#2230 = ORIENTED_EDGE ( 'NONE', *, *, #497, .F. ) ;
#2231 = AXIS2_PLACEMENT_3D ( 'NONE', #319, #930, #1744 ) ;
#2232 = LINE ( 'NONE', #1115, #1426 ) ;
#2233 = CYLINDRICAL_SURFACE ( 'NONE', #25, 1.300000000000000711 ) ;
#2234 = LINE ( 'NONE', #417, #491 ) ;
#2235 = FILL_AREA_STYLE_COLOUR ( '', #2100 ) ;
#2236 = DIRECTION ( 'NONE',  ( 0.000000000000000000, 0.000000000000000000, 1.000000000000000000 ) ) ;
#2237 = VERTEX_POINT ( 'NONE', #1965 ) ;
#2238 = EDGE_CURVE ( 'NONE', #1547, #2531, #1859, .T. ) ;
#2239 = EDGE_LOOP ( 'NONE', ( #1492, #2013 ) ) ;
#2240 = DIRECTION ( 'NONE',  ( 1.000000000000000000, 3.939108803222883483E-16, -0.000000000000000000 ) ) ;
#2241 = ORIENTED_EDGE ( 'NONE', *, *, #2574, .F. ) ;
#2242 = EDGE_CURVE ( 'NONE', #150, #2136, #397, .T. ) ;
#2243 = ORIENTED_EDGE ( 'NONE', *, *, #703, .T. ) ;
#2244 = CARTESIAN_POINT ( 'NONE',  ( 10.48808848170151720, 2.523774208780573506E-16, 10.00000000000000000 ) ) ;
#2245 = LINE ( 'NONE', #798, #1411 ) ;
#2246 = CARTESIAN_POINT ( 'NONE',  ( 15.00000000000011724, 6.298183538472149455E-15, -5.000000000000000000 ) ) ;
#2247 = LINE ( 'NONE', #1738, #1157 ) ;
#2248 = ADVANCED_FACE ( 'NONE', ( #673 ), #1563, .F. ) ;
#2249 = CARTESIAN_POINT ( 'NONE',  ( 0.000000000000000000, 0.000000000000000000, 10.00000000000000000 ) ) ;
#2250 = DIRECTION ( 'NONE',  ( 1.816542908572705680E-15, 1.000000000000000000, -0.000000000000000000 ) ) ;
#2251 = DIRECTION ( 'NONE',  ( -4.198789025648066801E-16, 1.000000000000000000, -0.000000000000000000 ) ) ;
#2252 = EDGE_CURVE ( 'NONE', #437, #1872, #2217, .T. ) ;
#2253 = CARTESIAN_POINT ( 'NONE',  ( 13.69999999999999751, 1.728415390609622233E-14, 5.000000000000000000 ) ) ;
#2254 = ORIENTED_EDGE ( 'NONE', *, *, #14, .F. ) ;
#2255 = ORIENTED_EDGE ( 'NONE', *, *, #2021, .T. ) ;
#2256 = ADVANCED_FACE ( 'NONE', ( #350 ), #160, .F. ) ;
#2257 = EDGE_CURVE ( 'NONE', #2566, #155, #601, .T. ) ;
#2258 = EDGE_LOOP ( 'NONE', ( #80, #471, #217, #470 ) ) ;
#2259 = LINE ( 'NONE', #1716, #2160 ) ;
#2260 = DIRECTION ( 'NONE',  ( -1.000000000000000000, 0.000000000000000000, 0.000000000000000000 ) ) ;
#2261 = VECTOR ( 'NONE', #730, 1000.000000000000000 ) ;
#2262 = DIRECTION ( 'NONE',  ( 0.5773502691896190697, -2.339604601766666574E-15, 0.8164965809277308084 ) ) ;
#2263 = LINE ( 'NONE', #1284, #2384 ) ;
#2264 = CONICAL_SURFACE ( 'NONE', #715, 2.100000000000010747, 0.7853981633974530530 ) ;
#2265 = CARTESIAN_POINT ( 'NONE',  ( -14.99999999999999112, -10.00000000000000711, -6.838477631085033259 ) ) ;
#2266 = ORIENTED_EDGE ( 'NONE', *, *, #757, .T. ) ;
#2267 = ORIENTED_EDGE ( 'NONE', *, *, #600, .F. ) ;
#2268 = AXIS2_PLACEMENT_3D ( 'NONE', #2113, #1490, #1703 ) ;
#2269 = VERTEX_POINT ( 'NONE', #2188 ) ;
#2270 = CARTESIAN_POINT ( 'NONE',  ( 19.00000000000000355, -5.999999999999997335, 8.999999999999992895 ) ) ;
#2271 = ORIENTED_EDGE ( 'NONE', *, *, #2090, .T. ) ;
#2272 = CYLINDRICAL_SURFACE ( 'NONE', #519, 1.599999999999997202 ) ;
#2273 = DIRECTION ( 'NONE',  ( -1.000000000000000000, 0.000000000000000000, 0.000000000000000000 ) ) ;
#2274 = DIRECTION ( 'NONE',  ( -0.7071067811865449082, -0.5000000000000069944, 0.4999999999999966693 ) ) ;
#2275 = EDGE_CURVE ( 'NONE', #2046, #1049, #1892, .T. ) ;
#2276 = CIRCLE ( 'NONE', #1886, 1.800000000000016920 ) ;
#2277 = VECTOR ( 'NONE', #863, 1000.000000000000000 ) ;
#2278 = FACE_OUTER_BOUND ( 'NONE', #2130, .T. ) ;
#2279 = CARTESIAN_POINT ( 'NONE',  ( -17.99999999999998934, 0.000000000000000000, -9.499999999999996447 ) ) ;
#2280 = DIRECTION ( 'NONE',  ( 0.000000000000000000, 0.000000000000000000, -1.000000000000000000 ) ) ;
#2281 = AXIS2_PLACEMENT_3D ( 'NONE', #671, #1286, #2480 ) ;
#2282 = ADVANCED_FACE ( 'NONE', ( #126 ), #2367, .F. ) ;
#2283 = EDGE_CURVE ( 'NONE', #1613, #613, #820, .T. ) ;
#2284 = DIRECTION ( 'NONE',  ( -0.7071067811865422437, 0.000000000000000000, 0.7071067811865529018 ) ) ;
#2285 = ORIENTED_EDGE ( 'NONE', *, *, #2317, .F. ) ;
#2286 = CARTESIAN_POINT ( 'NONE',  ( 10.00971404517071583, -0.3415071876757201363, -9.515372670388977383 ) ) ;
#2287 = DIRECTION ( 'NONE',  ( -0.7071067811865409114, 1.284489808968082695E-15, -0.7071067811865541231 ) ) ;
#2288 = ORIENTED_EDGE ( 'NONE', *, *, #507, .F. ) ;
#2289 = EDGE_CURVE ( 'NONE', #402, #547, #1916, .T. ) ;
#2290 = CARTESIAN_POINT ( 'NONE',  ( 7.499999999999982236, -12.99038105676658361, 10.00000000000000000 ) ) ;
#2291 = ORIENTED_EDGE ( 'NONE', *, *, #2226, .F. ) ;
#2292 = CONICAL_SURFACE ( 'NONE', #2176, 0.7999999999999951594, 0.7853981633974616017 ) ;
#2293 = ORIENTED_EDGE ( 'NONE', *, *, #1924, .F. ) ;
#2294 = CIRCLE ( 'NONE', #1677, 14.99999999999998579 ) ;
#2295 = LINE ( 'NONE', #261, #657 ) ;
#2296 = ADVANCED_FACE ( 'NONE', ( #157 ), #808, .T. ) ;
#2297 = ORIENTED_EDGE ( 'NONE', *, *, #207, .T. ) ;
#2298 = ORIENTED_EDGE ( 'NONE', *, *, #1458, .T. ) ;
#2299 = DIRECTION ( 'NONE',  ( -1.571148600778846865E-15, 1.000000000000000000, -0.000000000000000000 ) ) ;
#2300 = VERTEX_POINT ( 'NONE', #197 ) ;
#2301 = EDGE_CURVE ( 'NONE', #526, #685, #1989, .T. ) ;
#2302 = VECTOR ( 'NONE', #608, 1000.000000000000000 ) ;
#2303 = LINE ( 'NONE', #844, #415 ) ;
#2304 = DIRECTION ( 'NONE',  ( -0.000000000000000000, -0.000000000000000000, 1.000000000000000000 ) ) ;
#2305 = AXIS2_PLACEMENT_3D ( 'NONE', #1073, #2485, #2093 ) ;
#2306 = ADVANCED_FACE ( 'NONE', ( #1644 ), #710, .T. ) ;
#2307 = VECTOR ( 'NONE', #2304, 1000.000000000000000 ) ;
#2308 = DIRECTION ( 'NONE',  ( -0.000000000000000000, -0.000000000000000000, 1.000000000000000000 ) ) ;
#2309 = AXIS2_PLACEMENT_3D ( 'NONE', #1467, #1083, #2470 ) ;
#2310 = CARTESIAN_POINT ( 'NONE',  ( -15.91923881554250642, -5.999999999999998224, 4.080761184457496249 ) ) ;
#2311 = ORIENTED_EDGE ( 'NONE', *, *, #1378, .T. ) ;
#2312 = VERTEX_POINT ( 'NONE', #2588 ) ;
#2313 = DIRECTION ( 'NONE',  ( -1.000000000000000000, 0.000000000000000000, 0.000000000000000000 ) ) ;
#2314 = ORIENTED_EDGE ( 'NONE', *, *, #416, .T. ) ;
#2315 = CIRCLE ( 'NONE', #2085, 2.100000000000011635 ) ;
#2316 = DIRECTION ( 'NONE',  ( -0.7071067811865444641, 1.284489808968089204E-15, -0.7071067811865505703 ) ) ;
#2317 = EDGE_CURVE ( 'NONE', #1786, #1547, #1275, .T. ) ;
#2318 = VECTOR ( 'NONE', #2595, 1000.000000000000000 ) ;
#2319 = CIRCLE ( 'NONE', #1714, 0.7999999999999951594 ) ;
#2320 = CARTESIAN_POINT ( 'NONE',  ( 10.37929944193873943, -0.008800929667988640834, 9.879287280947977479 ) ) ;
#2321 = DIRECTION ( 'NONE',  ( -4.198789025648066801E-16, 1.000000000000000000, -0.000000000000000000 ) ) ;
#2322 = DIRECTION ( 'NONE',  ( 0.000000000000000000, -1.000000000000000000, 0.000000000000000000 ) ) ;
#2323 = LINE ( 'NONE', #1507, #1715 ) ;
#2324 = DIRECTION ( 'NONE',  ( 0.000000000000000000, 0.000000000000000000, 1.000000000000000000 ) ) ;
#2325 = EDGE_LOOP ( 'NONE', ( #149, #1627, #1051, #1913 ) ) ;
#2326 = ORIENTED_EDGE ( 'NONE', *, *, #492, .F. ) ;
#2327 = PLANE ( 'NONE',  #1995 ) ;
#2328 = ORIENTED_EDGE ( 'NONE', *, *, #1075, .F. ) ;
#2329 = AXIS2_PLACEMENT_3D ( 'NONE', #1605, #2432, #2437 ) ;
#2330 = CARTESIAN_POINT ( 'NONE',  ( 9.899494936611681339, -9.899494936611649365, 2.499999999999992006 ) ) ;
#2331 = ORIENTED_EDGE ( 'NONE', *, *, #1325, .T. ) ;
#2332 = EDGE_LOOP ( 'NONE', ( #1466, #2379, #2019, #1295 ) ) ;
#2333 = DIRECTION ( 'NONE',  ( 0.000000000000000000, 1.000000000000000000, 0.000000000000000000 ) ) ;
#2334 = DIRECTION ( 'NONE',  ( -1.261617073437680612E-15, 1.000000000000000000, -0.000000000000000000 ) ) ;
#2335 = FACE_OUTER_BOUND ( 'NONE', #1186, .T. ) ;
#2336 = DIRECTION ( 'NONE',  ( -0.000000000000000000, -0.000000000000000000, -1.000000000000000000 ) ) ;
#2337 = EDGE_CURVE ( 'NONE', #1949, #1144, #804, .T. ) ;
#2338 = VECTOR ( 'NONE', #938, 1000.000000000000000 ) ;
#2339 = DIRECTION ( 'NONE',  ( -0.7071067811865451302, 0.000000000000000000, 0.7071067811865500152 ) ) ;
#2340 = VECTOR ( 'NONE', #1192, 1000.000000000000000 ) ;
#2341 = DIRECTION ( 'NONE',  ( -1.000000000000000000, 0.000000000000000000, 0.000000000000000000 ) ) ;
#2342 = DIRECTION ( 'NONE',  ( -4.198789025648066801E-16, 1.000000000000000000, -0.000000000000000000 ) ) ;
#2343 = AXIS2_PLACEMENT_3D ( 'NONE', #1456, #1472, #1288 ) ;
#2344 = VERTEX_POINT ( 'NONE', #167 ) ;
#2345 = ORIENTED_EDGE ( 'NONE', *, *, #360, .F. ) ;
#2346 = CARTESIAN_POINT ( 'NONE',  ( -10.14004279747716630, -0.1410233967334268146, -9.641023396733421791 ) ) ;
#2347 = CARTESIAN_POINT ( 'NONE',  ( -9.991933794775510691, -0.4074285141817561295, -9.499999999999994671 ) ) ;
#2348 = EDGE_LOOP ( 'NONE', ( #579, #202, #951, #1151 ) ) ;
#2349 = VERTEX_POINT ( 'NONE', #1616 ) ;
#2350 = PRODUCT_RELATED_PRODUCT_CATEGORY ( 'part', '', ( #1832 ) ) ;
#2351 = DIRECTION ( 'NONE',  ( 1.816542908572705680E-15, 1.000000000000000000, -0.000000000000000000 ) ) ;
#2352 = CARTESIAN_POINT ( 'NONE',  ( -14.99999999999993250, -54.00000000000002842, 5.000000000000003553 ) ) ;
#2353 = ORIENTED_EDGE ( 'NONE', *, *, #1825, .F. ) ;
#2354 = CIRCLE ( 'NONE', #1386, 1.599999999999998535 ) ;
#2355 = EDGE_CURVE ( 'NONE', #1999, #2026, #179, .T. ) ;
#2356 = CYLINDRICAL_SURFACE ( 'NONE', #1399, 1.300000000000000711 ) ;
#2357 = FACE_BOUND ( 'NONE', #1120, .T. ) ;
#2358 = EDGE_CURVE ( 'NONE', #1249, #53, #1179, .T. ) ;
#2359 = ORIENTED_EDGE ( 'NONE', *, *, #1762, .T. ) ;
#2360 = DIRECTION ( 'NONE',  ( -0.7071067811865510144, -0.5000000000000014433, -0.4999999999999937272 ) ) ;
#2361 = PLANE ( 'NONE',  #1520 ) ;
#2362 = ORIENTED_EDGE ( 'NONE', *, *, #2032, .F. ) ;
#2363 = CARTESIAN_POINT ( 'NONE',  ( -9.988655696858588229, -0.4761904761904762751, -9.499999999999996447 ) ) ;
#2364 = VERTEX_POINT ( 'NONE', #443 ) ;
#2365 = DIRECTION ( 'NONE',  ( 1.000000000000000000, 0.000000000000000000, 0.000000000000000000 ) ) ;
#2366 = AXIS2_PLACEMENT_3D ( 'NONE', #4, #995, #1772 ) ;
#2367 = CYLINDRICAL_SURFACE ( 'NONE', #1444, 15.00000000000000000 ) ;
#2368 = DIRECTION ( 'NONE',  ( -1.261617073437680612E-15, 1.000000000000000000, -0.000000000000000000 ) ) ;
#2369 = EDGE_CURVE ( 'NONE', #975, #1660, #1108, .T. ) ;
#2370 = LINE ( 'NONE', #1537, #754 ) ;
#2371 = EDGE_CURVE ( 'NONE', #2135, #1649, #768, .T. ) ;
#2372 = CARTESIAN_POINT ( 'NONE',  ( 10.48808848170152075, -0.5000000000000036637, -10.00000000000000000 ) ) ;
#2373 = CARTESIAN_POINT ( 'NONE',  ( -13.74772708486750972, -6.000000000000001776, -9.499999999999992895 ) ) ;
#2374 = DIRECTION ( 'NONE',  ( -0.000000000000000000, -0.000000000000000000, -1.000000000000000000 ) ) ;
#2375 = ORIENTED_EDGE ( 'NONE', *, *, #525, .F. ) ;
#2376 = EDGE_LOOP ( 'NONE', ( #2191, #999, #1356, #1531 ) ) ;
#2377 = CARTESIAN_POINT ( 'NONE',  ( -7.499999999999992895, -25.99999999999998934, 10.00000000000000000 ) ) ;
#2378 = CARTESIAN_POINT ( 'NONE',  ( 18.16666666666666785, -0.3333333333333323711, -9.833333333333332149 ) ) ;
#2379 = ORIENTED_EDGE ( 'NONE', *, *, #1032, .T. ) ;
#2380 = FACE_OUTER_BOUND ( 'NONE', #2604, .T. ) ;
#2381 = CARTESIAN_POINT ( 'NONE',  ( -17.99999999999998934, 0.000000000000000000, 10.00000000000000000 ) ) ;
#2382 = VERTEX_POINT ( 'NONE', #1223 ) ;
#2383 = LINE ( 'NONE', #890, #2037 ) ;
#2384 = VECTOR ( 'NONE', #93, 1000.000000000000000 ) ;
#2385 = CARTESIAN_POINT ( 'NONE',  ( 19.00000000000000355, -5.999999999999997335, 10.00000000000000000 ) ) ;
#2386 = EDGE_CURVE ( 'NONE', #2349, #2382, #209, .T. ) ;
#2387 = FACE_OUTER_BOUND ( 'NONE', #403, .T. ) ;
#2388 = CARTESIAN_POINT ( 'NONE',  ( 13.74772708486750794, -5.999999999999988454, 5.349016541191905283 ) ) ;
#2389 = VERTEX_POINT ( 'NONE', #2270 ) ;
#2390 = ORIENTED_EDGE ( 'NONE', *, *, #2317, .T. ) ;
#2391 = EDGE_CURVE ( 'NONE', #2561, #2585, #743, .T. ) ;
#2392 = DIRECTION ( 'NONE',  ( 0.000000000000000000, 0.000000000000000000, -1.000000000000000000 ) ) ;
#2393 = EDGE_LOOP ( 'NONE', ( #1388, #2536, #659, #283, #2045 ) ) ;
#2394 = CARTESIAN_POINT ( 'NONE',  ( -7.499999999999994671, -12.99038105676658361, 0.000000000000000000 ) ) ;
#2395 = CARTESIAN_POINT ( 'NONE',  ( 13.69999999999998685, -6.108191221630176138, 5.000000000000051514 ) ) ;
#2396 = ORIENTED_EDGE ( 'NONE', *, *, #1361, .F. ) ;
#2397 = VERTEX_POINT ( 'NONE', #649 ) ;
#2398 = FACE_OUTER_BOUND ( 'NONE', #286, .T. ) ;
#2399 = APPLICATION_PROTOCOL_DEFINITION ( 'draft international standard', 'automotive_design', 1998, #1597 ) ;
#2400 = DIRECTION ( 'NONE',  ( -0.000000000000000000, -0.000000000000000000, 1.000000000000000000 ) ) ;
#2401 = CYLINDRICAL_SURFACE ( 'NONE', #74, 1.300000000000000711 ) ;
#2402 = AXIS2_PLACEMENT_3D ( 'NONE', #1029, #1232, #1070 ) ;
#2403 = CARTESIAN_POINT ( 'NONE',  ( 8.580761184457502466, -5.999999999999978684, -0.4192388155422940299 ) ) ;
#2404 = DIRECTION ( 'NONE',  ( -1.261617073437680612E-15, 1.000000000000000000, -0.000000000000000000 ) ) ;
#2405 = VECTOR ( 'NONE', #2029, 1000.000000000000114 ) ;
#2406 = EDGE_CURVE ( 'NONE', #2159, #2444, #1036, .T. ) ;
#2407 = DIRECTION ( 'NONE',  ( 0.7071067811865475727, 0.000000000000000000, -0.7071067811865474617 ) ) ;
#2408 = CARTESIAN_POINT ( 'NONE',  ( 18.00000000000000355, -0.4999999999999997780, -10.00000000000000000 ) ) ;
#2409 = EDGE_LOOP ( 'NONE', ( #1299, #1170, #441, #1182, #1328 ) ) ;
#2410 = ORIENTED_EDGE ( 'NONE', *, *, #1861, .F. ) ;
#2411 = CARTESIAN_POINT ( 'NONE',  ( -14.08076118445748470, 0.000000000000000000, -5.919238815542501086 ) ) ;
#2412 = CARTESIAN_POINT ( 'NONE',  ( 15.00000000000011546, 6.298183538472148667E-15, -6.838477631085036812 ) ) ;
#2413 = ORIENTED_EDGE ( 'NONE', *, *, #1447, .F. ) ;
#2414 = ADVANCED_FACE ( 'NONE', ( #113 ), #2199, .F. ) ;
#2415 = DIRECTION ( 'NONE',  ( -1.000000000000000000, 0.000000000000000000, 0.000000000000000000 ) ) ;
#2416 = ORIENTED_EDGE ( 'NONE', *, *, #1447, .T. ) ;
#2417 = FACE_OUTER_BOUND ( 'NONE', #889, .T. ) ;
#2418 = DIRECTION ( 'NONE',  ( -3.656258904105415931E-16, 0.7071067811865475727, -0.7071067811865475727 ) ) ;
#2419 = AXIS2_PLACEMENT_3D ( 'NONE', #2265, #1505, #643 ) ;
#2420 = FACE_BOUND ( 'NONE', #2530, .T. ) ;
#2421 = DIRECTION ( 'NONE',  ( -0.000000000000000000, -0.000000000000000000, -1.000000000000000000 ) ) ;
#2422 = EDGE_LOOP ( 'NONE', ( #24, #2454, #1481, #737, #365 ) ) ;
#2423 = CARTESIAN_POINT ( 'NONE',  ( 15.00000000000006750, -53.99999999999998579, 5.000000000000000000 ) ) ;
#2424 = EDGE_CURVE ( 'NONE', #1649, #2092, #2263, .T. ) ;
#2425 = ORIENTED_EDGE ( 'NONE', *, *, #1498, .T. ) ;
#2426 = ORIENTED_EDGE ( 'NONE', *, *, #1139, .F. ) ;
#2427 = CARTESIAN_POINT ( 'NONE',  ( 15.00000000000011902, -5.999999999999990230, -5.000000000000000000 ) ) ;
#2428 = ORIENTED_EDGE ( 'NONE', *, *, #2608, .T. ) ;
#2429 = DIRECTION ( 'NONE',  ( -1.000000000000000000, 0.000000000000000000, 0.000000000000000000 ) ) ;
#2430 = ADVANCED_FACE ( 'NONE', ( #1753 ), #2097, .F. ) ;
#2431 = DIRECTION ( 'NONE',  ( 1.000000000000000000, 0.000000000000000000, 0.000000000000000000 ) ) ;
#2432 = DIRECTION ( 'NONE',  ( -1.000000000000000000, -0.000000000000000000, -0.000000000000000000 ) ) ;
#2433 =( NAMED_UNIT ( * ) PLANE_ANGLE_UNIT ( ) SI_UNIT ( $, .RADIAN. ) );
#2434 = VECTOR ( 'NONE', #914, 1000.000000000000000 ) ;
#2435 = CARTESIAN_POINT ( 'NONE',  ( 16.97056274847714263, -5.999999999999993783, 0.000000000000000000 ) ) ;
#2436 = EDGE_CURVE ( 'NONE', #2131, #1086, #554, .T. ) ;
#2437 = DIRECTION ( 'NONE',  ( 0.000000000000000000, 0.000000000000000000, -1.000000000000000000 ) ) ;
#2438 = ADVANCED_FACE ( 'NONE', ( #1905 ), #1364, .F. ) ;
#2439 = EDGE_CURVE ( 'NONE', #268, #1854, #1975, .T. ) ;
#2440 = ORIENTED_EDGE ( 'NONE', *, *, #614, .T. ) ;
#2441 = ORIENTED_EDGE ( 'NONE', *, *, #2502, .F. ) ;
#2442 = DIRECTION ( 'NONE',  ( -4.198789025648066801E-16, 1.000000000000000000, -0.000000000000000000 ) ) ;
#2443 = PLANE ( 'NONE',  #2011 ) ;
#2444 = VERTEX_POINT ( 'NONE', #1501 ) ;
#2445 = AXIS2_PLACEMENT_3D ( 'NONE', #153, #2161, #2189 ) ;
#2446 = CIRCLE ( 'NONE', #1304, 1.299999999999999156 ) ;
#2447 = DIRECTION ( 'NONE',  ( -1.261617073437680612E-15, 1.000000000000000000, -0.000000000000000000 ) ) ;
#2448 = ORIENTED_EDGE ( 'NONE', *, *, #97, .F. ) ;
#2449 = FACE_OUTER_BOUND ( 'NONE', #1513, .T. ) ;
#2450 = DIRECTION ( 'NONE',  ( -0.7071067811865405783, -2.968992192807375265E-16, -0.7071067811865545671 ) ) ;
#2451 = AXIS2_PLACEMENT_3D ( 'NONE', #1695, #858, #1062 ) ;
#2452 = LINE ( 'NONE', #677, #803 ) ;
#2453 = ORIENTED_EDGE ( 'NONE', *, *, #396, .T. ) ;
#2454 = ORIENTED_EDGE ( 'NONE', *, *, #2186, .F. ) ;
#2455 = DIRECTION ( 'NONE',  ( -0.7071067811865449082, -0.5000000000000045519, -0.4999999999999991118 ) ) ;
#2456 = CARTESIAN_POINT ( 'NONE',  ( 7.500000000000007105, -25.99999999999998579, 10.00000000000000000 ) ) ;
#2457 = EDGE_LOOP ( 'NONE', ( #1877, #96, #542, #1615, #681 ) ) ;
#2458 = DIRECTION ( 'NONE',  ( -2.785370546590545867E-16, 0.7071067811865523467, -0.7071067811865426878 ) ) ;
#2459 = EDGE_CURVE ( 'NONE', #556, #2026, #2295, .T. ) ;
#2460 = ORIENTED_EDGE ( 'NONE', *, *, #1111, .F. ) ;
#2461 = CARTESIAN_POINT ( 'NONE',  ( 13.41640786499872284, -5.499999999999978684, -10.00000000000000000 ) ) ;
#2462 = VECTOR ( 'NONE', #2262, 1000.000000000000114 ) ;
#2463 = CONICAL_SURFACE ( 'NONE', #2602, 1.300000000000000711, 0.7853981633974506105 ) ;
#2464 = CARTESIAN_POINT ( 'NONE',  ( -11.69949493661169804, -9.899494936611649365, 10.00000000000000000 ) ) ;
#2465 = FACE_OUTER_BOUND ( 'NONE', #969, .T. ) ;
#2466 = CARTESIAN_POINT ( 'NONE',  ( 8.599494936611680629, -9.899494936611649365, 9.499999999999985789 ) ) ;
#2467 = AXIS2_PLACEMENT_3D ( 'NONE', #2423, #2447, #440 ) ;
#2468 = ADVANCED_FACE ( 'NONE', ( #2449 ), #303, .F. ) ;
#2469 = LINE ( 'NONE', #1181, #2493 ) ;
#2470 = DIRECTION ( 'NONE',  ( 1.000000000000000000, 0.000000000000000000, 0.000000000000000000 ) ) ;
#2471 = CARTESIAN_POINT ( 'NONE',  ( 13.74772708486750794, -5.999999999999990230, 4.650983458808094717 ) ) ;
#2472 = EDGE_CURVE ( 'NONE', #613, #341, #279, .T. ) ;
#2473 = CARTESIAN_POINT ( 'NONE',  ( 10.48808848170151720, 2.523774208780567589E-16, 9.988088481701506538 ) ) ;
#2474 = ORIENTED_EDGE ( 'NONE', *, *, #711, .T. ) ;
#2475 = ORIENTED_EDGE ( 'NONE', *, *, #1418, .F. ) ;
#2476 = ORIENTED_EDGE ( 'NONE', *, *, #2472, .F. ) ;
#2477 = ORIENTED_EDGE ( 'NONE', *, *, #2242, .T. ) ;
#2478 = CIRCLE ( 'NONE', #234, 1.300000000000000711 ) ;
#2479 = ADVANCED_FACE ( 'NONE', ( #2357, #1215, #836 ), #2527, .F. ) ;
#2480 = DIRECTION ( 'NONE',  ( 1.000000000000000000, 0.000000000000000000, 0.000000000000000000 ) ) ;
#2481 = AXIS2_PLACEMENT_3D ( 'NONE', #23, #811, #42 ) ;
#2482 = ORIENTED_EDGE ( 'NONE', *, *, #1685, .F. ) ;
#2483 = ORIENTED_EDGE ( 'NONE', *, *, #1294, .T. ) ;
#2484 = EDGE_LOOP ( 'NONE', ( #2139, #2108, #647, #1953, #334, #1871 ) ) ;
#2485 = DIRECTION ( 'NONE',  ( -1.261617073437680809E-15, 1.000000000000000000, -0.000000000000000000 ) ) ;
#2486 = AXIS2_PLACEMENT_3D ( 'NONE', #712, #1935, #130 ) ;
#2487 = VERTEX_POINT ( 'NONE', #1521 ) ;
#2488 = CARTESIAN_POINT ( 'NONE',  ( 7.500000000000003553, -25.99999999999997513, 0.000000000000000000 ) ) ;
#2489 = EDGE_LOOP ( 'NONE', ( #1140, #706, #370, #2416 ) ) ;
#2490 = DIRECTION ( 'NONE',  ( -4.198789025648066801E-16, 1.000000000000000000, -0.000000000000000000 ) ) ;
#2491 = EDGE_CURVE ( 'NONE', #402, #2349, #1783, .T. ) ;
#2492 = ADVANCED_FACE ( 'NONE', ( #2508 ), #1844, .T. ) ;
#2493 = VECTOR ( 'NONE', #1385, 1000.000000000000000 ) ;
#2494 = DIRECTION ( 'NONE',  ( 1.000000000000000000, 4.198789025648072224E-16, 0.000000000000000000 ) ) ;
#2495 = AXIS2_PLACEMENT_3D ( 'NONE', #982, #2374, #1377 ) ;
#2496 = EDGE_CURVE ( 'NONE', #2061, #1660, #244, .T. ) ;
#2497 = DIRECTION ( 'NONE',  ( 0.000000000000000000, 0.000000000000000000, 1.000000000000000000 ) ) ;
#2498 = ADVANCED_FACE ( 'NONE', ( #1303 ), #2327, .T. ) ;
#2499 = CARTESIAN_POINT ( 'NONE',  ( -18.99999999999999645, -6.000000000000001776, 10.00000000000000000 ) ) ;
#2500 = VERTEX_POINT ( 'NONE', #1128 ) ;
#2501 = ORIENTED_EDGE ( 'NONE', *, *, #92, .T. ) ;
#2502 = EDGE_CURVE ( 'NONE', #1853, #609, #639, .T. ) ;
#2503 = CARTESIAN_POINT ( 'NONE',  ( 9.899494936611681339, -9.899494936611649365, 2.000000000000000000 ) ) ;
#2504 = ORIENTED_EDGE ( 'NONE', *, *, #740, .F. ) ;
#2505 = LINE ( 'NONE', #2373, #1874 ) ;
#2506 = DIRECTION ( 'NONE',  ( -0.000000000000000000, -0.000000000000000000, -1.000000000000000000 ) ) ;
#2507 = ORIENTED_EDGE ( 'NONE', *, *, #1012, .T. ) ;
#2508 = FACE_OUTER_BOUND ( 'NONE', #1528, .T. ) ;
#2509 = CARTESIAN_POINT ( 'NONE',  ( -13.52796204561673221, -5.666295154024107994, -9.833704845975887565 ) ) ;
#2510 = ORIENTED_EDGE ( 'NONE', *, *, #2371, .T. ) ;
#2511 = ORIENTED_EDGE ( 'NONE', *, *, #2051, .F. ) ;
#2512 = CARTESIAN_POINT ( 'NONE',  ( 9.899494936611681339, -9.899494936611649365, 9.499999999999985789 ) ) ;
#2513 = ADVANCED_FACE ( 'NONE', ( #962 ), #351, .F. ) ;
#2514 = VERTEX_POINT ( 'NONE', #1154 ) ;
#2515 = UNCERTAINTY_MEASURE_WITH_UNIT (LENGTH_MEASURE( 1.000000000000000082E-05 ), #2600, 'distance_accuracy_value', 'NONE');
#2516 = ORIENTED_EDGE ( 'NONE', *, *, #76, .F. ) ;
#2517 = EDGE_CURVE ( 'NONE', #1596, #48, #2319, .T. ) ;
#2518 = LINE ( 'NONE', #1085, #1728 ) ;
#2519 = VECTOR ( 'NONE', #1868, 1000.000000000000000 ) ;
#2520 = DIRECTION ( 'NONE',  ( -0.7071067811865444641, -8.920979878885080874E-16, -0.7071067811865505703 ) ) ;
#2521 = EDGE_CURVE ( 'NONE', #2062, #1372, #2165, .T. ) ;
#2522 = VECTOR ( 'NONE', #2339, 1000.000000000000114 ) ;
#2523 = PLANE ( 'NONE',  #287 ) ;
#2524 = CARTESIAN_POINT ( 'NONE',  ( 18.00000000000000355, -5.499999999999987566, -10.00000000000000000 ) ) ;
#2525 = LINE ( 'NONE', #1668, #2084 ) ;
#2526 = AXIS2_PLACEMENT_3D ( 'NONE', #143, #520, #922 ) ;
#2527 = PLANE ( 'NONE',  #1491 ) ;
#2528 = DIRECTION ( 'NONE',  ( 1.149279134340486910E-16, -0.7071067811865426878, -0.7071067811865523467 ) ) ;
#2529 = DIRECTION ( 'NONE',  ( -0.000000000000000000, -0.000000000000000000, 1.000000000000000000 ) ) ;
#2530 = EDGE_LOOP ( 'NONE', ( #900, #2440 ) ) ;
#2531 = VERTEX_POINT ( 'NONE', #2388 ) ;
#2532 = DIRECTION ( 'NONE',  ( -1.635512977795594890E-16, 0.7071067811865456854, 0.7071067811865493491 ) ) ;
#2533 = ORIENTED_EDGE ( 'NONE', *, *, #1961, .T. ) ;
#2534 = ORIENTED_EDGE ( 'NONE', *, *, #225, .T. ) ;
#2535 = DIRECTION ( 'NONE',  ( -0.000000000000000000, -0.000000000000000000, -1.000000000000000000 ) ) ;
#2536 = ORIENTED_EDGE ( 'NONE', *, *, #2358, .T. ) ;
#2537 = VECTOR ( 'NONE', #935, 1000.000000000000000 ) ;
#2538 = CARTESIAN_POINT ( 'NONE',  ( 8.599494936611680629, -9.899494936611649365, 2.000000000000000000 ) ) ;
#2539 = DIRECTION ( 'NONE',  ( 1.000000000000000000, 0.000000000000000000, 0.000000000000000000 ) ) ;
#2540 = LINE ( 'NONE', #2378, #742 ) ;
#2541 = CARTESIAN_POINT ( 'NONE',  ( 8.599494936611680629, -9.899494936611649365, 2.499999999999992006 ) ) ;
#2542 = CARTESIAN_POINT ( 'NONE',  ( 15.00000000000011902, -9.999999999999992895, -6.838477631085036812 ) ) ;
#2543 = EDGE_LOOP ( 'NONE', ( #498, #37, #1984, #1369, #2482 ) ) ;
#2544 = VERTEX_POINT ( 'NONE', #580 ) ;
#2545 = ORIENTED_EDGE ( 'NONE', *, *, #792, .F. ) ;
#2546 = ORIENTED_EDGE ( 'NONE', *, *, #492, .T. ) ;
#2547 = AXIS2_PLACEMENT_3D ( 'NONE', #1112, #1920, #1342 ) ;
#2548 = DIRECTION ( 'NONE',  ( -4.198789025648066801E-16, 1.000000000000000000, 0.000000000000000000 ) ) ;
#2549 = ORIENTED_EDGE ( 'NONE', *, *, #2459, .T. ) ;
#2550 = CARTESIAN_POINT ( 'NONE',  ( -15.91923881554250642, -10.00000000000000711, -5.919238815542502863 ) ) ;
#2551 = CARTESIAN_POINT ( 'NONE',  ( 0.000000000000000000, 0.000000000000000000, -10.00000000000000000 ) ) ;
#2552 = EDGE_CURVE ( 'NONE', #1721, #1649, #146, .T. ) ;
#2553 = CIRCLE ( 'NONE', #534, 1.299999999999997380 ) ;
#2554 = EDGE_CURVE ( 'NONE', #2169, #1451, #1430, .T. ) ;
#2555 = DIRECTION ( 'NONE',  ( 0.000000000000000000, 0.000000000000000000, 1.000000000000000000 ) ) ;
#2556 = VECTOR ( 'NONE', #1879, 1000.000000000000000 ) ;
#2557 = LINE ( 'NONE', #2185, #1474 ) ;
#2558 = CARTESIAN_POINT ( 'NONE',  ( -10.14004279747716630, -0.1410233967334268146, -9.641023396733421791 ) ) ;
#2559 = DIRECTION ( 'NONE',  ( -0.000000000000000000, -0.000000000000000000, 1.000000000000000000 ) ) ;
#2560 = DIRECTION ( 'NONE',  ( -1.000000000000000000, 0.000000000000000000, 0.000000000000000000 ) ) ;
#2561 = VERTEX_POINT ( 'NONE', #1992 ) ;
#2562 = CARTESIAN_POINT ( 'NONE',  ( 9.899494936611681339, -9.899494936611649365, 9.499999999999985789 ) ) ;
#2563 = CARTESIAN_POINT ( 'NONE',  ( -13.74772708486750972, -5.999999999999995559, -9.499999999999992895 ) ) ;
#2564 = DIRECTION ( 'NONE',  ( -0.7071067811865442421, 0.000000000000000000, 0.7071067811865507924 ) ) ;
#2565 = VERTEX_POINT ( 'NONE', #381 ) ;
#2566 = VERTEX_POINT ( 'NONE', #166 ) ;
#2567 = DIRECTION ( 'NONE',  ( 0.000000000000000000, 0.000000000000000000, 1.000000000000000000 ) ) ;
#2568 = FACE_OUTER_BOUND ( 'NONE', #2258, .T. ) ;
#2569 = EDGE_CURVE ( 'NONE', #391, #358, #1243, .T. ) ;
#2570 = CARTESIAN_POINT ( 'NONE',  ( -15.00000000000000000, -1.892425610156521076E-14, 5.000000000000003553 ) ) ;
#2571 = ORIENTED_EDGE ( 'NONE', *, *, #2337, .T. ) ;
#2572 = CIRCLE ( 'NONE', #1040, 18.00000000000000000 ) ;
#2573 = SURFACE_STYLE_FILL_AREA ( #1209 ) ;
#2574 = EDGE_CURVE ( 'NONE', #2300, #373, #1028, .T. ) ;
#2575 = VERTEX_POINT ( 'NONE', #1964 ) ;
#2576 = CARTESIAN_POINT ( 'NONE',  ( 7.500000000000003553, -26.48492424049179306, 3.515075759508222486 ) ) ;
#2577 = CARTESIAN_POINT ( 'NONE',  ( -15.91923881554251707, -2.008398348582028239E-14, 4.080761184457496249 ) ) ;
#2578 = ORIENTED_EDGE ( 'NONE', *, *, #2098, .T. ) ;
#2579 = CARTESIAN_POINT ( 'NONE',  ( 19.00000000000000355, 4.653657836759941941E-15, 10.00000000000000000 ) ) ;
#2580 = CARTESIAN_POINT ( 'NONE',  ( -46.50000000000003553, -26.13137084989850223, 3.868629150101530634 ) ) ;
#2581 = AXIS2_PLACEMENT_3D ( 'NONE', #2385, #561, #367 ) ;
#2582 = ORIENTED_EDGE ( 'NONE', *, *, #2238, .T. ) ;
#2583 = CARTESIAN_POINT ( 'NONE',  ( -13.74772708486750972, -5.999999999999995559, -9.499999999999992895 ) ) ;
#2584 = CARTESIAN_POINT ( 'NONE',  ( -9.988655696858588229, -0.4761904761904762751, 9.499999999999992895 ) ) ;
#2585 = VERTEX_POINT ( 'NONE', #2377 ) ;
#2586 = AXIS2_PLACEMENT_3D ( 'NONE', #2503, #2109, #2101 ) ;
#2587 = LINE ( 'NONE', #478, #442 ) ;
#2588 = CARTESIAN_POINT ( 'NONE',  ( 7.499999999999987566, -16.36306817195357866, 0.000000000000000000 ) ) ;
#2589 = DIRECTION ( 'NONE',  ( 1.000000000000000000, 5.170730929733268713E-16, 0.000000000000000000 ) ) ;
#2590 = CARTESIAN_POINT ( 'NONE',  ( -7.499999999999993783, -16.36306817195357155, 0.000000000000000000 ) ) ;
#2591 = CARTESIAN_POINT ( 'NONE',  ( 9.899494936611681339, -9.899494936611649365, 2.000000000000000000 ) ) ;
#2592 = EDGE_CURVE ( 'NONE', #2159, #713, #691, .T. ) ;
#2593 = DIRECTION ( 'NONE',  ( -1.110969829862471189E-15, 0.7071067811865429098, -0.7071067811865522357 ) ) ;
#2594 = LINE ( 'NONE', #852, #1862 ) ;
#2595 = DIRECTION ( 'NONE',  ( 1.625326138736737898E-16, -1.000000000000000000, 0.000000000000000000 ) ) ;
#2596 = CARTESIAN_POINT ( 'NONE',  ( -7.499999999999992895, -25.00000000000000711, 5.000000000000000000 ) ) ;
#2597 = ADVANCED_FACE ( 'NONE', ( #55 ), #1817, .T. ) ;
#2598 = ORIENTED_EDGE ( 'NONE', *, *, #475, .F. ) ;
#2599 = VERTEX_POINT ( 'NONE', #20 ) ;
#2600 =( LENGTH_UNIT ( ) NAMED_UNIT ( * ) SI_UNIT ( .MILLI., .METRE. ) );
#2601 = DIRECTION ( 'NONE',  ( -1.000000000000000000, -0.000000000000000000, -0.000000000000000000 ) ) ;
#2602 = AXIS2_PLACEMENT_3D ( 'NONE', #1138, #531, #2539 ) ;
#2603 = ORIENTED_EDGE ( 'NONE', *, *, #1476, .F. ) ;
#2604 = EDGE_LOOP ( 'NONE', ( #2345, #1514, #563, #1362, #1647 ) ) ;
#2605 = DIRECTION ( 'NONE',  ( 0.000000000000000000, 1.000000000000000000, 0.000000000000000000 ) ) ;
#2606 = ORIENTED_EDGE ( 'NONE', *, *, #356, .T. ) ;
#2607 = CIRCLE ( 'NONE', #642, 1.599999999999998090 ) ;
#2608 = EDGE_CURVE ( 'NONE', #373, #2514, #2234, .T. ) ;
#2609 = LINE ( 'NONE', #2244, #1366 ) ;
#2610 = B_SPLINE_CURVE_WITH_KNOTS ( 'NONE', 3,
 ( #1737, #336, #544, #1333 ),
 .UNSPECIFIED., .F., .F.,
 ( 4, 4 ),
 ( 0.000000000000000000, 0.0007808792643261057648 ),
 .UNSPECIFIED. ) ;
ENDSEC;
END-ISO-10303-21;
